f1,f2,f3,f4,f5,f6,f7,f8,f9,f10,label
-2.6561,13.7785,6.7863,2.5081,-12.5372,-11.3999,-13.9484,12.571,3.5489,3.5976,0
-3.2777,12.9438,5.9444,3.8773,-8.7729,-8.9232,-14.5163,10.5215,3.5303,7.7055,0
-4.4826,13.2429,5.3003,1.1654,-9.1007,-8.2858,-13.3655,12.4906,3.5759,5.2745,0
-3.2217,15.8285,6.9061,5.3067,-14.2491,-9.0873,-13.1269,10.5368,3.1711,3.2608,0
-4.0933,14.0571,9.1767,2.1823,-11.5322,-11.0728,-11.8844,11.4784,2.2388,7.0121,0
-3.6182,14.9744,5.9067,2.4683,-10.9076,-12.5154,-12.8133,11.3769,3.0411,5.8903,0
-5.8869,12.8905,6.4457,1.7563,-10.5614,-9.7141,-10.4282,11.2472,3.4198,6.1305,0
-6.642,13.4817,7.0502,6.6546,-10.608,-9.8678,-13.3096,9.2323,4.7477,7.3701,0
-2.5772,12.1573,9.064,0.857,-9.4392,-7.0345,-14.7433,10.1358,3.1829,5.487,0
-6.0898,13.6243,5.3664,3.6701,-11.6986,-7.9953,-14.4324,10.5022,4.2537,4.3959,0
-3.4226,15.4821,4.5486,3.2367,-9.9296,-9.1474,-15.1129,9.0046,3.8164,6.6877,0
-3.3881,14.0411,5.9398,3.3081,-9.8798,-11.3917,-10.4588,11.696,1.2465,7.227,0
-5.2258,14.7021,8.6977,1.7287,-8.8744,-9.701,-12.0244,13.8305,2.6654,5.1116,0
-5.0981,12.2977,6.8442,3.4715,-9.9044,-9.0794,-13.238,13.1656,2.6365,10.3224,0
-2.8253,12.2357,5.3535,3.6835,-10.6546,-9.2492,-12.5476,10.876,1.7633,3.9699,0
-4.4336,14.806,7.281,1.0911,-10.0597,-9.7422,-14.5833,11.2159,3.1208,4.5277,0
-3.2271,14.3626,8.5844,4.5405,-12.3859,-11.7269,-12.4849,11.756,3.806,12.0213,0
-2.9075,15.2248,8.3908,3.9368,-10.7923,-9.1817,-14.4167,10.6301,2.3054,6.365,0
-0.2918,10.7205,7.9892,0.5407,-11.0273,-8.6867,-13.1611,9.3687,1.9605,7.2616,0
-4.8593,13.8461,7.0282,1.9824,-7.1035,-9.3693,-16.2952,11.265,2.0408,7.5208,0
-4.9526,13.3493,7.7173,4.2584,-12.1199,-10.8219,-13.9699,10.0053,5.6816,6.8496,0
-5.6551,14.8982,10.1431,4.5085,-12.5985,-11.0465,-11.3571,9.9238,3.6992,7.4041,0
-5.1542,13.4321,2.0979,1.4232,-10.6983,-12.1918,-10.8089,8.8401,2.3734,6.4383,0
-1.6019,11.3676,8.7046,2.9751,-11.7917,-9.627,-12.9589,10.085,3.1382,5.6642,0
-3.5935,14.5146,9.3388,1.103,-7.1199,-13.2483,-13.4852,11.8678,3.4549,5.3081,0
-4.076,12.7819,6.0758,4.2342,-9.7839,-11.3595,-11.9081,11.4462,4.2527,7.1866,0
-5.0073,12.6812,8.0808,3.8753,-10.3508,-10.1442,-11.341,10.0979,3.8541,5.9389,0
-4.0903,15.1696,8.1979,4.18,-8.3612,-10.2887,-12.2346,10.5199,3.5197,6.047,0
-3.6183,14.4142,5.7325,6.0983,-11.8285,-12.1414,-11.5203,12.1728,3.9696,7.1847,0
-3.7822,12.1755,7.0735,1.944,-8.8568,-10.5408,-14.4957,10.5032,3.6528,5.3966,0
-4.9971,13.887,7.3273,2.1993,-11.026,-9.9721,-15.4296,8.8741,1.9558,5.922,0
-3.2974,15.7345,8.2463,2.7198,-10.348,-11.824,-13.2853,10.5523,3.5175,5.0013,0
-2.9848,15.8205,6.7967,3.5623,-9.2842,-10.922,-12.9214,11.0042,3.18,5.0827,0
-3.727,14.2684,9.1365,4.3987,-7.0897,-11.4712,-11.949,11.2603,6.3182,5.0297,0
-5.0234,12.6223,3.774,2.1711,-11.4581,-10.0946,-12.7449,13.7995,4.4591,5.3768,0
-5.1114,14.2593,4.9795,5.7069,-8.5503,-11.0239,-15.8272,13.0161,2.8616,8.0989,0
-6.1554,12.6224,6.9677,3.0302,-10.9945,-9.3859,-14.8589,10.7717,3.2139,7.0138,0
-2.6964,11.8345,4.6586,4.8763,-9.821,-11.4429,-10.9308,11.1588,4.8024,6.3435,0
-0.6727,16.1544,6.5864,4.4171,-9.3514,-8.2672,-14.7049,12.0144,4.6211,3.6041,0
-5.5387,10.4626,6.5557,4.0361,-8.0659,-10.209,-10.8146,8.9151,0.4784,6.1589,0
-3.1877,13.4724,3.8587,2.8261,-12.2761,-9.3157,-12.7076,9.5755,2.2626,4.6534,0
-3.8578,14.9541,5.4812,3.7158,-11.1148,-11.5095,-13.418,9.4324,2.203,4.4454,0
-0.8167,13.5743,5.9102,3.2807,-10.4879,-10.6516,-12.3362,12.1215,2.2377,5.3784,0
-4.1764,10.0685,4.687,5.0101,-7.852,-10.6937,-12.3927,11.4522,7.6518,7.9215,0
-3.9557,12.0881,4.5501,3.2649,-11.454,-12.4535,-14.2274,9.363,5.5642,7.5646,0
-3.7758,15.7413,7.0759,1.6678,-8.0348,-9.5118,-14.8134,10.6998,1.72,4.168,0
-2.3745,16.3856,4.862,3.8042,-11.2954,-11.0509,-14.1461,9.6893,3.1062,4.9958,0
-3.3581,13.4461,6.6014,1.5984,-11.1846,-9.1871,-12.5061,9.519,3.1824,7.3693,0
-6.2679,14.3365,5.9659,3.8157,-11.4643,-13.0275,-15.6988,11.0574,3.423,4.8857,0
-2.8059,11.0291,6.8607,1.1432,-11.2972,-10.2491,-14.5481,10.4085,4.5429,5.3768,0
-2.5103,11.8269,7.7545,5.1221,-14.0269,-11.5155,-12.3919,10.6807,3.5902,5.3362,0
-3.6339,13.2879,8.7115,3.3414,-9.813,-10.938,-13.9889,10.3364,3.6251,5.6107,0
-3.3291,16.6345,8.2665,2.4707,-8.5176,-10.9323,-16.3147,9.4732,0.2273,5.7149,0
-3.7362,16.0361,7.4502,2.6311,-9.0753,-13.6369,-12.9041,12.1416,0.8156,7.9578,0
-3.2561,12.8985,7.909,6.3658,-10.0466,-9.9478,-13.9465,9.7105,4.279,4.9581,0
-3.6564,12.8049,7.6783,3.4602,-8.7631,-11.0852,-13.6623,9.5171,2.367,6.8081,0
-2.6283,12.1382,8.2642,4.9932,-9.6993,-7.505,-14.4182,9.1183,0.3654,8.4862,0
-2.7822,13.4381,7.3798,1.2715,-6.6508,-10.1263,-13.0934,12.0739,3.755,6.578,0
-4.9495,14.2286,9.7829,4.9779,-7.9297,-11.087,-14.7419,10.7966,3.117,7.8835,0
-6.3025,15.8158,6.7228,2.3194,-11.8376,-12.8024,-12.0227,11.0953,1.0985,4.2996,0
-4.2675,16.025,6.5704,0.705,-10.6881,-10.7292,-17.3028,10.9038,2.687,7.2865,0
-0.9904,15.2113,6.5565,1.3,-6.4594,-10.2313,-13.2366,10.9491,3.3306,6.0256,0
-4.6243,12.7011,6.9107,2.1446,-11.3887,-10.1605,-13.64,13.2413,-0.943,7.8794,0
-1.8947,10.4113,6.4458,2.4026,-12.4307,-11.4869,-14.9234,13.6137,4.437,8.1495,0
-2.6813,11.8279,6.173,3.6938,-12.1526,-9.2507,-13.618,10.4231,4.0999,6.9086,0
-4.3052,15.2604,5.3382,3.8837,-9.4298,-10.7845,-12.7683,9.1086,4.4195,5.9648,0
-4.5479,15.0949,5.9033,0.8471,-12.6544,-9.4111,-15.1781,13.6175,-0.0894,8.7869,0
-3.4473,13.3764,6.1424,3.5585,-10.3759,-8.6652,-13.0862,11.2107,2.488,6.1568,0
-3.3021,10.9562,4.9375,4.0747,-10.0631,-10.5961,-13.2298,11.5067,2.2238,5.0747,0
-3.47,12.0539,7.5722,0.4059,-8.7757,-9.6113,-12.8734,12.4593,5.5317,7.7637,0
-6.5251,11.6021,6.0226,2.9989,-9.543,-11.4088,-12.9773,9.8522,2.1162,4.1322,0
-5.1486,11.4939,5.496,4.5402,-11.7435,-6.3716,-12.5175,11.2625,1.7459,7.2926,0
-4.6273,13.7044,10.7999,2.8157,-8.5955,-11.3749,-13.31,13.6415,2.093,8.9609,0
-2.7022,12.6777,7.9084,4.4186,-9.3867,-12.6755,-14.3482,10.614,2.9218,7.1732,0
-3.4972,11.5184,7.5301,3.8756,-9.4798,-8.699,-12.0066,11.6741,2.9282,3.7507,0
-3.1194,13.833,7.3672,1.0446,-11.941,-8.7404,-13.3168,12.0075,3.0759,6.2868,0
-2.3564,12.7474,7.104,2.2663,-10.9712,-10.7839,-12.9243,10.2672,4.9171,4.9003,0
-4.0441,12.8618,9.1303,3.2546,-8.7717,-12.5485,-12.8569,12.3197,3.1569,7.8404,0
-4.5397,15.6355,10.4082,2.4155,-10.9877,-8.1401,-10.8881,10.201,2.4032,5.8195,0
-5.7805,12.1435,5.4536,1.8081,-10.3715,-9.9688,-10.9317,9.4878,4.5099,5.9212,0
-3.838,14.5337,5.2757,3.5334,-10.0698,-9.5815,-12.8237,14.6682,2.0768,5.4457,0
-4.6985,12.6882,6.0037,4.7433,-8.1887,-11.1763,-14.506,11.6924,2.2051,7.1916,0
-3.4594,11.2478,9.2811,5.6536,-11.2386,-10.9017,-12.8287,11.487,4.0213,9.2575,0
-4.0292,12.324,4.8908,1.8634,-10.3691,-7.6283,-14.0339,11.321,3.0088,8.0248,0
0.0266,12.7251,6.2257,4.526,-9.2966,-7.5501,-12.3816,10.4463,3.9194,7.9052,0
-2.5331,14.2823,8.5598,4.7137,-8.2462,-9.3471,-13.5082,11.2054,4.8432,5.0168,0
-3.2108,12.9314,7.0029,4.8774,-10.0328,-10.2505,-15.2973,12.1047,4.0017,9.4871,0
-4.2255,13.8502,7.3339,5.3259,-10.4624,-9.9016,-12.3456,11.2652,2.3638,6.5333,0
-2.1533,11.9817,7.1593,1.9096,-8.5269,-12.6049,-14.0959,11.5511,5.3817,6.1436,0
-4.5966,16.3432,4.7878,-0.3385,-9.6594,-11.0732,-14.7893,12.0478,3.3992,5.3961,0
-5.6843,14.8301,7.9351,2.811,-7.5495,-11.9253,-15.5458,9.9474,2.9651,6.6072,0
-4.1257,14.0495,5.0825,5.1254,-10.4427,-8.6442,-12.7434,11.6704,3.8881,6.9137,0
-2.7997,15.5152,7.2546,4.0233,-10.454,-8.16,-14.2721,13.6867,2.9732,4.096,0
-3.5716,12.4999,8.2208,1.9808,-10.9887,-13.1545,-13.936,7.3495,0.6576,7.3828,0
-2.5851,14.1596,5.5094,2.8882,-10.3248,-12.0577,-11.0024,12.3013,2.702,6.2825,0
-3.4512,10.4588,6.5891,1.9368,-11.8219,-10.7418,-10.561,11.9465,2.1767,7.1011,0
-1.6648,14.9084,7.0493,1.9893,-9.2721,-9.7299,-11.9147,11.938,4.6078,5.4393,0
-1.7877,13.8178,10.0727,1.926,-7.7155,-10.0233,-14.2346,10.2595,2.5529,6.8784,0
-2.9795,12.6609,6.9233,6.1732,-7.7281,-9.6657,-13.2005,11.1653,3.9537,4.708,0
-4.1499,11.0186,7.5587,3.9305,-11.0442,-7.9592,-15.0961,8.7887,3.3701,7.8128,0
-1.2379,12.8331,8.5778,2.902,-10.5784,-8.9947,-12.279,8.6207,5.2483,8.3123,0
-4.7021,14.1151,7.7009,3.3508,-11.1449,-11.3276,-13.2958,12.7444,3.8489,5.6863,0
-2.6062,9.2486,8.683,0.3502,-10.8631,-11.9997,-15.1995,12.7265,2.3319,6.7619,0
-3.8342,14.237,7.0751,1.0353,-8.825,-11.0608,-15.5924,10.3431,5.2846,7.5175,0
-4.2868,12.9975,6.4774,6.0749,-9.7465,-9.6751,-11.7121,11.3435,2.6449,5.9477,0
-3.8712,13.4656,8.0513,3.0377,-9.2205,-10.4412,-13.1395,7.988,4.4079,6.7619,0
-2.2668,9.177,10.0924,2.7504,-8.6572,-11.88,-12.3383,9.4052,2.0978,9.1132,0
-4.0498,13.8476,8.2649,3.7033,-10.0938,-9.7727,-9.6524,10.8989,3.3351,7.8182,0
-2.1055,15.302,7.9179,1.2452,-7.8693,-12.0397,-12.8035,9.8539,2.9372,6.7353,0
-3.2818,14.1543,9.3804,3.6401,-10.6857,-8.874,-11.4733,9.1439,3.9296,7.2939,0
-4.2101,15.585,6.7347,3.1481,-10.579,-10.2968,-14.9019,8.8252,5.4252,4.9717,0
-5.2509,10.2913,6.0014,0.9751,-7.8564,-8.8054,-14.2897,14.3639,4.5061,5.7549,0
-7.5129,16.9578,4.8755,0.4917,-8.7856,-6.6605,-11.1811,11.8311,3.9256,7.5223,0
-2.6254,13.9432,7.1161,2.8659,-11.4504,-10.7412,-15.7969,10.8378,1.5506,4.5868,0
-3.494,15.6094,8.3373,0.604,-11.8039,-8.909,-14.7312,10.6483,3.8585,4.7897,0
-3.6057,11.5204,6.0578,3.4394,-12.7089,-9.6595,-13.2869,11.814,3.3693,8.2884,0
-3.576,12.8773,7.1433,3.7747,-10.2462,-10.2593,-14.3105,9.9909,0.9295,8.8665,0
-5.6296,12.4821,5.8822,4.3021,-10.7619,-8.4486,-14.2677,11.4038,1.7804,9.4599,0
-5.5452,13.9862,7.9105,3.5805,-10.5974,-10.5149,-13.1918,10.7648,4.4793,9.558,0
-4.6,11.4667,6.8274,6.8293,-11.525,-7.8615,-10.7409,10.1549,3.8869,8.6848,0
-4.3325,13.2161,6.0873,1.4376,-11.2934,-12.1561,-13.2064,9.8303,3.3841,3.9083,0
-3.2675,14.7717,3.9692,3.5208,-8.4779,-12.1346,-10.7486,11.6138,1.9759,6.1585,0
-2.9263,13.6354,7.768,1.5787,-10.0654,-12.4407,-13.4243,9.6294,1.9302,8.0963,0
-2.1268,14.4351,5.3213,2.4851,-8.4998,-10.1076,-9.7785,11.5753,3.3215,5.7785,0
-3.5635,13.2927,8.022,4.3948,-11.4984,-12.317,-16.0118,11.7473,1.3784,3.0128,0
-3.1809,17.2609,6.9507,4.2175,-10.1967,-10.4685,-11.8789,10.5499,3.4345,6.7247,0
-4.7659,15.0095,6.6974,1.8261,-9.5147,-11.6679,-13.2152,10.9716,4.6623,6.9542,0
-3.8013,14.7481,9.0451,3.7965,-10.3039,-12.2879,-14.8552,10.5274,2.1192,5.9617,0
-3.6788,14.316,6.8541,3.6895,-10.2227,-13.2834,-14.6665,10.7692,1.2189,7.1421,0
-1.4677,15.3496,6.6397,5.1958,-10.0964,-10.8258,-14.1776,10.5316,2.4512,6.4978,0
-3.5229,13.526,7.6152,4.7457,-8.8951,-12.5475,-17.0884,12.3868,0.9831,5.905,0
-5.519,10.8185,7.772,4.0985,-11.1842,-14.2067,-14.0769,11.573,0.8151,6.5172,0
-3.7868,14.3904,7.1392,1.5002,-8.5246,-10.558,-13.2984,9.5854,2.3685,4.915,0
-4.0232,16.089,4.902,0.5394,-8.1127,-10.6341,-14.2611,12.5451,2.125,8.9812,0
-2.7469,12.7896,10.1958,2.0512,-9.2063,-9.8712,-11.3049,13.3276,3.0815,5.1121,0
-3.0738,12.5049,9.9799,3.1646,-10.8674,-10.0431,-15.2782,9.5279,4.8341,5.2568,0
-5.3342,14.3264,8.7384,4.0382,-8.8254,-11.4554,-15.3902,13.2373,2.5494,5.8659,0
-1.7715,14.3558,7.6436,6.2073,-11.2847,-8.9284,-13.172,11.3882,5.3262,7.0039,0
-2.9564,15.1302,6.4124,1.7009,-11.8867,-13.2697,-10.1732,9.3305,2.7016,5.827,0
-3.3027,14.745,8.2505,2.0851,-10.5701,-9.8963,-13.6305,13.3963,3.7699,7.3445,0
-2.7695,15.2816,7.2314,1.0145,-9.7199,-11.2972,-14.0504,11.8648,4.8909,6.2741,0
-3.3005,16.0748,7.3209,6.8623,-9.4712,-12.9613,-12.1275,11.557,4.9681,7.2519,0
-3.9715,11.685,6.6463,1.684,-11.1902,-9.4373,-10.7526,11.5773,1.2396,6.9091,0
-1.9688,12.6068,6.7588,2.9818,-11.4968,-9.3477,-13.4389,11.6146,1.7022,5.586,0
-2.6802,12.9622,9.5503,2.3603,-9.9824,-8.9213,-15.385,8.3441,0.745,8.1361,0
-4.5916,17.3587,6.1134,3.2366,-8.0063,-7.311,-10.1652,12.7978,4.5695,7.131,0
-2.5963,12.6947,5.7325,2.9547,-10.5747,-11.0,-12.2129,12.4182,3.1661,8.4585,0
-5.4763,13.2309,5.8846,0.1599,-10.4435,-10.5028,-10.9873,11.9315,1.4972,9.0233,0
-1.9322,14.3946,6.6201,1.5206,-10.8778,-8.687,-10.4306,13.3001,2.3002,4.5628,0
-3.5525,10.8688,7.4446,2.7384,-11.0185,-12.7122,-12.4871,10.1862,1.2786,1.9338,0
-3.8051,16.1798,9.4517,2.2741,-11.2228,-9.617,-14.7551,11.438,4.1826,8.0826,0
-3.914,13.2159,5.6428,1.7194,-10.6592,-9.7691,-11.8871,9.7805,5.2725,5.8355,0
-3.7958,12.4006,3.3235,4.2858,-9.2142,-10.7422,-13.157,11.7592,0.6896,5.4486,0
-2.5724,11.64,7.4002,0.9249,-9.6198,-10.3736,-15.6802,12.7324,1.9316,5.0268,0
-3.4629,15.2444,5.4361,3.0523,-9.6762,-9.2805,-12.9928,10.4347,1.7921,6.3714,0
-5.372,9.1394,7.6147,4.3157,-13.8638,-11.8348,-12.3288,14.0715,3.0646,5.1502,0
-4.0381,15.5837,5.9909,1.761,-11.0436,-11.7502,-13.0735,13.4223,3.5181,5.8636,0
-4.2015,11.1766,8.2845,2.843,-10.5902,-5.5305,-12.8094,9.8576,2.3939,7.9648,0
-3.5939,11.364,8.3387,1.9575,-7.5095,-8.7001,-13.9285,12.9068,3.1352,7.5213,0
-3.0367,12.2519,5.9945,4.5047,-10.8216,-10.9256,-14.6902,11.6207,6.1272,4.6409,0
-3.7275,15.6398,6.8404,3.6383,-11.913,-9.6777,-13.5382,12.4639,4.8145,10.1265,0
-2.8943,14.0101,7.2514,2.43,-9.8117,-10.7633,-13.0048,12.9617,1.5236,7.952,0
-1.7881,13.3443,3.777,2.048,-8.3739,-10.3545,-14.7564,10.2281,4.2944,7.0623,0
-4.1222,12.9712,6.3722,1.5761,-7.8964,-10.8036,-11.4318,13.2673,4.5309,5.5947,0
-3.1582,13.4851,5.6043,3.4463,-12.088,-8.5386,-13.9544,11.287,3.4584,5.8538,0
-2.8838,12.8091,8.2668,0.9408,-10.1299,-7.4118,-14.758,9.9687,3.8043,6.5116,0
-3.2379,14.2552,7.9119,4.6243,-9.7047,-10.6821,-12.2486,13.8351,2.8345,4.7804,0
-2.1032,13.3409,3.7008,4.2309,-11.1224,-10.456,-12.7595,11.271,4.0976,5.5889,0
-2.9941,13.1321,8.068,3.8828,-11.7226,-8.6912,-14.0614,12.1974,3.5844,8.9995,0
-4.099,12.9975,6.9307,2.505,-9.1195,-12.7446,-14.838,9.3836,4.4589,8.8081,0
-3.9205,13.2682,7.0649,4.7026,-11.7105,-9.9626,-11.7947,11.7369,3.3178,7.7437,0
-7.8186,14.5382,5.9787,0.2138,-9.5526,-8.2597,-13.4637,12.4146,5.4519,8.2145,0
-1.3038,14.6346,7.073,0.5568,-10.6885,-11.585,-10.0011,10.7215,3.2183,7.0694,0
-3.6984,16.064,6.0258,3.2517,-11.4331,-12.3002,-14.1751,10.9297,2.3895,5.2035,0
-5.8733,13.3968,4.7027,4.0998,-10.1958,-12.5065,-13.7213,9.857,3.5122,8.2529,0
-6.5766,13.694,6.7196,3.9668,-9.9996,-11.4481,-13.7361,9.7912,4.6475,6.2741,0
-0.912,13.4304,5.8972,0.6892,-13.0242,-12.6964,-12.8568,11.7484,0.6617,7.5847,0
-4.4884,13.7416,9.3781,4.305,-10.7222,-11.657,-16.4852,9.9066,2.7168,4.7614,0
-3.9607,13.6367,6.6225,1.9848,-10.0665,-9.6573,-14.8931,13.1017,2.8856,6.2705,0
-2.7015,13.8713,8.3895,3.3904,-11.2381,-9.7779,-14.9731,11.1481,2.9836,5.93,0
-3.9566,10.6987,6.1367,3.099,-10.0797,-11.8617,-11.3589,9.686,4.4876,6.883,0
-4.7331,16.1844,5.1694,4.3385,-8.8186,-11.3261,-11.1688,10.6102,3.4665,6.6327,0
-3.9653,14.7376,8.1501,0.337,-8.3629,-12.8139,-11.7087,12.6753,1.397,5.626,0
-5.4224,13.199,6.4978,4.1292,-8.354,-8.2266,-14.1007,10.6715,0.5083,5.0334,0
-2.3165,15.9448,5.1083,2.0711,-10.359,-9.8999,-14.4719,11.6214,2.3227,6.2205,0
-2.9444,13.5311,6.3052,2.7953,-10.452,-10.8752,-13.6457,13.3833,3.8748,5.799,0
-2.7184,13.0207,8.7195,3.5142,-10.4804,-9.6486,-15.6138,9.2951,1.2426,6.4566,0
-1.165,16.8684,7.9169,3.711,-13.021,-11.1342,-14.4392,10.054,2.7812,5.534,0
-6.7327,14.6433,5.3507,3.3186,-7.2083,-11.6992,-17.0529,10.5563,4.6849,9.1797,0
-5.6081,14.2665,6.2619,2.8008,-6.3529,-12.5746,-12.8769,11.6868,4.6621,6.3892,0
-3.3017,12.934,7.3635,2.445,-9.3871,-10.8746,-12.6918,10.9414,4.7225,6.1651,0
-6.4233,15.4143,5.6012,1.9791,-11.2129,-8.2585,-16.461,15.6919,4.6175,6.577,0
-3.8461,13.9498,7.7415,3.9276,-9.486,-10.1858,-13.5535,10.7584,2.7411,7.9428,0
-2.8735,9.1108,7.9437,3.2519,-10.3475,-10.9029,-11.5713,12.4066,1.8741,6.8528,0
-5.2213,11.452,6.0197,4.2533,-8.8898,-9.5505,-12.1698,11.7596,2.0712,6.8901,0
-2.5632,14.6529,8.7432,4.0222,-9.7923,-8.7149,-13.2973,9.6625,2.7888,5.1248,0
-4.7766,13.3047,5.7712,2.4978,-13.1599,-10.0002,-13.2557,9.7597,4.0223,7.6485,0
-6.1751,12.3773,5.8061,1.5499,-9.0752,-10.6109,-13.6543,7.9795,3.9866,4.3833,0
-3.6739,13.9375,9.0008,0.9965,-14.8487,-10.0444,-10.5567,12.8437,3.3479,5.5047,0
-2.5531,12.0611,7.6744,3.718,-8.7291,-6.1807,-12.6689,10.2218,2.9951,3.5886,0
-4.8059,12.9075,6.1737,3.1883,-11.5531,-8.6386,-13.2572,10.9713,2.5416,6.475,0
-2.5261,12.2207,5.9726,2.5042,-12.3382,-11.5491,-13.9718,12.2969,3.4273,6.5326,0
-2.4874,13.3154,7.5455,2.8049,-9.9214,-11.1943,-16.9157,10.7839,5.1676,7.6315,0
-2.3157,15.3756,7.0928,3.2557,-11.2459,-10.7943,-12.3338,12.7911,2.8243,5.5669,0
-3.763,14.4232,4.794,-0.4845,-11.1452,-12.1512,-14.0197,10.7636,2.3536,8.4209,0
-3.2737,13.9721,7.8931,1.2515,-8.7608,-10.4338,-12.2518,9.3775,0.7028,7.469,0
-3.1992,12.1684,5.6553,4.6479,-12.1036,-7.8562,-14.6084,11.9429,2.5405,7.147,0
-4.58,13.2772,7.0212,1.4565,-9.2082,-11.09,-13.6004,9.4938,-0.8101,5.9556,0
-0.1449,14.6983,6.9309,2.5654,-10.2857,-9.4995,-15.0287,12.6568,4.1065,7.3195,0
-3.1061,13.5509,7.9691,3.8475,-10.8505,-11.1806,-13.1047,13.3088,1.1748,4.0409,0
-3.5167,13.5978,7.2198,3.3257,-10.6542,-8.0854,-15.6588,9.7425,2.8786,3.7774,0
-4.0276,16.0136,6.9911,3.3058,-12.2097,-11.2447,-13.8203,10.5087,4.9559,7.0787,0
-5.431,13.8912,7.7072,4.67,-7.9486,-11.8428,-14.4738,9.0989,2.6824,6.9417,0
-2.2828,13.4075,6.48,3.1874,-11.5722,-7.1859,-15.669,11.2624,6.0689,6.2524,0
-4.0489,12.9853,6.6892,5.019,-13.6372,-8.02,-15.3934,10.5853,2.3896,7.125,0
-6.161,14.2147,9.9963,0.915,-10.0349,-11.3131,-12.6187,11.014,2.0712,6.974,0
-1.0573,13.2351,8.0395,1.0198,-11.7541,-9.6116,-11.0313,11.5187,2.5639,6.2411,0
-5.6394,14.4282,8.2833,2.2816,-11.0245,-9.9213,-13.9126,10.8861,6.183,5.8716,0
-4.3013,12.5501,8.0761,2.6879,-11.2935,-8.3382,-11.1281,10.0846,0.2336,7.7534,0
-4.7907,14.7074,4.0047,4.2987,-12.1362,-9.224,-13.2361,9.5544,2.4229,7.2717,0
-3.605,14.398,9.9245,0.6134,-7.8936,-10.1636,-14.6057,8.9898,2.7498,7.6247,0
-3.9551,15.7882,4.7831,2.9416,-12.198,-9.7747,-11.9272,10.3541,-0.8729,6.5406,0
-3.1087,14.1279,8.8135,1.3532,-9.2991,-8.5314,-15.9254,11.4648,2.2772,6.1199,0
-3.2423,12.7906,5.9463,3.011,-11.9503,-11.9489,-12.2384,9.2621,4.0329,6.9361,0
-6.3525,12.5051,8.751,1.488,-11.016,-9.6271,-12.0824,10.608,2.1372,8.3757,0
-1.1554,14.9897,7.0878,1.7474,-11.5651,-9.5364,-12.6299,13.0877,4.0091,3.9876,0
-2.1859,12.0243,6.3839,3.3351,-7.3259,-5.6553,-12.3474,10.7105,3.8352,7.5737,0
-4.2448,16.2142,7.3049,3.7064,-9.3206,-9.6878,-11.9991,10.0594,2.196,4.5919,0
-3.1045,14.6898,7.6465,5.4715,-10.3278,-9.3171,-14.895,10.4046,4.0768,7.5158,0
-4.2047,13.414,4.683,2.4242,-8.9839,-9.4574,-12.5065,11.0599,3.044,5.2517,0
-2.7156,14.1529,7.6978,2.1707,-13.5495,-8.6744,-13.9757,9.6911,4.0737,5.6542,0
-2.1739,14.4469,7.9852,0.9108,-8.5015,-9.9283,-13.8114,11.2004,0.3691,6.8552,0
-5.3079,11.4924,4.6763,4.6288,-11.2633,-8.0196,-14.0612,8.4242,1.3587,8.0959,0
-3.9976,12.699,7.1998,3.7124,-8.6433,-8.1474,-13.7971,8.9962,2.4133,6.6326,0
-5.2094,12.0857,7.4755,2.8868,-10.2702,-11.4579,-13.6031,9.5989,4.3687,7.7951,0
-6.5331,12.1272,4.715,1.9847,-10.4446,-12.4946,-14.6403,9.4793,3.3444,6.3462,0
-4.8464,13.7867,6.1398,2.5523,-7.8093,-8.3095,-15.2069,12.2299,4.2505,4.5198,0
-2.5356,15.8283,5.276,1.5835,-8.7929,-9.9129,-12.4303,11.4962,3.6195,4.2525,0
-2.1928,15.2758,6.6157,2.8945,-12.6161,-9.5488,-12.3994,10.892,4.72,5.7411,0
-2.9169,11.9919,6.9245,2.6982,-9.9815,-10.8745,-13.4547,12.2244,2.3783,3.8323,0
-1.1394,15.5936,5.0214,3.9943,-11.0739,-9.9249,-12.8162,10.6337,1.8578,5.2064,0
-5.1381,12.2737,6.8591,1.8861,-9.2964,-8.0893,-14.1276,11.3444,3.783,6.9502,0
-3.6499,14.6355,7.6832,1.1033,-9.0157,-8.9892,-14.4024,11.0422,4.0584,5.9282,0
-2.1543,17.0672,5.7808,0.8882,-9.8637,-9.2378,-13.6038,13.1652,1.0255,7.2816,0
-4.6726,16.1005,9.9486,1.8098,-11.1438,-9.0308,-13.8382,10.9172,3.0715,3.3627,0
-3.7846,12.4868,6.2201,5.1252,-12.2042,-9.1004,-13.6759,10.5656,4.219,6.7523,0
-2.9079,14.9737,6.4629,2.0414,-11.9472,-11.5583,-8.8338,12.8523,1.0068,4.2585,0
-3.041,14.3423,7.7831,2.5773,-10.5076,-9.8283,-13.1287,7.6563,2.6888,4.9651,0
-3.501,17.9993,7.511,2.4895,-8.9367,-9.5961,-12.6273,11.8956,6.1183,4.5458,0
-3.0533,12.1319,7.7931,1.5817,-10.9455,-10.7628,-11.7938,12.363,1.1649,6.3246,0
-4.8282,11.6337,6.6343,2.497,-6.6794,-9.6707,-15.3239,10.1381,4.5655,9.3748,0
-6.1428,10.7015,9.7663,3.5442,-11.6219,-9.5182,-17.2111,10.9903,3.5252,7.6286,0
-5.2846,13.65,5.5717,3.3428,-11.6625,-10.9323,-14.7512,11.962,4.3211,5.8902,0
-3.7064,11.3485,6.5103,2.8844,-6.3883,-11.9881,-11.0612,12.4806,3.4544,8.8801,0
-3.2056,14.1052,6.8801,4.7951,-8.6747,-11.2587,-15.2364,10.6808,1.8334,6.1469,0
-1.9076,12.8355,6.8956,3.0468,-9.0468,-13.6905,-14.1675,11.3022,4.8336,5.5043,0
-6.5786,14.451,6.0068,1.1753,-11.256,-10.597,-14.1646,7.6769,4.379,8.1545,0
-2.7865,11.8149,6.6576,2.95,-9.4212,-9.3177,-14.3588,11.1083,3.7194,8.4259,0
-2.707,14.705,7.0856,5.0754,-9.7048,-11.6118,-11.1524,12.0321,2.3689,5.5229,0
-3.3189,14.2162,7.2558,3.4267,-7.7695,-8.7128,-12.9715,12.3973,1.4847,6.8391,0
-1.0498,13.1944,5.6884,1.9816,-11.9539,-11.4973,-13.8133,8.8769,3.0569,7.5956,0
-5.1254,15.8004,7.726,4.5056,-11.3062,-9.0384,-14.8954,12.3207,3.2912,7.0721,0
-5.5272,12.1788,7.8557,1.5372,-9.6246,-12.3709,-11.9852,9.1365,3.8619,7.1806,0
-4.809,14.3945,7.3505,2.1515,-11.8323,-13.2641,-12.733,8.6381,3.1765,5.847,0
-2.7451,13.0684,6.4656,4.0576,-9.8169,-9.8459,-12.5536,8.6819,4.1686,7.1609,0
-5.2888,13.1553,6.9009,2.758,-9.8187,-8.1731,-11.6348,9.017,3.9666,8.2356,0
-3.1836,15.1579,9.9782,4.4953,-9.9455,-8.7525,-13.0402,11.0211,2.5063,8.5873,0
-4.9914,15.82,7.7096,0.8608,-9.768,-13.4702,-12.3192,12.3131,2.1449,6.4275,0
-0.8326,12.7628,5.3715,5.1822,-7.3756,-10.3146,-11.7403,12.9975,1.9197,5.5142,0
-1.9175,16.049,7.8041,1.64,-7.3388,-11.1166,-13.7602,11.4988,5.3647,7.5231,0
-3.1415,14.2164,7.0251,3.797,-14.1138,-10.7651,-12.8955,9.2588,3.6129,5.9355,0
-1.1306,15.881,6.2611,2.7335,-10.4304,-10.9977,-12.965,9.8479,1.3375,7.1762,0
-2.8195,12.315,8.3029,2.0124,-9.9397,-9.0896,-13.3079,11.6674,2.2588,5.9475,0
-4.0726,12.4016,6.6947,0.6368,-11.0562,-10.7475,-13.6418,10.623,2.9408,6.9613,0
-2.452,12.5468,5.155,1.3967,-11.0502,-10.848,-14.4125,9.0411,2.3493,6.5143,0
-2.8713,12.6853,6.3403,1.5697,-10.3666,-11.5928,-12.3978,8.3065,2.494,6.6938,0
-3.488,17.561,7.4845,1.4537,-10.4626,-12.9845,-13.3784,9.7357,4.4065,5.4179,0
-3.9389,12.5681,9.5681,2.4779,-7.5706,-9.0989,-12.5344,11.5384,3.6241,3.3507,0
-4.1821,14.7892,6.8865,0.852,-10.398,-7.764,-11.3872,10.8923,4.4606,5.6924,0
-6.3196,12.1347,9.3042,2.5488,-10.6845,-10.7699,-10.4013,13.4242,6.3616,6.0036,0
-3.3204,11.2465,9.1752,1.2081,-9.9943,-11.9661,-14.1408,9.7294,2.1216,5.4335,0
-4.5862,14.7714,5.3025,3.2906,-8.4925,-11.09,-14.3344,10.6395,4.803,6.5333,0
-4.5606,14.2472,5.3064,3.9818,-9.7065,-10.7819,-14.5154,9.6553,3.8357,8.0856,0
-4.7198,14.209,3.8293,2.0828,-10.366,-11.6847,-14.6623,9.9836,3.4717,5.9612,0
-7.1211,10.3404,6.0495,3.6463,-14.4407,-11.0698,-14.0469,13.0678,2.4559,6.8167,0
-3.5519,10.3256,8.1121,3.2828,-9.557,-4.4308,-16.3837,13.5723,2.6023,6.6732,0
-3.8321,12.8851,6.1051,3.454,-12.5952,-9.1943,-13.8818,9.2902,2.3584,8.1279,0
-4.5668,14.0591,5.8634,4.0966,-9.2912,-7.5473,-13.5208,11.9883,3.1806,8.186,0
-4.842,14.6389,6.6678,2.8635,-10.1818,-9.9418,-13.4318,11.3074,5.4006,7.7204,0
-2.4601,12.8381,5.626,4.3927,-9.0054,-8.1112,-14.1635,10.641,0.5742,5.6535,0
-2.2689,12.8217,7.9205,2.674,-9.8334,-12.0417,-13.1297,6.4986,2.7531,3.7965,0
-1.9548,14.6875,7.6598,5.2413,-11.7428,-7.6991,-11.8592,10.6305,4.7369,4.5827,0
-5.0006,12.6085,6.1664,1.3749,-8.4848,-10.7084,-12.7287,10.1298,0.3025,6.6473,0
-6.6322,13.4185,4.9073,5.9407,-8.9524,-10.1615,-11.3619,9.7158,3.8487,6.5419,0
-3.3678,15.43,8.0586,3.3928,-12.8018,-11.7602,-13.4416,11.1253,1.3381,9.8597,0
-1.4892,14.4246,7.0679,2.6414,-11.7473,-10.2039,-12.8709,9.1226,3.5347,6.0093,0
-6.6255,12.2309,6.3394,5.7913,-9.4846,-12.3234,-12.5284,8.6643,4.6575,5.5355,0
-3.9043,15.5101,5.0291,0.8641,-11.1948,-8.7626,-15.5365,6.7371,2.3567,7.0698,0
-1.9634,12.8267,6.3427,4.6906,-13.1241,-10.9029,-12.9719,11.6591,2.2687,6.2938,0
-7.4963,12.5341,7.6401,1.4863,-10.231,-9.6499,-13.7713,11.241,1.5894,5.9323,0
-2.8485,13.7569,6.08,3.2961,-9.2475,-13.3951,-11.5189,10.4809,3.6717,8.038,0
-5.8213,12.4573,6.527,1.7841,-7.717,-11.6053,-14.0908,11.2919,1.2302,5.6487,0
-3.2876,13.0221,6.8197,2.1658,-12.5911,-9.8378,-10.6251,11.0129,3.3713,7.2813,0
-5.6678,16.0752,7.2633,5.4075,-11.419,-7.5931,-12.0948,11.8148,3.3845,5.8694,0
-1.963,13.732,4.0092,1.284,-10.5982,-9.8552,-13.3424,12.8137,0.1068,6.4576,0
-6.4908,14.661,6.8181,3.5892,-11.6153,-8.401,-11.6949,11.8606,2.8392,7.112,0
-4.8241,14.8048,9.434,4.5657,-11.4138,-9.778,-15.1972,11.8439,3.7094,3.4375,0
-5.5065,13.0967,6.5085,1.1455,-9.736,-9.943,-13.5489,9.8516,4.6065,8.7253,0
-4.4891,12.6032,7.6966,2.4227,-10.5285,-9.2107,-16.1215,12.9627,3.1425,5.6249,0
-3.8976,13.4651,4.363,5.2022,-10.2575,-9.6557,-11.8302,9.4535,3.7437,5.8407,0
-2.4936,10.3306,6.8112,2.0555,-9.671,-9.6151,-14.3189,9.917,2.8675,4.8972,0
-2.5008,12.9676,2.5993,2.3975,-11.8773,-12.7671,-15.1136,11.1494,5.0264,6.712,0
-4.6736,14.2053,6.2712,1.9179,-12.051,-12.9479,-13.8424,11.2224,2.8885,5.6182,0
-5.1824,14.4338,4.9841,4.1238,-11.8228,-11.4488,-15.4577,10.2332,4.4964,7.0156,0
-2.2962,14.3046,5.3043,2.4636,-11.4897,-8.3243,-15.0527,12.3258,4.3729,8.9866,0
-4.3783,14.5899,10.3823,2.0333,-12.622,-13.1402,-12.1884,8.1606,2.475,6.8981,0
-3.486,14.1596,7.2933,4.8781,-11.7479,-11.3357,-14.4165,12.2306,4.384,6.919,0
-1.9886,11.7544,9.4607,5.2446,-9.216,-7.6475,-15.7424,10.1986,1.9305,7.3244,0
-5.339,14.6577,9.0156,4.0026,-9.8938,-11.802,-14.5278,12.8597,4.2025,6.1836,0
-4.3907,10.4827,5.3535,5.8269,-12.2401,-10.0359,-11.7463,9.1029,3.3105,7.6491,0
-3.745,17.824,4.4569,4.5478,-10.5786,-9.1623,-12.5955,9.8856,3.3769,3.4553,0
-2.8589,13.9687,7.9178,4.5469,-9.768,-10.098,-14.5791,9.917,4.8136,8.3967,0
-4.121,13.5904,5.6029,4.7189,-9.3213,-7.4083,-14.575,10.4183,3.3806,7.2119,0
-4.0873,12.212,8.2819,4.0415,-11.6939,-8.287,-11.5022,11.1867,3.1528,7.0733,0
-5.0564,13.5665,3.7312,4.2744,-12.6617,-8.065,-13.7527,10.6678,2.0918,5.8101,0
-1.636,9.7897,8.8753,3.4668,-12.13,-11.9331,-10.7429,9.567,1.3034,7.9481,0
-3.256,12.1145,7.2848,1.4211,-8.6682,-8.7281,-12.4595,11.5278,5.6752,6.2417,0
-5.5366,14.1956,10.0889,1.4376,-10.8616,-9.6955,-13.3383,9.5118,4.7162,9.7222,0
-3.4696,12.1653,4.6364,3.3467,-8.6636,-9.6074,-13.2611,10.1014,1.3952,7.4943,0
-2.3931,11.2028,9.3446,3.8209,-8.22,-12.3334,-15.3062,10.7618,3.7876,8.9367,0
-2.7047,13.1574,5.4203,4.8048,-11.7665,-7.8775,-13.6841,13.3712,4.0518,6.0367,0
-4.5429,13.0101,7.6023,3.0755,-11.2102,-10.5686,-13.1396,7.7922,3.7207,4.7726,0
-5.4938,10.9904,4.269,0.9266,-11.383,-7.3903,-14.0463,11.2519,3.6342,6.4388,0
-3.88,11.7285,9.1362,5.6705,-12.8434,-11.8562,-13.6772,9.5385,3.7924,5.1498,0
-0.5162,15.3073,7.2787,4.5002,-8.6606,-11.1661,-14.4818,11.1025,4.3259,6.4508,0
-6.1293,12.3172,6.8489,2.8463,-7.3606,-12.3991,-12.4991,13.219,6.4406,5.6356,0
-3.0267,14.3761,7.253,2.8115,-9.6655,-14.1185,-12.2344,11.1746,2.6997,9.3125,0
-4.7762,12.9168,9.9471,1.7117,-11.1446,-10.5407,-11.9964,11.297,1.0945,5.4439,0
-4.6748,13.4056,7.5986,3.5871,-12.9835,-8.7243,-12.8786,13.0621,3.6997,7.8942,0
-3.064,15.5408,7.7432,2.8129,-6.9108,-8.9866,-12.3969,9.0708,1.101,6.6813,0
-3.5455,12.6002,7.1713,5.3427,-9.2763,-12.0317,-13.4248,9.7778,2.4519,5.6218,0
-4.4803,11.6387,6.7683,2.1188,-14.7136,-7.2407,-11.6243,10.4208,3.0617,4.4847,0
-1.2202,16.3674,7.1949,4.4951,-10.0565,-12.3253,-13.8752,11.1832,2.3516,5.9142,0
-3.9009,13.4001,7.0382,1.3688,-11.395,-12.247,-11.7908,7.8268,4.7638,8.3217,0
-4.2171,9.6167,6.4179,2.8635,-11.8353,-11.093,-10.9622,11.9827,1.6466,3.8458,0
-4.2543,13.2012,7.7041,2.1568,-9.5522,-7.4174,-12.0342,10.9132,2.7587,5.7072,0
-1.9928,12.5805,7.0277,3.0366,-11.0721,-12.3789,-12.773,10.8938,3.7838,5.4418,0
-1.9326,12.2063,9.5279,0.3383,-9.6673,-9.607,-14.4508,11.6219,4.9527,2.9169,0
-3.0097,9.7815,5.5113,5.4035,-11.1921,-12.081,-13.5544,14.0871,0.2859,4.6652,0
-1.5176,16.308,6.8047,1.1012,-7.1757,-7.9285,-12.2391,9.7667,2.9599,6.0016,0
-3.2675,15.6979,8.2789,1.3437,-8.2547,-9.8505,-12.2269,13.1851,1.3661,6.1884,0
-4.561,11.1696,7.4799,6.7271,-13.0796,-10.3686,-12.2967,11.1699,2.8638,4.2934,0
-3.4146,12.3863,3.6749,4.7516,-8.8819,-10.2427,-12.9139,12.5968,3.37,7.5982,0
-4.21,15.4894,7.441,3.2508,-12.2245,-9.8897,-14.5054,10.0279,1.8104,4.6428,0
-0.5766,15.5184,9.8404,1.1254,-10.2126,-12.2604,-14.301,9.6081,4.8928,5.6478,0
-2.1612,14.4276,10.4153,0.7406,-8.4306,-8.6005,-14.7176,12.496,3.5377,5.901,0
-4.9997,12.4428,10.0345,2.9608,-9.1462,-11.5065,-14.4273,12.6083,1.0091,5.6194,0
-3.7128,13.6885,6.6912,3.5535,-9.2802,-9.2182,-14.7362,10.5591,4.8256,7.5841,0
-5.8231,14.0486,3.9925,3.0302,-7.4728,-11.742,-14.509,12.1313,0.7192,5.293,0
-2.8691,12.57,6.6059,4.076,-9.6871,-9.9199,-13.7662,11.5404,2.8479,6.9289,0
-4.5092,13.2476,5.4749,2.9072,-11.5359,-11.9912,-12.8695,11.3044,4.2078,5.5955,0
-3.1517,14.3476,7.627,1.7213,-10.0954,-9.774,-13.2467,7.8556,3.2742,9.561,0
-4.3039,12.4293,7.5198,3.4283,-8.5303,-12.207,-12.1604,11.8709,2.8202,6.7502,0
-2.2196,14.8299,5.2453,4.19,-10.4165,-10.2109,-13.1477,10.7599,4.821,6.1166,0
-5.4431,12.9311,7.2279,4.8036,-9.4148,-11.596,-9.5297,11.3824,4.9465,6.0146,0
-2.9638,14.7806,8.7871,4.5458,-9.0111,-10.7928,-14.1151,11.4842,4.4331,5.9081,0
-2.166,15.7004,5.5853,1.7044,-10.53,-9.8587,-14.0443,13.0136,3.6696,6.3013,0
-5.9177,11.5477,7.3813,-0.2391,-8.8005,-10.5574,-8.3929,14.4472,2.7613,6.0827,0
-2.2704,16.0762,4.5028,0.2802,-11.2525,-9.4461,-12.5122,12.5899,1.2339,2.768,0
-2.4768,12.2791,3.9321,3.1774,-9.1297,-10.5033,-13.9443,10.7462,2.4776,4.2201,0
-4.8358,14.3033,7.4423,3.2118,-11.8122,-10.5924,-16.5231,11.253,5.1767,4.031,0
-4.6427,14.0151,8.8391,2.2874,-11.3578,-13.2735,-13.1023,14.0484,3.4495,6.2088,0
-3.2807,13.5048,5.7403,4.1947,-9.9808,-10.2937,-14.7205,12.9405,4.0305,5.4128,0
-2.2611,12.7751,5.7868,1.8202,-12.976,-9.6129,-16.0042,9.1426,-0.0799,6.1131,0
-3.9893,13.0314,5.396,1.2014,-9.6229,-11.146,-12.783,9.6574,3.305,8.1971,0
-2.8845,12.9028,7.3456,2.5988,-10.3076,-10.8086,-13.504,11.3034,1.5434,4.7184,0
-5.8466,11.121,5.1339,3.1989,-11.6586,-9.5497,-13.2054,8.0325,4.0159,7.4584,0
-5.2546,14.1517,5.6751,3.1063,-12.2162,-13.0098,-13.8317,10.7997,2.4369,4.4661,0
-4.3636,13.9254,6.8925,3.2335,-11.3246,-8.5626,-15.0218,11.7166,4.8063,6.9635,0
-4.0676,12.729,8.5139,0.8253,-11.7746,-10.9165,-11.401,11.5549,1.5814,5.7767,0
-4.6853,12.4567,8.4282,0.9021,-7.9063,-9.0778,-11.6212,10.2909,2.8085,4.0924,0
-4.5508,14.2619,8.9039,1.299,-10.8677,-10.5471,-15.3512,11.8723,1.9475,5.9491,0
-4.4417,12.3374,6.9493,2.6363,-10.8772,-11.4129,-12.7782,13.4657,3.2433,7.7364,0
-5.8491,13.7581,5.3138,0.7444,-11.4285,-8.5323,-11.8325,11.3498,0.7344,5.9478,0
-3.3112,13.7847,4.1941,1.6243,-10.4156,-9.5157,-16.5517,10.7421,3.248,7.5166,0
-2.7245,14.3953,5.7599,0.0978,-10.909,-8.8177,-11.1673,12.0511,3.6775,6.8116,0
-4.598,13.3263,9.4634,1.5459,-7.8973,-10.8032,-11.2693,8.8751,3.9123,5.137,0
-5.8867,13.8492,8.474,1.6923,-12.568,-10.4579,-13.3886,11.8078,4.4578,6.1531,0
-0.9805,13.8578,6.4402,0.5424,-10.7134,-10.8247,-11.817,11.679,1.2644,6.5006,0
-2.7565,15.8135,8.2911,4.101,-10.2293,-9.7377,-11.3832,8.9861,2.5093,5.0833,0
-3.1951,15.3668,6.0644,-0.6257,-10.9378,-8.95,-12.451,11.6276,2.6135,4.3236,0
-2.9909,12.27,10.236,3.8155,-11.1904,-11.2372,-13.3969,10.626,4.7087,6.5218,0
-4.8612,16.3571,7.0338,4.113,-11.2318,-9.7755,-12.7908,8.1508,6.0564,8.1781,0
-4.3596,11.868,7.4812,3.0898,-9.7859,-10.0328,-12.4981,13.1562,3.8856,4.6677,0
-1.72,15.9824,11.6879,1.2745,-9.9551,-13.4433,-12.4278,10.163,5.9186,5.0803,0
-6.2976,12.8145,3.9966,4.0864,-13.4171,-10.2775,-16.3742,10.5048,5.4985,6.7831,0
-5.059,13.4746,6.9868,3.6687,-12.3697,-9.4313,-17.3141,10.0405,2.301,7.1922,0
-3.7299,11.4131,5.4823,3.2578,-10.438,-11.1889,-13.9787,12.0295,2.2569,6.11,0
-0.5089,11.3859,4.1821,4.1351,-11.3374,-10.7975,-14.4292,10.5956,5.4313,7.4454,0
-2.4705,11.3971,5.2331,-1.2989,-11.5335,-8.8851,-12.4821,10.653,3.0,5.2088,0
-3.4567,14.6702,4.536,3.4092,-8.9208,-10.9428,-12.2064,15.2073,2.8769,6.8321,0
-4.8709,13.7933,7.6502,3.252,-11.849,-10.0106,-11.0642,11.6582,4.4764,5.8867,0
-2.6389,13.9403,5.5335,3.4375,-11.807,-11.2695,-12.9735,11.4312,1.2496,7.8232,0
-2.9058,12.4643,4.6534,2.7424,-10.9884,-10.1505,-13.8022,7.9741,2.4509,5.7837,0
-2.8133,12.4741,9.4778,0.0923,-8.3527,-10.6566,-11.9681,11.105,4.7428,5.6611,0
-5.4117,15.6522,6.7896,3.2921,-8.4673,-11.8681,-12.3643,10.1004,2.8352,6.3506,0
-6.0141,12.3532,8.9864,4.289,-10.4134,-9.9555,-13.6989,13.0202,2.7329,6.5899,0
-2.0448,12.3554,9.298,0.6641,-7.875,-10.8792,-13.6215,8.1503,2.3513,4.6825,0
-4.6753,13.3155,8.3965,3.2712,-9.8579,-11.9634,-14.5786,13.6834,1.9306,8.7265,0
-4.1284,13.5249,8.5654,4.8676,-10.4857,-10.9025,-13.3414,11.4922,4.3704,6.2485,0
-2.8355,15.979,7.5318,3.4272,-12.5978,-14.2663,-12.6749,10.843,2.2613,6.6075,0
-3.8544,15.2131,7.089,1.8394,-8.8342,-10.6459,-12.4677,10.2692,2.0587,6.3684,0
-3.7446,14.2412,6.5568,0.2052,-10.9686,-9.1294,-13.7036,10.6157,4.513,5.1742,0
-6.078,13.2805,6.2336,1.5104,-10.5825,-9.5829,-13.2714,11.4458,5.7536,5.7279,0
-3.3463,12.7576,5.6903,2.0824,-11.0376,-9.781,-9.7339,9.9112,2.4085,6.1475,0
-3.1701,13.9168,8.886,-0.6798,-13.8998,-11.064,-11.6115,8.6368,-1.478,7.0989,0
-3.3983,11.8861,5.4815,1.5051,-10.1536,-11.2596,-12.5164,6.7033,1.7482,4.5531,0
-4.1483,12.7144,8.1566,0.1707,-10.2512,-9.4827,-10.4725,10.2626,3.5201,3.5364,0
-7.3517,14.7886,6.9515,4.7275,-12.3795,-9.5403,-10.4543,11.6148,3.4483,6.255,0
-6.1201,15.5548,6.0435,3.7165,-12.664,-12.0894,-11.1049,10.4643,5.2134,6.1248,0
-6.5266,14.8595,6.075,4.0078,-10.2816,-12.6348,-13.011,14.2796,3.7729,6.1559,0
-2.1508,13.8374,7.2741,1.3223,-9.9687,-8.767,-14.5116,13.122,2.8959,4.9105,0
-2.2673,13.0912,8.0991,2.5221,-10.4092,-9.5798,-12.8211,7.992,1.3516,7.6363,0
-3.962,12.7358,4.922,1.3402,-13.3521,-10.4721,-14.1551,9.5354,2.9313,6.7881,0
-0.624,11.2536,8.6989,4.4194,-11.4881,-10.0153,-13.9439,11.2638,5.2971,7.1506,0
-3.0009,12.876,4.7337,2.6471,-8.5095,-12.6109,-14.8401,11.1747,1.5565,5.0534,0
-4.3992,11.473,5.4986,4.0149,-12.2805,-12.717,-14.2025,12.0832,2.7381,5.5453,0
-3.6973,10.9029,7.7019,3.5349,-10.9334,-8.8113,-14.9487,12.6771,3.2652,5.7373,0
-3.7936,13.3605,8.7902,1.3447,-11.4632,-8.7657,-14.1508,12.3361,5.5826,5.6395,0
-2.7418,11.7909,8.0919,3.2589,-9.6099,-11.2885,-15.7491,11.7402,-0.0617,5.7662,0
-2.352,13.8093,9.8823,4.4974,-11.3003,-10.2792,-13.3285,8.612,1.6229,5.401,0
-6.8181,13.5927,6.5862,0.4504,-9.7131,-9.2464,-12.9169,10.4992,3.9206,7.2625,0
-3.3027,12.2845,7.3747,4.753,-11.2144,-7.1733,-14.0459,11.0339,2.0247,6.5771,0
-6.3771,12.7024,5.3216,3.1628,-8.8278,-9.3512,-16.815,14.0484,3.4764,5.0774,0
-3.5281,13.7857,5.9595,3.2566,-11.2306,-10.9267,-14.2869,8.8363,3.2522,7.1201,0
-2.9915,14.7513,7.4463,2.1607,-9.0599,-12.3564,-14.6085,9.539,4.6535,7.6564,0
-3.0328,15.1293,5.6409,3.4826,-10.5072,-9.0498,-13.4303,10.4079,3.8448,7.5564,0
-4.7663,13.4298,5.3722,-0.7873,-10.0188,-9.4068,-12.8644,8.0609,2.5072,2.9147,0
-1.7092,11.8923,8.8429,4.3786,-11.6703,-12.0193,-12.7319,9.7188,3.1872,5.5179,0
-6.4355,10.1757,7.2998,2.1174,-11.1491,-9.2764,-11.4973,10.5765,2.5226,6.9924,0
-5.7992,13.8562,7.7876,3.9801,-13.2246,-11.4622,-14.5749,11.1351,3.7546,8.4872,0
-4.5062,12.7751,8.6843,3.4046,-8.418,-9.8871,-14.9932,8.9856,0.7062,7.2353,0
-1.9809,16.2955,8.2245,4.704,-11.1895,-12.0548,-11.9824,11.6118,3.1946,6.8232,0
-3.279,15.4472,8.9023,3.7761,-9.0507,-9.5491,-13.9492,12.1201,0.9417,7.823,0
-5.5556,13.9501,5.6921,3.7898,-10.3703,-12.7123,-12.6264,10.1184,4.3552,6.2442,0
-3.1707,12.0851,6.0758,2.2718,-9.0344,-7.8041,-14.4652,12.6006,-0.2211,4.4509,0
-5.202,11.4927,4.5844,3.5793,-10.6405,-9.7511,-12.2218,11.3837,4.0201,6.1379,0
-5.5443,15.1082,6.0762,1.5564,-10.5863,-11.6894,-13.8836,11.5014,3.556,4.8954,0
-4.4954,15.1329,7.7044,6.0724,-8.5492,-8.6037,-15.3393,12.1311,2.9538,5.4157,0
-3.5118,14.9392,7.7111,1.642,-9.2058,-11.2765,-12.9325,10.5303,2.7052,7.3915,0
-5.3241,16.4392,4.2282,2.0633,-9.7641,-9.4437,-13.4082,10.8992,3.6493,5.8956,0
-1.674,14.7805,8.2691,1.5105,-10.4385,-10.7709,-14.7659,11.5255,2.227,7.2253,0
-5.3691,16.1,5.6153,3.2887,-9.1317,-11.1761,-11.9788,9.1415,5.2116,6.2634,0
-4.6584,13.0727,8.1732,2.0831,-11.4435,-10.6525,-15.0229,13.7161,2.1839,7.4896,0
-3.4496,12.0446,6.9509,4.1358,-10.6018,-8.5305,-11.7252,12.3637,2.344,4.6224,0
-4.6842,13.8158,7.7785,-0.2976,-10.3316,-10.083,-13.6738,12.9222,3.6661,8.2075,0
-4.0877,14.9276,9.4124,4.9273,-11.9577,-10.7007,-13.7752,11.7192,4.063,4.9838,0
-3.662,10.4915,9.1227,2.1912,-10.2356,-10.7846,-11.5385,6.729,3.0085,6.0834,0
-4.4443,16.1108,5.6288,4.1174,-9.7851,-8.4279,-14.2583,9.8858,4.6776,6.8802,0
-6.0812,12.7125,7.5394,4.2164,-11.3383,-14.6915,-12.4727,9.1548,0.0074,1.9937,0
-2.5428,13.7144,6.6213,5.0433,-9.3635,-7.8957,-15.3466,10.9335,0.6084,5.8981,0
-4.1367,14.4613,7.0282,3.8949,-9.2643,-7.0878,-13.7304,9.5738,3.4026,5.0388,0
-1.5409,13.0966,6.1115,2.2528,-9.2418,-10.5568,-14.22,13.4833,1.7492,6.2955,0
-2.7853,11.0744,7.6802,1.3771,-9.0853,-11.7641,-12.2183,12.644,4.3256,6.6192,0
-4.1107,12.6568,9.1664,1.9105,-11.875,-9.3221,-14.4517,9.5602,0.868,5.5178,0
-3.8879,13.8861,8.3868,3.7501,-10.6057,-10.6175,-12.4923,12.8941,3.2229,5.5385,0
-5.2531,11.3536,7.9592,3.8267,-9.4534,-10.5132,-11.1471,10.2591,4.4664,6.1841,0
-4.6763,14.4102,7.5743,3.4952,-10.1975,-10.377,-9.6749,12.7617,4.1177,6.4099,0
-2.2531,14.2984,6.9991,2.5044,-10.4408,-15.0758,-12.9416,10.2526,5.4225,6.2712,0
-5.5472,13.4466,5.3906,3.6699,-9.883,-8.8834,-14.4438,11.0363,0.9859,7.2944,0
-2.9855,14.2651,6.9622,3.5819,-7.9129,-10.7478,-13.0495,9.3561,1.7311,6.3889,0
-2.1079,13.137,6.6059,2.3494,-11.1216,-9.8777,-15.5034,12.9067,2.0353,7.325,0
-5.6688,14.5247,7.9677,3.5361,-11.8111,-9.9458,-15.0321,10.6061,4.5776,7.4372,0
-3.741,12.0592,7.9282,2.9888,-13.7999,-9.1462,-13.2938,12.789,1.3905,1.4771,0
-3.3452,13.9588,4.4238,1.492,-6.1866,-10.7786,-12.1611,10.0093,-0.102,5.9868,0
-4.1622,12.9216,6.7879,3.3562,-10.5446,-12.2162,-12.5282,8.0612,-0.0421,7.3509,0
-3.0033,13.4353,4.8666,1.8979,-10.7136,-12.714,-14.366,11.9638,5.1744,5.613,0
-2.6291,10.6503,7.949,1.7538,-9.8584,-10.6918,-11.2769,9.6736,3.9749,5.8229,0
-4.0013,13.2456,5.6913,2.9386,-10.4134,-9.9583,-13.1307,12.1823,4.4187,4.6662,0
-2.4606,11.7419,7.8416,3.8894,-13.1864,-10.1807,-13.9602,9.8471,5.0597,5.2617,0
-4.9734,13.635,7.9882,2.7473,-8.5699,-9.5237,-16.5248,10.1911,2.1907,6.9612,0
-7.701,17.3449,7.7564,3.1831,-8.5471,-6.8047,-11.9514,12.4085,3.2295,6.0299,0
-4.4775,12.2823,5.9293,0.9339,-10.4332,-12.8472,-12.9711,10.9308,3.2539,5.459,0
0.8515,15.5616,5.093,3.3091,-11.2315,-11.8419,-15.2676,11.6336,2.0114,7.6939,0
-2.2731,15.5823,5.6812,3.6728,-9.3708,-11.0314,-14.4151,13.3996,3.3747,7.1961,0
-4.9969,11.6925,6.1056,2.7737,-11.9158,-10.3349,-15.7902,9.3052,4.0398,7.1479,0
-4.3516,11.9948,5.4187,2.3999,-9.3527,-8.9278,-14.0023,9.255,3.4352,5.0069,0
-4.5412,15.5093,8.2005,3.1967,-12.2273,-10.0031,-11.6635,10.4218,5.0601,8.1813,0
-1.2682,13.9793,7.8409,5.081,-9.6483,-11.072,-13.9303,11.3431,1.0976,6.0273,0
-2.119,10.2345,9.2615,4.6433,-11.0091,-9.5051,-13.2528,12.8303,4.5075,4.1421,0
-2.8829,13.213,7.0841,1.8675,-7.6972,-8.7601,-14.3671,8.9834,2.4549,6.8939,0
-3.4035,15.4011,8.1447,4.4141,-9.8292,-12.4041,-13.551,12.5754,2.9562,6.9968,0
-4.2419,11.9767,6.7748,3.4233,-11.303,-10.6737,-14.6667,12.6642,2.5918,8.4213,0
-1.4707,13.3999,5.4471,-0.1691,-12.5275,-12.3809,-11.1898,11.159,3.6179,2.9115,0
-5.5607,14.852,7.39,2.7389,-9.4722,-7.8665,-13.5891,11.0893,3.3223,9.8303,0
-6.9128,14.5463,6.7876,3.8099,-11.3055,-10.3936,-12.1904,15.6546,4.2455,4.9701,0
-4.3994,12.8413,4.2664,2.4646,-9.2202,-12.2315,-11.6848,11.7169,1.9321,6.0299,0
-1.3663,14.6218,6.973,2.6032,-10.2045,-11.0878,-16.4146,14.0486,3.2664,6.8394,0
-3.8507,12.4188,6.6809,0.5607,-6.9038,-12.1719,-14.8054,10.3249,4.9656,6.2639,0
-5.618,15.4029,8.0563,3.7674,-9.2458,-6.7286,-9.9798,9.9552,5.4693,6.8169,0
-3.0152,10.983,6.7042,1.7405,-9.0774,-8.7135,-16.3692,10.9522,4.7162,5.9622,0
-2.6702,14.0482,7.4723,2.5528,-12.1443,-12.0025,-12.1935,11.0145,2.8257,5.6063,0
-4.2216,15.0918,6.457,0.9482,-9.204,-10.6275,-13.2104,13.3967,3.0026,6.676,0
-5.5322,13.1919,7.8741,0.6267,-10.0182,-10.169,-13.1956,12.541,3.5351,8.4593,0
-5.2542,13.7253,7.0865,1.3559,-8.885,-6.8332,-13.283,11.7428,3.1602,5.1718,0
-6.4949,12.4628,4.8719,5.5159,-10.4921,-10.839,-11.9238,9.3027,1.8832,6.3443,0
-2.2206,14.274,7.3323,3.0769,-9.7191,-10.0177,-14.8025,11.0544,1.4229,6.3638,0
-4.4848,17.3305,6.9,0.8534,-10.5207,-9.5411,-10.7474,10.1011,0.6598,7.4674,0
-5.8347,12.8672,6.5734,2.8553,-9.2857,-11.3456,-13.6681,10.9639,3.2578,6.3889,0
-3.1098,14.7872,7.5488,3.6401,-12.6928,-10.2448,-12.5382,12.0787,1.9949,5.2536,0
-4.6249,14.3261,8.5106,2.3486,-8.9575,-10.1349,-13.4439,10.6682,4.1534,6.7305,0
-0.3501,12.2431,7.737,2.166,-11.6234,-10.3365,-13.0515,15.3625,2.7572,4.5469,0
-3.3543,10.4095,6.8219,2.9838,-9.1275,-8.8597,-14.0128,10.7594,1.8843,4.5501,0
-3.299,11.6111,6.3379,1.467,-9.4949,-7.618,-15.2099,8.2058,2.8461,6.2657,0
-3.4358,12.8519,6.6589,3.511,-8.7588,-13.2527,-13.8109,11.306,1.6565,8.8389,0
-4.7169,13.4595,7.7939,2.0728,-13.0893,-10.9631,-11.7133,10.4799,1.7638,7.6307,0
-4.26,12.7562,7.184,4.1159,-6.7469,-9.0793,-11.5177,10.2263,1.4946,6.3357,0
-3.603,11.9037,6.6969,3.5587,-9.7789,-9.5637,-12.821,10.2248,2.2626,4.4438,0
-1.0866,13.5416,6.6225,1.5666,-5.916,-11.9302,-13.9008,11.609,3.9338,7.6791,0
-1.0524,14.2807,5.3758,2.5743,-9.8577,-7.2178,-15.3542,12.7891,3.3033,7.4989,0
-3.9168,12.2578,8.0861,3.9414,-8.8614,-10.3401,-14.1572,8.6471,4.2625,6.878,0
-5.2125,12.7136,6.2597,0.7353,-11.546,-12.0209,-13.8762,9.8772,0.5929,9.2761,0
-1.885,12.3529,7.3685,3.586,-8.5328,-11.5481,-11.6193,10.1634,1.0297,7.3284,0
-1.8277,17.4033,5.1602,4.0081,-10.9341,-9.1451,-15.4632,9.0911,1.8696,6.3606,0
-4.7254,14.51,8.5002,3.8591,-7.8913,-9.6964,-15.0828,13.0303,2.1257,7.6078,0
-1.4032,14.2065,4.7156,1.5824,-8.3353,-10.5738,-13.1381,12.1235,4.0779,6.6604,0
-4.0768,13.0524,8.2467,3.7901,-10.7054,-8.697,-13.451,9.7078,1.895,4.7741,0
-4.1724,15.372,5.7522,3.2425,-11.3045,-10.7106,-15.5226,10.6545,2.7429,7.0526,0
-3.4289,11.7238,8.5861,3.2752,-10.0219,-10.3339,-14.0341,11.312,3.7468,3.6218,0
-4.5719,13.139,7.3441,4.7497,-11.4771,-11.0671,-14.0263,9.783,2.5127,7.3984,0
-5.3445,14.1632,4.407,2.1177,-10.8137,-7.8079,-13.6697,7.6834,0.0351,6.2932,0
-2.8431,14.0846,7.2112,4.7031,-11.1288,-8.9778,-15.7055,9.6279,0.3229,5.8299,0
-3.8332,13.6926,7.0526,1.5684,-10.6048,-12.5663,-11.2126,10.5298,2.3001,8.6256,0
-5.6272,11.833,5.3155,2.8579,-9.672,-9.2107,-9.3995,7.6111,3.9466,5.4065,0
-4.6434,12.5918,5.5967,5.4865,-9.056,-10.2854,-11.231,8.7165,1.0374,2.9752,0
-4.8129,13.764,7.1141,3.1838,-12.436,-9.1154,-12.8981,12.0849,0.1943,6.7094,0
-5.5454,12.9254,7.7614,3.0964,-11.5968,-10.3108,-15.5548,12.7107,2.7255,7.92,0
-4.5536,12.7361,5.8135,4.274,-11.3836,-9.3533,-13.8312,8.0213,2.178,4.4735,0
-3.7129,11.7358,8.3488,2.8231,-10.5858,-9.3363,-11.8116,10.9551,1.8766,3.5812,0
-4.7929,12.5956,7.1204,2.442,-9.2875,-11.2396,-13.3431,12.7613,3.5462,6.1521,0
-4.6667,12.5716,5.6839,2.1482,-9.1859,-10.653,-15.2822,13.6375,3.5134,4.1318,0
-4.4266,13.6878,9.5167,1.2976,-8.8554,-8.2209,-14.2005,10.569,1.479,5.937,0
-3.8187,14.5109,8.5951,1.8376,-13.2704,-10.352,-12.8172,11.3594,2.5434,6.4293,0
-1.4906,14.094,6.3998,2.2095,-10.5742,-7.8651,-13.5324,10.9556,2.31,7.8907,0
-0.824,14.1973,7.084,3.0149,-13.8959,-9.2024,-13.0562,11.6278,1.9663,5.6655,0
-4.3803,15.0539,6.3917,6.0837,-9.6731,-12.2337,-13.4503,10.0078,-0.2581,8.6414,0
-2.7091,14.3212,7.2079,0.8867,-11.0449,-9.0575,-14.8343,7.1876,2.6928,6.0295,0
-3.5605,14.6142,7.9162,3.3479,-8.5261,-12.5986,-12.5006,11.9251,1.1741,3.9879,0
-4.8827,12.5291,8.0899,2.0379,-11.604,-11.2376,-11.5795,11.0048,2.7646,6.0772,0
-1.8257,12.3977,8.9331,3.2755,-10.5601,-6.5688,-14.841,10.4548,1.1848,7.6709,0
-1.23,16.0263,8.7957,2.6633,-10.8673,-12.8269,-10.2037,11.6888,2.2955,8.2343,0
-5.2229,14.1314,6.7009,3.9178,-10.4148,-12.4966,-13.1441,12.5586,2.9896,7.4049,0
-5.3321,13.482,6.0231,4.0802,-10.2722,-9.2851,-11.6259,12.0227,3.4431,4.7449,0
-3.768,12.7218,6.4437,2.398,-11.7893,-13.2562,-14.2597,11.2754,1.0112,6.2657,0
-0.9134,15.056,9.4251,3.5464,-8.5682,-11.4061,-14.224,6.8766,4.8127,8.5527,0
-4.5936,13.1405,5.829,3.5337,-8.632,-12.9343,-12.6433,10.5703,3.2035,6.9307,0
-4.0461,13.366,6.639,4.4152,-9.6913,-9.9893,-15.1639,10.4174,4.3815,6.2987,0
-2.7745,16.1712,8.5177,3.0995,-11.0859,-14.1505,-13.5101,10.4963,3.619,6.0113,0
-4.2444,10.8523,5.5499,3.6747,-7.7456,-10.4665,-12.7658,12.414,1.8171,6.7924,0
-4.8745,14.8187,7.1869,3.4074,-11.4933,-9.2596,-10.1304,9.4734,2.5238,6.5896,0
-2.5842,12.6821,2.7103,4.9985,-9.1787,-12.9346,-14.1688,13.3376,5.2051,7.6501,0
-4.028,13.6459,6.7634,4.6521,-11.6332,-11.5289,-11.7421,10.9187,5.1012,5.2349,0
-3.846,12.1378,6.9709,0.7419,-11.0509,-12.4745,-12.2166,12.0602,0.4381,8.243,0
-0.0177,13.5904,5.9981,7.1963,-12.2979,-10.29,-12.9881,13.003,3.5731,5.4942,0
-5.1906,13.0087,5.4494,3.0315,-11.1657,-12.5612,-11.3748,10.2388,1.1312,5.9898,0
-3.6612,10.9017,7.4573,1.389,-7.7529,-9.5342,-13.8573,9.8675,2.876,7.1614,0
-3.802,13.1957,7.0474,2.054,-10.8342,-13.4489,-11.7969,11.4335,1.8733,9.0903,0
-3.6333,11.9672,8.2449,3.5568,-9.7276,-10.9588,-12.5817,10.5926,3.8674,3.3848,0
-4.4146,16.1047,5.8092,2.054,-10.9914,-12.1424,-16.5699,10.6394,3.2372,6.1634,0
-3.9811,13.586,8.4941,2.6741,-11.1806,-10.7419,-12.3885,13.1033,2.0912,6.3906,0
-3.2563,12.0326,6.9904,0.7612,-12.973,-9.77,-13.8333,11.2887,3.0066,4.7776,0
-3.8317,11.6718,9.0463,0.9258,-10.6131,-11.8836,-12.4019,10.4881,2.2555,7.522,0
-3.7197,14.2964,5.4878,0.8525,-10.1586,-10.7984,-12.3178,10.8654,3.3411,3.8071,0
-0.9311,13.2751,8.0062,1.7056,-9.8574,-12.2744,-12.5794,10.4513,3.0772,7.2891,0
-5.6126,12.4947,7.6458,6.1071,-10.5266,-9.4335,-13.4179,13.8987,0.4126,6.3841,0
-6.2021,9.7616,7.406,3.169,-10.7467,-10.4795,-8.61,10.598,3.7986,5.2681,0
-3.3209,13.1641,6.344,5.6881,-8.5537,-10.115,-16.7138,10.4438,7.088,5.8962,0
-2.109,15.6843,7.2883,1.697,-13.9724,-9.2939,-14.4796,11.2495,1.1587,5.8443,0
-3.7132,13.9243,5.2876,4.7551,-11.2148,-12.8319,-13.421,11.0368,3.2743,8.2854,0
-4.1185,13.342,5.305,4.1906,-10.043,-10.9502,-16.1145,13.1519,1.1919,5.3553,0
-3.2263,11.7266,4.7196,-0.2262,-9.2379,-11.1379,-8.8666,9.4938,1.6513,5.3941,0
-3.3991,12.8161,7.8783,1.4919,-12.3918,-13.0175,-16.5929,10.2082,2.582,5.295,0
-1.8987,15.3635,6.4576,0.2689,-11.1695,-11.2199,-14.2432,9.9387,2.0533,5.6624,0
-4.7171,13.8339,7.5004,1.5938,-8.4128,-11.7903,-15.6842,11.5565,1.8073,6.7241,0
-7.3693,15.6101,7.9683,0.709,-12.5376,-7.8118,-14.3636,9.734,-0.3656,5.716,0
-4.1054,14.5947,4.8612,0.6793,-9.643,-8.8101,-15.6142,12.6076,3.0898,7.8799,0
-3.8691,9.738,6.7319,4.55,-11.6601,-10.9021,-13.5217,6.636,5.5405,4.8901,0
-3.0052,13.3914,8.8462,3.5688,-10.6718,-11.6604,-12.0607,8.1751,4.0023,4.5936,0
-1.8854,13.7634,7.926,3.0827,-12.948,-11.6113,-12.2489,11.2353,4.8049,6.8471,0
-5.2138,12.3273,7.1142,-0.5113,-7.8093,-9.6575,-11.4169,8.6144,4.9003,9.5894,0
-5.7451,14.6785,6.9615,0.6431,-9.5801,-9.0698,-14.1592,12.7342,0.5333,4.0,0
-3.5589,13.5595,5.885,4.1741,-9.5231,-9.033,-13.4422,11.8892,2.365,9.3229,0
-4.9826,16.6794,7.0122,0.8965,-8.2673,-10.1313,-11.9808,12.8211,3.5404,5.3538,0
-2.3002,13.5226,7.9886,-0.2708,-9.649,-11.278,-10.7775,11.9199,3.3932,6.9716,0
-5.2615,15.9563,9.9469,3.5491,-7.9338,-11.1739,-14.4532,11.0467,3.6859,5.6512,0
-2.9571,13.981,5.4624,3.7379,-9.0241,-10.063,-11.5285,9.1592,3.7354,4.4868,0
-5.4349,12.575,5.5467,2.1378,-10.6407,-9.0644,-13.7392,8.6068,4.7436,4.9865,0
-3.8519,14.1912,7.2592,4.601,-9.6009,-11.6121,-9.9896,11.2768,2.8124,7.6881,0
-3.3896,14.1203,10.6981,2.5471,-10.7961,-10.1453,-11.6502,8.7255,0.0851,5.3615,0
-6.2147,12.8842,7.7136,1.6236,-12.4597,-10.2162,-11.9637,8.4428,4.2638,7.4681,0
-2.3327,15.3491,10.2628,2.4256,-10.1551,-10.9448,-13.2545,13.2846,1.0159,4.9506,0
-1.698,15.0515,6.4151,4.2414,-9.8076,-8.0698,-13.1457,12.5237,6.9965,7.1393,0
-3.6898,14.6051,6.4119,6.5417,-10.0493,-10.7296,-14.511,12.6311,4.3342,5.4961,0
-2.8991,11.2586,7.2373,3.6389,-7.7584,-11.4764,-15.175,9.6421,1.0286,8.2472,0
-1.4408,14.0018,8.7918,3.1607,-10.4621,-10.8197,-13.7231,8.6636,3.4298,6.1817,0
-2.6458,13.6617,6.7158,1.653,-10.2112,-9.2128,-14.9725,11.1165,3.383,5.1651,0
-4.6456,13.8673,5.2597,3.4846,-11.6625,-8.7259,-9.7508,9.6941,3.8348,5.1521,0
-2.2024,11.6235,7.6807,1.6503,-10.6299,-11.8667,-12.024,9.7298,3.8614,5.726,0
-3.9355,13.7431,5.8171,3.2753,-8.0239,-11.4873,-11.4998,13.2324,1.8092,4.0596,0
-3.3109,12.7003,9.7627,3.012,-11.5227,-12.0409,-11.6226,10.1285,3.0992,7.6759,0
-4.4902,13.4525,6.935,3.9847,-9.4333,-10.6503,-13.162,10.4276,0.817,6.6286,0
-0.9255,12.1959,5.8003,1.6537,-9.2326,-9.6474,-13.4953,9.6083,3.172,3.8952,0
-3.5487,14.8287,5.083,0.661,-7.9503,-11.2378,-11.5536,10.7543,2.7905,6.8998,0
-5.0898,13.7202,6.3876,0.979,-9.8132,-10.7151,-13.493,9.17,5.4206,7.5572,0
-2.3176,13.0633,4.366,5.8891,-10.4111,-11.4434,-12.6323,12.736,2.9989,8.16,0
-2.1393,11.9069,5.9491,4.3961,-14.3884,-10.5443,-15.4037,10.2705,2.5852,5.7048,0
-4.5922,11.8757,10.3977,5.7609,-12.0625,-7.947,-13.8567,11.1791,2.9385,5.2526,0
-2.288,13.7103,6.245,1.0029,-11.6598,-12.7822,-13.2392,9.1903,2.6351,8.2973,0
-1.9648,13.473,6.8292,5.7796,-9.5383,-10.8119,-15.3965,11.5761,4.2774,5.2947,0
-3.327,12.9761,6.6838,-0.772,-10.6521,-8.8661,-14.2046,11.0641,1.8995,6.7828,0
-4.0886,12.1126,8.9586,4.3532,-11.2268,-9.5735,-12.4514,11.9487,0.4921,7.7521,0
-4.6183,12.9847,10.9166,3.4126,-10.8989,-13.6281,-11.1728,8.9675,1.5283,5.7451,0
-1.6392,14.6813,6.7231,3.4222,-11.22,-10.1107,-13.1475,12.4384,4.4842,6.9831,0
-4.3073,14.6342,6.8219,1.3369,-10.9244,-10.1934,-11.8922,10.71,1.2197,6.3273,0
-3.5936,13.8002,8.3396,4.4881,-11.2108,-11.2444,-14.8178,12.0335,5.2067,5.7696,0
-4.1259,15.7216,7.7182,3.6141,-12.1058,-9.3021,-14.6512,9.2843,2.5133,5.3635,0
-4.0962,11.36,8.398,4.6513,-13.2405,-8.8525,-14.4733,12.2707,2.9308,6.2853,0
-4.0414,15.3396,5.1004,3.8715,-8.6674,-9.2457,-9.7704,10.1919,4.4694,6.083,0
-1.9137,13.5099,6.378,4.9189,-11.0568,-12.4393,-14.0328,11.9138,5.1215,6.4089,0
-1.7865,11.4842,6.2949,2.5269,-10.4913,-10.194,-12.2211,10.3181,3.242,6.1745,0
-5.1526,13.3509,6.7443,2.7121,-10.2718,-10.2067,-13.9059,12.8944,1.2792,5.1607,0
0.4061,11.9644,4.9292,4.0615,-13.4351,-10.6731,-10.0388,8.6679,0.0605,3.9934,0
-2.4163,15.2086,6.1909,3.9846,-8.2341,-7.6391,-13.627,7.5331,1.8021,5.602,0
-4.1522,13.2396,8.6382,4.8714,-10.577,-8.6724,-12.721,11.082,4.3933,6.3506,0
-0.6771,11.3638,6.1871,2.77,-9.6603,-8.4182,-13.2941,8.8519,4.2972,7.3746,0
-6.6766,13.5157,4.5746,1.9628,-11.6737,-9.1063,-13.0822,9.0569,4.3535,4.0915,0
-3.2686,12.3004,6.4113,3.7162,-9.5373,-8.3147,-13.3809,11.445,2.3768,6.5152,0
-3.1046,13.374,4.2542,3.457,-9.7726,-11.3404,-15.1841,13.1991,3.7706,5.8986,0
-5.4693,12.2887,8.9137,3.1662,-11.1453,-9.5556,-14.4791,13.2365,5.0627,5.5423,0
-4.7068,9.5942,4.7374,0.9505,-10.1167,-10.8095,-15.2755,10.5635,3.7915,7.0339,0
-6.6133,13.329,4.8848,4.3123,-9.1432,-11.6672,-14.4066,10.2934,-0.3457,6.7461,0
-4.1731,14.9767,5.3122,2.0311,-12.5792,-11.8266,-15.0305,12.4792,1.9861,6.4284,0
-4.3349,11.6172,6.7074,3.8584,-12.1311,-9.1065,-14.5321,10.2608,3.8295,5.247,0
-3.7074,13.0494,7.1539,-0.6114,-13.064,-9.3962,-11.7017,9.6196,2.6674,6.6843,0
-2.724,10.4799,5.6308,2.4609,-9.2647,-6.5725,-13.5995,8.8748,3.6369,8.2237,0
-3.6018,12.1615,8.3968,3.9551,-11.8586,-9.748,-11.7616,12.7581,2.9338,5.7051,0
-1.9229,11.7062,7.6177,0.9047,-8.7214,-10.7072,-11.3546,11.7224,1.1986,8.3791,0
-1.4369,14.8449,5.8174,2.5007,-10.1013,-11.3757,-10.719,11.2018,-1.0216,6.7512,0
-4.286,13.409,6.4069,4.1703,-8.6399,-9.8956,-13.7665,10.9233,3.0628,5.0385,0
-2.8954,14.2115,9.2705,4.8428,-11.348,-9.0897,-14.6839,12.0292,2.2585,4.7073,0
-3.3437,9.5096,4.3334,2.6935,-10.1958,-10.8741,-15.6266,9.7584,3.6203,7.1148,0
-3.7881,15.2567,7.5559,1.8386,-10.7402,-12.4245,-13.4197,12.6534,4.0614,8.3452,0
-4.2181,15.5406,6.6699,5.1671,-10.3522,-9.2593,-11.0448,10.6951,3.361,8.1755,0
-3.9633,11.5401,10.1743,2.2551,-10.0813,-8.5862,-14.1702,9.4735,3.4141,3.5526,0
-4.1957,13.889,6.5549,0.6446,-7.9282,-10.1649,-11.1108,10.5952,1.7134,6.6459,0
-4.0875,11.7548,9.1645,2.0263,-13.0798,-8.3279,-14.0139,10.0735,0.3854,8.8536,0
-5.698,13.6091,8.3287,3.5923,-10.4089,-12.8727,-14.4721,11.267,1.8527,6.5472,0
-2.7412,14.9652,5.1205,6.2547,-9.1682,-10.3227,-11.6232,14.5334,0.8754,5.9043,0
-7.3314,13.8104,7.5079,2.901,-11.3012,-13.3944,-12.6972,13.1684,2.1469,6.9023,0
-6.116,14.2072,6.3697,1.8161,-11.46,-10.9106,-12.6838,9.017,2.4378,6.18,0
-5.4124,16.2164,5.6796,1.9556,-11.7869,-7.6224,-12.4281,9.5804,4.6928,6.5432,0
-3.3779,13.0047,5.8357,3.4664,-11.1371,-7.595,-15.1614,13.2895,2.8665,6.6908,0
-2.5141,12.5761,8.2562,-1.1016,-11.3994,-11.7063,-15.1378,10.6629,3.6121,7.2962,0
-3.4025,12.5229,7.5133,3.1462,-8.9154,-9.1548,-13.2118,9.6394,2.054,5.4175,0
-4.2367,13.9235,8.0326,2.8831,-10.2953,-10.1052,-14.0313,9.5972,0.4003,5.1995,0
-3.0541,12.4671,6.6031,3.6594,-9.5384,-11.9395,-11.7619,12.6763,1.3387,5.0064,0
-1.9772,13.3011,3.6302,0.8602,-10.6935,-12.0647,-13.8776,11.0339,5.2268,5.8065,0
-2.155,15.6646,9.1113,3.3869,-13.2644,-9.6289,-11.6849,10.8637,5.6503,7.5319,0
-2.9114,15.151,7.4599,-0.7795,-11.0681,-8.5244,-14.4689,10.6501,1.4662,8.9181,0
-1.2416,12.1956,7.1808,1.939,-9.397,-9.5556,-12.0399,11.4832,7.4366,4.7003,0
-6.3297,12.9318,4.6078,0.7211,-11.8214,-11.7034,-14.6894,11.7626,2.2742,5.9729,0
-2.4224,12.3719,6.563,3.5084,-13.2318,-13.8975,-12.7383,11.7233,6.1298,6.4793,0
-2.5342,13.2282,7.4057,5.4606,-13.5054,-9.6997,-10.0541,11.4083,5.5093,5.2984,0
-3.8119,13.5717,3.6334,1.2075,-11.9648,-9.0871,-11.9493,11.4713,4.2696,5.996,0
-1.9609,13.5346,7.0466,2.5614,-9.2928,-10.952,-11.7928,9.2871,1.3851,7.2733,0
-3.8966,12.8406,8.2949,2.0489,-10.6197,-8.2213,-10.9488,13.3439,2.6103,8.0882,0
-5.1872,12.1611,3.4341,5.4691,-11.6154,-10.51,-14.623,12.028,2.47,4.285,0
-3.1013,11.3708,5.7037,-0.2006,-12.4554,-10.0524,-16.2043,8.7636,3.0299,5.4268,0
-0.7757,16.2723,5.6579,3.7955,-9.1955,-11.2164,-15.5008,10.9668,2.7742,5.5885,0
-3.1003,12.3953,5.2318,3.1234,-9.7405,-12.0851,-11.8654,8.3296,2.1663,5.8552,0
-4.7181,12.6738,9.7664,1.6834,-6.6576,-9.6645,-13.1194,11.6996,6.8283,4.7518,0
-5.4444,12.3891,7.008,0.3711,-10.2859,-7.7798,-13.0304,10.5463,2.1062,7.5899,0
-5.0025,16.291,9.8599,3.3449,-10.3367,-8.7742,-11.6153,9.7763,2.2436,4.2587,0
-3.1502,14.5214,4.9349,2.277,-12.3403,-11.6684,-12.431,9.8851,2.5822,3.8012,0
-3.4833,13.455,5.8664,2.6762,-10.049,-11.5425,-15.4719,13.6936,2.0835,6.097,0
-2.2475,18.815,5.0931,3.6345,-11.3808,-11.1283,-14.3378,9.2968,2.9715,4.0304,0
-2.3436,13.6039,7.5935,2.2605,-10.8702,-9.8888,-15.0036,10.4483,1.744,4.9063,0
-6.9286,15.5304,5.93,4.7048,-8.7163,-12.2492,-14.8901,14.826,5.6598,6.1949,0
-3.3777,12.5752,7.6083,1.884,-13.368,-12.3025,-13.2259,9.2887,2.9325,4.6302,0
-4.9373,14.8012,7.331,2.9453,-9.001,-9.5993,-11.0876,10.2955,2.389,4.2905,0
-4.4073,14.9686,8.9098,4.4002,-13.0107,-8.6954,-16.0153,12.3325,2.4818,7.296,0
-5.7625,15.2782,4.7624,1.9571,-11.8166,-12.9516,-13.1157,13.6944,7.0338,6.3879,0
-2.0888,13.8696,7.7081,2.4465,-10.0268,-9.5139,-14.1252,10.869,2.9458,7.4818,0
-5.3628,13.4441,9.8278,4.7058,-8.2957,-10.2835,-12.776,12.4886,5.3738,3.3148,0
-5.737,15.4856,6.5445,1.9522,-12.2007,-11.1527,-15.361,14.1219,2.9998,6.1553,0
-2.8817,14.9649,8.3787,4.5702,-11.2657,-10.767,-12.1039,10.1942,3.0258,6.8403,0
-2.586,10.8549,8.0319,2.6092,-9.2583,-9.1548,-10.8456,13.0155,5.0533,8.4077,0
-3.3267,13.5697,8.269,4.0579,-10.783,-9.7129,-13.3101,9.7044,4.9691,6.325,0
-0.6907,11.0832,6.1247,3.0087,-8.6134,-9.721,-12.7918,9.2944,1.298,6.7259,0
-5.81,12.7236,7.7112,1.4863,-7.9114,-8.4843,-15.6146,9.5867,-0.3952,5.0683,0
-2.6142,12.9006,7.651,0.6763,-9.1225,-11.1528,-13.2392,10.846,1.1261,4.5126,0
-2.3121,14.1199,8.5349,3.4467,-10.105,-12.9092,-13.663,10.9442,5.9631,7.2726,0
-1.4597,14.4177,5.8929,3.1354,-9.9651,-11.7289,-13.8341,10.6766,5.4419,3.1211,0
-1.9551,12.1162,4.9017,4.7297,-9.2216,-8.4384,-12.0564,14.0751,3.8715,6.0075,0
-3.2494,15.3866,5.7908,1.9819,-10.7829,-13.477,-13.0504,8.1561,3.113,7.5401,0
-4.4791,16.0371,4.7691,4.7466,-9.3067,-12.8942,-9.1913,10.8897,1.7172,4.1315,0
-4.0938,13.3303,7.1138,2.5131,-9.3696,-10.9016,-16.1599,10.7612,-0.5178,6.7728,0
-5.2327,13.7665,8.9309,1.5366,-8.7276,-10.9702,-10.6277,10.4376,1.7727,7.273,0
-4.4175,12.2593,6.2431,2.8928,-8.3062,-13.2213,-13.2229,11.9226,3.3236,8.207,0
-3.8753,13.2446,7.8483,3.1087,-10.9051,-9.5459,-14.2363,10.0685,2.2415,8.2718,0
-8.5953,14.1148,7.0112,0.4384,-9.8549,-9.6065,-12.373,7.0075,5.083,5.1356,0
-2.7339,14.633,5.6448,3.9504,-10.8977,-13.4272,-11.5059,9.8227,1.7517,5.6376,0
-3.3554,13.4355,7.7819,0.9505,-11.433,-10.4942,-10.4107,10.8146,4.6613,6.3,0
-4.4893,13.1513,6.7072,3.8652,-8.2575,-9.7806,-11.4769,9.5381,2.4115,5.1557,0
-3.2921,12.983,8.0545,1.5633,-10.2549,-9.2899,-16.3554,14.1677,2.6087,3.2046,0
-3.5267,13.5716,6.837,4.4465,-9.1983,-9.8734,-12.5823,10.8287,5.6967,4.0234,0
-3.5543,13.619,8.1797,1.694,-12.9349,-10.0849,-12.8356,13.2197,1.1279,7.9742,0
-0.2127,12.9548,5.0234,2.3493,-10.2984,-9.4745,-14.1446,13.3181,1.3617,3.6334,0
-2.1037,10.1095,6.6536,7.6363,-10.3375,-12.0013,-13.3436,10.9091,3.2744,7.2356,0
-5.3225,16.0528,7.3275,4.0499,-11.2617,-8.3906,-13.6431,11.4016,1.6338,4.7468,0
-2.7315,12.856,5.6791,1.995,-9.271,-11.2637,-13.434,11.0078,0.1574,4.0355,0
-3.2594,12.4159,8.5449,4.41,-9.2407,-7.5905,-13.3821,11.9586,2.1568,9.9207,0
-0.7883,13.5392,7.5397,4.9987,-10.5402,-11.3051,-11.9465,11.1029,3.3079,4.9908,0
-6.3403,13.8756,8.3173,2.621,-8.1648,-11.376,-14.8395,10.8844,2.9096,7.3971,0
-4.9262,15.5736,9.9102,2.901,-8.4449,-11.9049,-11.6447,12.5562,4.3286,6.2188,0
-8.1952,12.5588,6.0209,1.4924,-10.1361,-10.9486,-14.4944,9.3971,1.9602,7.9244,0
-4.7553,12.749,6.2748,3.4682,-9.6351,-14.8871,-11.725,13.1398,1.4582,4.7837,0
-4.4392,12.3874,7.2957,0.04,-11.9963,-8.0114,-14.6498,12.8504,3.5665,3.5283,0
-2.8108,13.3449,6.2766,3.3272,-9.6075,-9.2588,-11.4901,11.5975,0.97,5.5317,0
0.6508,14.6082,10.5137,5.0529,-9.9567,-9.8681,-13.3124,8.3786,3.0605,8.0582,0
-4.6633,14.1394,8.2372,1.5952,-10.9964,-11.847,-14.4907,9.0539,1.6828,8.3714,0
-5.137,13.7111,6.2055,4.7281,-8.3527,-9.0241,-12.7983,10.6387,1.2456,9.1575,0
-4.9033,14.5169,8.5492,2.1268,-8.7624,-9.1738,-10.6655,10.2813,1.1047,5.4839,0
-3.4505,13.6087,6.3697,0.096,-9.6137,-7.3616,-12.5611,11.899,3.8921,6.8377,0
-2.3663,14.1145,6.4908,1.7658,-10.6929,-9.849,-13.7316,11.4568,3.6922,7.4919,0
-1.8396,13.6384,4.9982,2.4421,-10.2533,-13.0738,-11.1745,11.1989,3.6055,8.2905,0
-4.709,14.3825,6.795,2.6836,-11.4777,-7.8218,-13.8207,12.0345,0.2209,8.0122,0
-2.1855,13.6676,6.6194,3.5598,-6.8863,-12.965,-12.0845,9.6179,3.0036,5.8704,0
-4.4063,13.5057,5.2586,4.5035,-13.0107,-9.5105,-13.7473,9.2289,3.337,3.9068,0
-3.7042,11.3871,7.6517,1.5732,-10.9959,-9.8792,-14.4163,10.8983,0.7627,7.1885,0
-1.1164,17.7097,7.0966,4.1421,-12.9904,-8.0661,-12.0931,10.2594,4.8892,5.8605,0
-4.4508,14.2344,5.3648,4.4922,-11.9034,-11.8952,-14.622,12.1245,2.1083,4.2202,0
-4.6723,13.4734,5.1884,1.2322,-7.1525,-11.611,-13.7421,10.4344,2.4014,7.1742,0
-2.3416,13.0625,5.1051,4.8714,-10.4625,-7.7247,-16.6259,11.2784,5.9114,5.7123,0
-4.102,13.9647,6.1216,2.4916,-10.8262,-11.2613,-11.4142,11.6769,3.4094,7.455,0
-4.1603,12.3601,6.0559,2.9624,-11.9083,-11.0706,-14.0317,14.1721,-1.1273,5.9727,0
-1.1753,13.7042,8.0899,3.1095,-11.3204,-13.683,-12.9493,9.8219,1.8329,5.4937,0
-1.1465,17.1287,7.2856,2.2626,-12.0853,-9.6174,-10.5831,10.6143,-0.535,7.2473,0
-2.2857,11.1427,7.2245,3.6366,-10.4291,-11.5063,-11.7336,10.3802,0.8057,3.168,0
-1.8725,14.4464,7.0918,2.2993,-11.1129,-11.9338,-13.9047,7.8052,1.9294,5.7758,0
-2.849,13.4615,8.1522,4.9835,-8.7322,-9.6144,-13.2397,9.5141,4.1434,8.7618,0
-3.2506,16.3973,4.6715,1.2285,-9.0366,-9.9237,-11.2868,10.9621,1.7315,5.9218,0
-6.0628,11.8285,8.4185,4.2689,-9.7749,-12.9018,-13.7951,9.1478,4.7983,5.3666,0
-5.3924,13.5661,5.9996,5.1854,-11.4217,-12.419,-16.4869,10.9391,2.1906,4.0988,0
-1.98,14.5223,6.9175,5.0062,-9.3256,-11.5544,-14.8163,12.2123,3.628,6.4968,0
-5.0335,14.4334,5.8266,2.8068,-8.149,-11.3114,-15.617,9.4065,4.5249,6.6243,0
-3.9571,12.7578,7.6879,1.6861,-9.8609,-11.417,-14.604,10.0291,2.4703,6.1689,0
-3.4106,7.9889,5.7483,2.3724,-8.0618,-11.9402,-13.0133,13.2278,1.064,6.8331,0
-4.9672,12.7645,5.7552,1.862,-6.2366,-9.0535,-11.6049,11.7233,0.6241,6.8346,0
-2.1544,12.2413,8.4078,4.0163,-7.5414,-10.9468,-14.9039,10.4428,5.1868,3.4996,0
-6.8664,13.6555,6.2959,2.9713,-8.9015,-11.149,-16.067,14.052,1.5376,4.6536,0
-2.1082,12.9447,6.8647,3.6839,-8.6941,-10.8204,-10.9776,7.7816,4.1731,4.9829,0
-1.7054,13.7345,5.9505,3.954,-8.9797,-9.3573,-14.802,10.2593,3.0273,6.1803,0
-2.6392,10.4991,7.4613,2.5248,-11.5772,-11.4339,-13.5793,5.5837,1.9815,4.9285,0
-2.9646,12.3131,6.6371,5.2732,-8.8279,-8.9668,-14.0073,11.7998,2.6826,5.948,0
-3.1493,12.6259,9.1993,2.7196,-9.3919,-8.1368,-11.71,8.8719,3.7008,7.5183,0
-2.426,11.8515,5.9743,4.4516,-11.4621,-10.7697,-10.8937,10.9136,1.9433,4.9258,0
-3.2647,11.5217,6.5888,3.4596,-8.3707,-9.3188,-14.3286,12.7529,2.5842,4.3886,0
-4.0219,15.6787,7.2077,2.9785,-7.8636,-12.4672,-15.1859,8.5615,3.5924,6.4919,0
-1.4497,13.8866,6.3536,2.9624,-10.1429,-12.8278,-9.192,11.7651,3.3485,7.1649,0
-2.6997,13.3106,6.013,3.8589,-9.7409,-11.535,-11.1289,11.4253,4.1282,8.3301,0
-3.731,13.9969,8.1749,1.8725,-10.2384,-10.1318,-14.6916,14.4617,0.9225,4.295,0
-1.7925,14.5913,5.4209,3.8707,-8.1177,-10.3656,-9.3593,8.3992,4.0742,7.992,0
-2.4268,13.2149,6.5242,3.626,-9.0958,-9.4165,-11.6974,9.457,2.6918,4.8322,0
-4.343,15.0443,7.1218,6.87,-10.0293,-10.2306,-13.0982,10.0286,2.9467,7.9339,0
-3.5928,12.3312,5.5722,2.2845,-10.2086,-8.5298,-15.2682,10.5055,3.2499,3.4916,0
-5.0142,12.5016,5.7659,3.2476,-10.5603,-11.1531,-12.6155,13.5699,5.4923,3.358,0
-2.8982,13.2544,7.1926,2.3623,-10.1431,-10.0931,-14.1259,9.6407,2.3604,6.5936,0
-2.8653,14.8015,6.2185,3.3855,-8.8757,-8.5718,-13.3457,10.6539,3.3201,4.5176,0
-4.0542,14.6383,7.9227,2.5544,-9.9929,-11.5571,-12.2023,10.8686,2.6195,5.6996,0
-3.8581,12.8496,7.947,2.3668,-7.93,-8.1223,-14.5948,11.0898,2.0575,5.7522,0
-0.7602,13.0601,7.5002,3.7717,-11.8204,-11.6028,-15.0665,9.6563,-1.2416,7.0591,0
-0.6825,13.7432,4.8354,1.9956,-11.0078,-11.8465,-11.9672,12.2007,1.3003,7.3298,0
-1.4736,16.3753,11.2576,1.6068,-6.0831,-10.8515,-14.1462,11.4759,2.1604,6.8407,0
-5.7439,13.1633,8.8882,2.8742,-10.107,-9.6073,-11.5015,8.5024,3.9102,5.84,0
-3.5138,15.1114,5.1685,1.4408,-13.2226,-11.1439,-11.2618,10.8044,1.0233,5.5137,0
-5.9956,11.8337,7.543,1.1989,-8.6505,-10.4268,-13.1291,10.5677,4.1927,7.4169,0
-3.2612,14.3686,6.6417,3.7731,-10.8263,-10.3168,-13.6695,10.2995,1.9998,6.9437,0
-1.7979,15.2781,5.075,4.8936,-10.7967,-9.4191,-14.6168,11.1983,3.504,4.0153,0
-2.8514,15.5403,6.6978,5.0,-10.604,-9.0458,-16.5853,14.6135,5.2766,5.8152,0
-6.7219,13.9535,4.7939,3.627,-9.7021,-11.7323,-11.576,12.1936,4.4972,6.2555,0
-5.8871,14.9882,6.5543,0.8751,-8.2914,-7.1711,-13.3194,14.224,3.1704,5.6715,0
-4.7095,15.9771,5.7896,4.0627,-11.1582,-11.0106,-11.7121,10.4152,2.4263,7.9414,0
-1.3677,14.4885,5.9777,2.1938,-10.1996,-9.8388,-14.7393,12.0698,3.1617,3.6686,0
-5.1572,12.7652,6.8505,5.7937,-9.9622,-11.5813,-12.9265,10.4572,3.5206,7.113,0
-1.95,13.485,9.4183,4.3218,-11.3806,-7.0054,-12.767,9.7326,5.5128,9.3588,0
-3.8133,12.766,6.7013,4.0319,-8.4027,-9.4644,-13.1049,13.2323,2.5642,7.7886,0
-4.1959,14.168,6.7895,2.876,-10.8855,-8.3029,-14.3569,9.8749,6.2149,7.7089,0
-7.3415,12.6735,4.2418,1.5337,-15.0272,-10.5256,-14.9704,11.0751,0.5958,6.3665,0
-4.3862,15.7744,9.0769,4.1378,-10.8094,-7.3421,-15.587,8.8799,2.9078,9.6232,0
-4.0673,13.2466,4.797,4.3786,-8.8897,-9.1366,-14.2013,9.9252,1.0938,6.368,0
-5.3844,11.7553,6.3243,2.226,-11.1264,-9.6205,-13.1389,10.5531,3.308,4.7549,0
-3.6059,13.7473,4.7052,4.4533,-11.6416,-10.1847,-11.5109,12.3738,3.085,5.6984,0
-2.3425,14.5335,6.0323,1.7674,-13.428,-10.0891,-13.3815,12.6896,3.572,8.2435,0
-4.8098,15.2287,6.1664,4.1261,-12.5076,-9.9675,-16.2345,10.5846,3.694,5.4607,0
-5.3395,14.7906,6.8046,2.2254,-10.2566,-6.3652,-11.5272,12.7291,3.6868,6.4919,0
-7.3579,12.503,6.239,0.1474,-12.0556,-13.2914,-13.315,12.2134,4.6936,6.8644,0
-5.2089,10.6233,4.3245,1.0563,-11.6527,-10.5598,-14.7787,11.4937,2.685,6.258,0
-2.0534,11.7511,7.5879,2.9388,-10.8197,-8.9923,-11.939,9.5655,2.7602,6.664,0
-4.1733,14.399,7.3816,5.7086,-12.6149,-10.5038,-14.6202,11.8914,0.6077,6.7616,0
-4.7089,12.4202,4.7901,2.2621,-8.6927,-10.3579,-12.316,13.4822,3.4291,5.404,0
-3.0629,12.705,6.2032,0.6799,-8.9301,-10.8992,-12.9843,9.4313,3.6874,5.0993,0
-3.9764,14.8382,8.146,2.9267,-12.9716,-5.8309,-10.6387,12.0693,1.9036,6.0718,0
-4.5789,15.4172,7.3536,1.7835,-11.0256,-8.6384,-10.8573,13.2778,4.169,5.8632,0
-8.6261,13.9672,6.9571,3.1697,-10.2386,-12.3096,-12.4214,11.9336,4.057,7.662,0
-2.8577,12.9064,6.8536,3.0964,-10.1579,-8.8228,-12.292,14.1013,6.3432,6.3617,0
-9.5188,15.3767,6.1493,1.7575,-10.9171,-10.9901,-12.3391,8.6461,1.4169,6.7569,0
-2.8294,14.4837,5.7793,1.4924,-11.0794,-9.9604,-11.0293,7.9141,2.7024,4.2432,0
-6.2422,14.9719,7.7768,3.6339,-8.9379,-11.0397,-13.9064,14.2639,2.6636,7.3449,0
-3.7542,10.749,3.8929,2.0913,-8.7353,-9.1377,-11.8864,9.5047,5.4573,4.7948,0
-3.4446,13.5059,6.699,4.9676,-11.3771,-12.3446,-13.2275,10.3855,8.0995,7.2569,0
-4.3778,11.9373,4.1394,1.4219,-10.147,-8.1792,-11.575,11.3289,2.5487,6.6454,0
-4.5418,16.099,6.676,2.8302,-13.6432,-10.6133,-12.0028,9.3837,1.9074,7.4312,0
-5.9788,15.1081,6.1616,2.3769,-12.0053,-9.7531,-9.5677,12.1575,1.737,7.9456,0
-4.2388,15.5832,8.1698,-1.455,-11.8256,-8.9036,-13.03,9.4497,2.0831,3.3828,0
-3.8964,16.8375,8.1672,6.2454,-8.9958,-8.7789,-10.2964,11.5512,2.7526,7.7912,0
-1.583,12.8015,5.8775,3.168,-9.0722,-9.123,-15.3937,13.8527,2.0717,5.8446,0
-5.1178,17.5689,7.3229,1.6833,-9.0236,-9.1665,-13.5391,12.2462,1.7955,5.5028,0
-6.7791,11.5355,9.6713,5.4219,-10.2208,-7.8258,-13.4976,10.6202,3.1182,6.0548,0
-4.0866,15.2365,7.185,4.0285,-8.7724,-9.7379,-14.7129,8.956,3.2566,5.9853,0
-3.6327,13.4973,10.8352,0.9644,-13.3044,-9.8216,-13.8221,11.4594,3.9093,8.1683,0
-6.0246,12.6864,7.603,4.1154,-7.0293,-8.8866,-13.3427,9.6496,2.187,5.3531,0
-2.7809,13.9069,4.9743,2.3059,-9.0031,-9.7927,-12.4045,11.5597,5.4731,6.5962,0
-4.3428,12.1478,7.3342,-0.7013,-10.5959,-10.6289,-15.3042,9.5929,4.2479,6.5882,0
-3.6111,13.981,7.0988,4.824,-10.1343,-12.5075,-10.8123,11.5408,2.1496,4.3621,0
-3.1699,13.3457,9.321,2.4409,-11.5755,-8.9765,-11.8696,11.2383,4.048,6.1856,0
-3.413,15.2689,7.8978,2.7058,-8.2909,-13.8674,-10.1794,8.4263,2.0928,6.1808,0
-3.9835,15.031,5.3731,3.3509,-11.1868,-9.8775,-13.3547,11.1247,2.2086,5.4771,0
-3.3329,14.937,6.0624,1.6566,-9.3993,-10.3689,-12.0117,9.6266,0.3643,5.4427,0
-4.9133,13.4032,6.0046,4.0713,-10.7517,-10.0945,-13.021,11.2777,2.9973,7.0081,0
-4.9573,15.6206,6.605,0.9924,-10.0373,-11.5969,-12.2595,14.2997,1.8536,6.7407,0
-6.3971,14.2023,5.6312,2.0225,-11.9714,-9.2219,-11.7465,11.0204,1.7368,8.6265,0
-4.8894,10.2784,7.6474,1.3026,-8.8365,-10.8919,-12.3519,13.0875,1.2202,5.3933,0
-3.8773,15.8278,5.9722,2.068,-9.6022,-11.186,-13.0287,8.658,6.3549,4.2206,0
-4.2464,13.4727,9.8289,0.9725,-7.3439,-9.1844,-12.6318,9.5083,3.8902,5.1569,0
-1.8638,12.0648,6.7901,2.1268,-11.8007,-9.2082,-12.4543,12.7988,0.3636,7.8384,0
-0.0056,12.844,9.8025,2.565,-12.3781,-10.7786,-11.6852,9.728,2.1329,7.1325,0
-3.7592,14.3984,7.3166,3.6792,-10.9679,-9.9726,-14.6486,12.9179,2.082,7.9354,0
-4.1142,13.8244,6.2174,1.4358,-12.9366,-11.9032,-13.7434,11.3031,4.549,5.5735,0
-5.0867,11.3574,7.6799,5.0345,-8.4199,-9.2553,-12.2997,13.5317,3.5316,7.2114,0
-4.245,11.4784,5.934,2.946,-10.2283,-7.4307,-13.1356,12.7535,2.3808,5.7747,0
-5.7573,12.4079,7.7503,2.9711,-8.905,-10.0483,-13.7862,14.2077,2.8926,7.9867,0
-4.3656,14.5858,8.3518,3.2725,-13.8512,-10.2928,-11.4118,11.7765,3.7022,3.6588,0
-4.8445,14.1385,7.5754,4.7818,-10.5367,-9.7114,-13.2329,9.5049,-0.3502,6.8887,0
-3.5029,12.5942,4.5311,3.9044,-10.7183,-9.4849,-10.4614,7.7731,1.984,5.9281,0
-1.5816,11.0668,9.8636,3.1635,-10.4634,-10.6173,-13.9119,12.5575,1.4307,6.7603,0
-4.3401,12.3782,10.8388,3.5883,-9.3995,-8.6135,-15.3895,13.6137,-0.73,5.089,0
-4.4523,14.394,7.2879,2.7095,-10.3374,-11.7872,-15.5033,12.0751,4.074,8.6189,0
-4.9488,14.5607,6.5343,4.7455,-8.7865,-10.0034,-13.7668,12.4267,4.0038,5.2155,0
-5.7555,13.0886,9.2329,4.6795,-11.9879,-12.0718,-11.3455,9.2818,3.7974,5.3181,0
-1.3382,12.3658,8.6749,3.237,-9.9411,-13.2756,-16.5619,10.6544,3.4038,4.5544,0
-5.3968,14.3636,7.8041,2.7531,-9.1491,-12.0815,-13.7914,13.4571,3.1359,6.4316,0
-0.3049,11.4224,8.1545,5.4557,-10.8067,-9.0307,-14.7305,9.9552,3.6109,7.44,0
-2.0824,15.8759,6.8586,4.7502,-10.8329,-8.967,-12.9463,11.6538,3.6687,3.8351,0
-5.45,13.6752,4.4289,4.2066,-9.0121,-9.8294,-14.9392,13.0555,6.0893,6.4628,0
-2.998,13.824,7.7554,2.7804,-10.3713,-8.9616,-9.7391,8.8852,2.8777,4.4715,0
-1.3758,12.6398,4.795,3.917,-7.703,-9.3248,-12.9503,11.599,5.1557,4.9309,0
-3.9316,12.8424,5.208,2.4672,-8.6579,-9.4703,-12.291,11.205,3.8184,5.0413,0
-4.2281,13.8094,7.3761,3.44,-10.5269,-10.8863,-8.5208,12.3455,3.6532,5.8924,0
-4.4406,13.3252,7.3991,0.1391,-12.6735,-11.2755,-12.9468,10.6264,5.2506,4.0186,0
-4.8908,15.8016,7.1565,4.287,-7.2426,-11.3609,-13.4065,10.5766,0.1016,5.7766,0
-2.4422,14.3323,7.8884,2.3965,-11.3036,-8.4163,-14.0035,11.4264,3.2785,8.4348,0
-2.3067,11.5785,5.1785,3.8281,-10.4159,-11.0029,-11.734,11.2665,3.1121,7.4119,0
-4.3265,15.8742,5.7777,3.9451,-8.1687,-12.3861,-13.7725,12.6986,4.7693,5.9849,0
-4.8658,14.9553,8.7351,1.2128,-12.1253,-9.9823,-12.3135,10.5367,4.0524,5.177,0
-6.9358,12.8856,7.0547,2.546,-12.0573,-13.0436,-14.0286,12.3318,4.9177,8.0237,0
-4.9877,11.7909,7.7048,3.9124,-9.7192,-13.3413,-14.5578,10.9408,3.7643,7.3931,0
-3.5474,14.0176,7.0871,3.9882,-9.8501,-10.2216,-13.66,11.1072,3.7603,6.6434,0
-3.1926,15.5355,7.3576,1.9863,-8.994,-12.3695,-14.8796,11.4891,3.808,4.3746,0
-4.338,12.6123,6.2298,4.3752,-9.2597,-10.3488,-14.0764,8.9608,5.1637,7.1303,0
-4.8238,14.6008,6.8545,2.5291,-9.6666,-11.4324,-13.7731,11.1675,2.2843,7.2458,0
-0.9602,12.39,4.4621,-0.0429,-10.5451,-11.3149,-12.9457,11.1842,0.6286,3.5199,0
-3.3199,13.7246,6.3211,0.474,-9.6124,-8.4123,-12.8405,9.7141,3.1003,4.193,0
-2.1769,13.6442,4.3076,2.5087,-9.6245,-10.8197,-13.6713,9.1487,3.8833,5.2695,0
-6.9985,12.9645,8.4315,2.3794,-7.7125,-9.6767,-12.7494,10.7927,2.931,5.847,0
-4.2172,14.3177,5.5561,1.3459,-12.0042,-7.2517,-12.462,11.442,1.4472,7.1772,0
-3.9387,13.8427,5.4949,3.2002,-10.9552,-11.4686,-12.1563,8.6787,3.8806,7.2689,0
-5.0833,12.2909,6.6253,3.3828,-10.5487,-9.6698,-10.613,10.2237,0.4607,7.4811,0
-1.2388,14.1106,5.3282,2.7739,-11.9972,-9.3559,-15.2844,10.5351,1.5269,6.4324,0
-4.3133,13.7866,6.9933,1.4798,-9.3791,-10.3933,-14.7403,14.3467,3.7481,6.0123,0
-1.641,16.2842,6.7418,3.4809,-11.8014,-10.541,-13.5561,11.2625,3.5326,7.0819,0
-3.4073,11.7053,5.5521,2.1401,-10.7428,-8.744,-15.0019,10.4492,4.463,5.7924,0
-3.0732,13.3121,7.345,2.617,-9.3188,-12.6377,-13.8025,11.4301,3.834,8.4816,0
-4.3503,15.7407,5.9713,4.9527,-9.0932,-11.6904,-12.7969,10.9084,3.9718,5.9073,0
-4.2247,15.5751,6.8117,4.1994,-10.6575,-7.8202,-14.275,10.0641,5.3202,5.5748,0
-1.3622,14.8592,6.7278,0.2398,-10.3484,-10.1677,-11.5067,13.368,2.006,7.4439,0
-2.6157,15.1315,7.7079,0.046,-10.5526,-12.0537,-13.5614,12.4553,3.4912,7.9643,0
-3.2512,11.5739,3.1785,3.183,-10.6403,-11.7856,-15.8084,9.8832,2.7417,7.241,0
-3.4808,15.9335,5.4064,4.2813,-10.2485,-9.2782,-13.9123,12.5928,3.4763,5.223,0
-3.7818,13.1621,7.6936,1.1901,-10.3635,-9.7272,-13.208,13.0057,4.1945,6.231,0
-3.4388,13.9649,7.5648,0.2213,-10.7717,-12.5468,-11.3401,10.894,2.7434,7.5874,0
-3.1303,11.8285,6.8535,2.457,-12.9362,-11.3556,-13.5328,10.8129,0.8101,7.9697,0
-3.917,13.5778,7.5608,1.7776,-9.6349,-10.8708,-14.6024,11.8455,5.271,7.3294,0
-2.3793,12.7405,4.5634,5.195,-7.2377,-8.006,-13.7612,9.2533,1.4349,3.7166,0
-3.9249,15.9299,6.7473,3.4132,-8.256,-10.9263,-10.2042,13.9734,2.8368,5.3759,0
-2.7179,13.0001,5.225,4.8816,-8.4948,-10.0869,-15.1518,9.141,3.1943,5.4924,0
-4.2754,15.0544,8.0596,5.027,-11.8054,-10.835,-12.119,11.6574,5.332,6.873,0
-0.9916,14.3315,8.5531,2.4745,-10.298,-8.9537,-10.838,12.0791,2.9087,8.3082,0
-7.0518,11.3881,7.9823,2.9809,-9.4112,-10.2236,-12.4011,9.7637,3.8892,7.7338,0
-1.933,16.5418,7.326,3.3706,-12.6042,-11.1173,-13.5471,12.5608,2.1169,7.4367,0
-3.7662,13.2557,7.3332,2.373,-10.963,-12.8773,-13.6294,10.2653,2.2595,6.8675,0
-2.7758,13.8697,8.4529,3.8231,-10.762,-11.0144,-12.7883,11.8459,5.1302,8.0289,0
-4.576,13.3684,7.9663,4.5618,-8.911,-10.416,-15.1385,9.4869,3.4424,6.7555,0
-5.4118,13.5883,7.9067,1.2329,-8.6619,-10.8865,-11.3711,10.1851,1.4935,5.555,0
-3.9065,12.9387,6.6358,3.4607,-10.5762,-10.4193,-15.8213,11.5728,2.8996,8.6576,0
-5.1731,10.809,7.8869,3.4795,-11.8321,-12.6148,-10.9514,13.1064,-0.6977,5.5548,0
-1.2675,12.8073,6.2239,2.5356,-12.0008,-12.8773,-11.6787,8.2209,3.4044,7.572,0
-5.9406,12.135,8.7796,3.7591,-11.2454,-8.5168,-11.4477,11.3889,1.6832,5.622,0
-3.3342,13.2385,8.3683,0.6651,-12.5608,-10.0489,-13.9948,10.0447,0.3814,6.2715,0
-3.8429,14.5016,7.0632,2.7608,-8.5539,-12.2889,-12.4529,8.4786,1.7759,4.4232,0
-2.5909,13.4233,6.9396,1.2997,-10.769,-11.4654,-12.6823,9.4986,5.0281,3.7288,0
-4.9736,16.0372,6.3071,0.9874,-9.9908,-11.0333,-14.5113,9.3415,7.186,5.8648,0
-6.6521,15.762,7.8764,1.8101,-11.7191,-9.31,-13.6279,8.0963,5.7143,5.5912,0
-1.5204,15.4391,5.4583,4.5095,-11.2966,-13.1202,-13.8944,11.5817,2.3393,5.7816,0
-2.0484,13.6812,5.6949,4.0128,-10.0229,-14.1026,-12.615,11.573,3.0636,7.5797,0
-4.7724,14.0262,4.6094,3.5704,-7.3899,-11.8124,-14.3972,9.9203,3.2284,4.6476,0
-3.1319,14.7917,7.7613,0.3071,-8.8267,-8.9141,-12.0122,11.5445,3.3637,7.7908,0
-0.8785,12.0919,8.577,2.8304,-10.514,-12.625,-13.6847,9.4894,2.3377,4.5949,0
-4.4372,12.9123,7.105,0.5376,-12.4877,-9.7773,-14.4536,12.5971,3.3714,7.1523,0
-1.6478,13.0569,6.0981,4.2673,-9.5552,-10.6012,-11.1703,10.6669,3.0826,6.274,0
-5.1657,13.6378,9.055,3.6272,-10.2728,-10.5628,-12.7612,12.1099,3.9473,5.7444,0
-3.2766,14.2413,5.449,3.2121,-13.5614,-9.5964,-12.267,12.1066,2.4409,6.7057,0
-1.6279,15.6421,6.9161,3.1687,-8.6531,-12.5714,-13.7421,12.9886,4.4963,6.7961,0
-6.0225,13.4466,6.0749,3.4563,-11.5335,-11.8587,-16.3548,12.818,2.4338,6.4779,0
-3.7672,11.9203,5.0712,1.4518,-11.4042,-9.7703,-14.4511,13.605,4.5742,7.4547,0
-3.9433,15.7929,6.6328,2.9129,-10.0645,-9.2674,-12.3021,10.2726,2.234,7.202,0
-2.6909,12.9314,4.579,2.6488,-9.3842,-7.612,-15.0544,10.3454,2.4493,8.2759,0
-3.8162,12.1604,7.7979,2.3528,-12.156,-11.6593,-10.6564,11.5616,3.1951,5.8673,0
-3.3256,13.9418,7.3981,3.132,-9.0162,-10.2855,-14.7244,10.0667,0.0649,9.2824,0
-2.4697,12.2763,6.5371,2.0044,-8.0056,-12.45,-13.0858,10.8225,4.2737,6.0862,0
-6.4011,13.1448,5.5016,3.0791,-8.1682,-12.9293,-14.4578,10.1562,2.461,7.3524,0
-4.0241,14.1451,6.0212,3.3046,-9.1527,-11.4186,-12.0855,11.0638,4.6016,5.94,0
-3.1919,13.4605,6.8155,3.3482,-9.5142,-12.1945,-11.107,8.1958,2.0062,6.1008,0
-3.1453,15.8857,4.1724,2.1982,-13.5097,-10.2727,-12.85,13.3715,3.2144,7.8082,0
-2.888,12.8686,4.8464,3.3723,-12.5576,-8.3774,-13.5006,12.7781,2.3131,6.6455,0
-3.4498,13.4539,6.3108,3.5484,-11.7087,-12.1343,-11.3933,12.076,3.1323,8.7399,0
-4.1654,15.5055,7.2232,1.4226,-7.5474,-8.8341,-13.439,12.076,2.4279,7.4859,0
-7.3504,11.9917,8.4287,2.5853,-10.0081,-12.3403,-10.4857,12.7711,2.7324,5.6351,0
-2.2194,16.4951,8.3905,6.2175,-11.703,-11.5492,-15.0409,11.6479,3.2969,6.0143,0
-2.5499,15.3699,4.6713,2.0643,-9.0892,-11.0218,-14.4548,12.5131,1.0992,5.7898,0
-3.2708,12.6607,8.1346,2.1064,-8.2065,-10.5088,-12.2506,12.1043,2.0921,3.1619,0
-3.2227,13.6299,7.7936,2.62,-10.9651,-7.3075,-15.466,12.0862,2.1715,5.7385,0
-4.2395,12.3163,7.8167,5.0457,-9.6144,-10.1651,-14.7372,11.7605,6.268,5.6711,0
-4.3278,12.6798,6.2257,-1.1582,-9.7119,-11.5885,-15.6729,12.1151,1.4104,5.7342,0
-1.5641,11.4076,4.6609,3.3637,-8.5952,-12.6817,-12.646,11.8568,-0.0553,7.4399,0
-2.4489,13.0538,8.8383,4.6644,-10.1648,-10.9973,-14.7167,10.9289,3.8881,5.7559,0
-7.06,15.4245,7.2452,2.3903,-9.0337,-8.0332,-17.4604,11.6367,0.8935,6.9908,0
-3.5719,14.475,6.2109,0.1499,-10.995,-9.7099,-11.7344,9.2275,4.574,5.2704,0
-3.2201,12.7566,7.2331,4.2976,-12.16,-11.34,-12.98,14.5877,1.7387,9.3024,0
-0.7572,13.3755,6.5126,1.9217,-10.4217,-12.4302,-13.3719,13.2306,2.1168,5.8811,0
-6.3155,14.0825,7.3565,3.0553,-10.6447,-10.7593,-12.5046,10.9421,3.5059,6.5647,0
-2.0787,14.5369,7.2491,5.2374,-9.689,-8.3627,-12.3471,8.2224,4.9907,6.4449,0
-3.8417,13.9435,6.4423,3.3003,-11.2073,-8.4088,-13.4279,10.4114,1.6461,6.6453,0
-3.4831,14.1041,5.4189,0.558,-9.3811,-8.0932,-14.797,13.3694,3.4593,6.2316,0
-4.3601,11.4447,8.4414,1.7963,-11.4892,-8.8323,-16.082,8.6999,3.0062,6.6821,0
-3.0367,13.0687,10.7554,2.6179,-10.6656,-11.5156,-13.0716,11.9077,4.8388,4.0083,0
-4.1328,14.1915,7.8404,2.9696,-9.5058,-11.5336,-10.9206,12.4742,1.0161,4.6295,0
-5.3342,14.5384,5.0327,2.4632,-9.6374,-10.4194,-12.8692,9.3866,3.9257,5.3224,0
-4.2507,13.878,7.1144,2.9957,-11.4454,-10.7695,-13.2542,8.9227,2.3397,6.8237,0
-5.68,15.2563,8.8642,1.092,-8.283,-10.5355,-12.6297,10.2403,4.418,6.8513,0
-4.985,11.7736,4.7694,3.2417,-9.4607,-9.3437,-13.4345,9.2498,2.0103,7.9707,0
-4.4907,13.7366,5.3463,3.4646,-11.006,-8.7501,-12.0972,10.2417,2.8435,5.4155,0
-5.8929,12.2353,7.2571,3.4476,-10.0966,-10.7728,-11.8579,11.0806,4.0883,3.5815,0
-9.6474,13.9471,4.8227,2.6411,-10.7726,-7.9391,-12.6575,11.2341,4.2889,6.7949,0
-4.4503,15.1286,5.2952,3.4446,-12.6408,-10.0142,-12.968,13.5,0.686,5.3408,0
-2.5298,14.0244,7.2303,1.5256,-11.2057,-8.4526,-13.3348,11.5483,2.8607,4.4675,0
-2.3631,14.2763,10.4183,1.4364,-9.0856,-12.2875,-13.0215,12.45,-0.0748,5.9348,0
-4.6086,12.4685,7.5376,4.6408,-10.5194,-10.0119,-13.086,10.988,1.3994,7.9048,0
-3.321,14.1138,5.7501,2.2709,-10.5836,-12.6214,-15.7895,10.0842,3.8172,5.2625,0
-5.292,12.2994,6.2768,2.429,-7.0712,-8.7382,-11.7203,12.7382,1.5352,4.4086,0
-5.4241,15.5232,6.139,1.0827,-10.9659,-10.6781,-12.8549,11.3617,1.7912,7.2707,0
-4.7226,13.287,7.99,1.997,-11.1735,-9.4327,-14.5441,10.4081,3.8671,9.3233,0
-2.8557,14.2304,7.756,1.35,-10.146,-10.3648,-12.7751,11.16,3.603,5.775,0
-3.6759,11.6797,6.48,5.046,-9.8412,-10.3515,-10.4133,8.944,1.3693,8.8112,0
-3.6949,13.1576,5.161,3.6313,-9.5028,-11.9619,-13.4679,10.482,3.4174,4.5633,0
-1.8859,14.8952,6.4151,2.6351,-10.5241,-11.4876,-13.9226,10.5799,5.4528,7.6621,0
-2.3618,14.0763,5.2838,2.8975,-8.8637,-12.2076,-12.3027,14.4692,4.6262,8.3632,0
-3.4363,14.9733,5.883,4.1536,-9.3379,-9.8853,-11.2835,10.1771,2.7529,6.3854,0
-5.3082,13.8618,4.3814,4.5302,-10.2495,-11.1015,-14.5091,10.6334,4.0658,7.0638,0
-4.8221,12.2524,7.9452,1.8762,-10.2296,-10.1345,-12.7894,12.2727,1.139,3.3754,0
-4.615,16.2237,9.9931,5.7065,-10.6089,-12.9933,-16.7721,10.0642,2.7363,8.1931,0
-2.4621,13.8625,5.6251,1.5186,-9.9382,-9.2746,-12.6697,9.4334,4.0095,6.881,0
-5.3698,12.3449,7.9926,2.608,-7.9357,-9.5685,-13.9874,10.97,3.1285,5.1496,0
-5.1327,14.5735,8.2277,3.8654,-8.0465,-11.1328,-10.7461,9.6339,1.5144,3.6022,0
-4.4325,12.7658,7.7487,3.3256,-12.1089,-10.9093,-13.8147,8.3213,1.562,5.086,0
-1.6134,13.8086,7.9531,0.7118,-8.5281,-8.3685,-16.255,9.9273,3.7771,7.2088,0
-4.7815,13.0632,6.0637,3.1254,-8.5237,-11.4767,-11.7563,9.8128,1.762,7.4701,0
-2.3809,14.7985,4.9861,2.2608,-9.085,-10.2579,-14.868,11.6728,1.9612,8.934,0
-1.4465,14.4276,9.0013,3.0569,-9.1713,-8.1036,-12.8892,10.6025,0.4765,6.1175,0
-2.5287,14.9399,7.7164,2.1478,-13.2847,-11.063,-13.714,10.5159,3.9613,9.2207,0
-14.1972,13.7722,9.5844,-8.4432,-10.7877,-9.3176,-5.1965,1.0572,-1.3553,-5.6125,1
-17.0403,15.0526,8.9668,-10.2736,-11.2019,-8.8476,-6.2066,-1.7803,-1.3246,-8.4225,1
-14.1727,14.455,11.3016,-5.9573,-11.5923,-9.5766,-6.2872,1.3933,-1.7181,-6.7919,1
-15.0438,12.4226,11.4551,-7.941,-8.1686,-9.9635,-6.858,-0.8748,-1.5033,-7.8228,1
-11.6095,12.1358,10.3838,-6.2795,-8.6466,-9.2344,-7.3255,-1.33,-0.8866,-4.0039,1
-15.0407,12.3887,6.286,-10.101,-9.7157,-7.0992,-4.863,1.2003,-2.6418,-7.1379,1
-12.274,14.3984,6.8194,-9.6401,-10.8326,-10.3173,-5.0284,0.5815,-2.1569,-4.2929,1
-15.4272,16.8936,8.9663,-8.496,-9.9671,-9.3127,-5.2058,1.3934,-3.1713,-7.9475,1
-10.6277,13.3713,11.0221,-11.0413,-9.9647,-9.6887,-5.1635,-3.341,-1.7924,-7.9877,1
-13.8959,12.5428,8.6901,-9.0403,-11.1237,-10.2112,-7.6628,-2.0071,-0.5147,-8.2072,1
-14.6505,15.2266,9.0509,-9.8676,-9.2059,-7.821,-7.6267,0.5175,-4.6404,-6.8529,1
-14.3312,12.8154,9.2878,-10.7422,-9.4296,-7.9143,-7.5184,-0.1913,-1.2878,-4.445,1
-16.6222,13.8441,10.398,-8.7829,-13.2604,-8.7462,-3.5937,0.9177,-3.5883,-7.0328,1
-11.7276,15.4622,10.9333,-8.0952,-10.537,-9.7987,-5.9896,1.5671,0.2217,-4.5856,1
-16.5115,14.4333,11.0784,-7.7015,-10.4891,-5.1267,-7.7884,-0.8821,-1.6913,-3.0879,1
-15.6368,13.6986,11.5892,-8.6566,-10.0472,-8.6494,-5.464,2.2884,-0.1044,-5.8026,1
-13.9449,14.4185,10.707,-8.5471,-9.5462,-7.7029,-3.5986,-1.5186,-2.0266,-7.2962,1
-14.8489,14.7011,10.9774,-8.798,-12.4153,-10.9454,-4.528,-3.3679,-0.2605,-5.4813,1
-12.4082,13.7994,6.8812,-7.9843,-7.6333,-8.1108,-6.8668,0.8728,-2.8409,-7.492,1
-12.9494,12.301,8.6326,-10.2859,-11.7806,-9.2782,-4.1305,0.4654,-4.3003,-5.0032,1
-11.8539,13.1279,9.2554,-7.8563,-7.1124,-10.2776,-7.8714,1.6898,-0.843,-6.2539,1
-15.2197,15.5889,10.7653,-9.7825,-9.4716,-11.5254,-4.8439,0.3493,-2.6952,-6.3124,1
-14.322,15.4397,10.8599,-8.8644,-8.3997,-8.8968,-6.5126,0.5556,-2.264,-5.5052,1
-14.933,13.5117,12.9264,-7.2202,-10.6862,-8.6415,-5.6952,1.33,-1.8356,-4.4787,1
-13.864,14.0042,11.5366,-8.2799,-9.363,-9.0268,-6.0131,0.7565,-2.9217,-7.3899,1
-15.8803,12.0093,8.6537,-8.8912,-9.3906,-9.9048,-9.4063,3.1046,-0.4119,-5.5945,1
-11.5212,12.6312,12.8047,-10.0776,-9.1871,-11.4086,-5.8507,1.3219,-2.2737,-5.1923,1
-14.2339,13.3137,9.1231,-7.4135,-10.5259,-8.1248,-4.0387,-1.7604,-0.3423,-3.1725,1
-14.0045,14.9959,11.5288,-9.0431,-9.2718,-11.4692,-5.6648,1.4899,-1.2674,-4.665,1
-15.5447,13.2984,12.8165,-8.8553,-9.2452,-9.5984,-7.1053,3.178,-2.8332,-7.9541,1
-15.0586,11.0947,8.9963,-10.082,-8.6191,-10.508,-4.541,2.8404,-0.8699,-6.5862,1
-14.1708,11.8098,9.7726,-9.9205,-8.5038,-5.6387,-5.123,-2.244,-2.5835,-6.0794,1
-14.2514,13.0011,10.3412,-10.4936,-10.9626,-8.5292,-7.3962,1.55,-4.0958,-3.6159,1
-15.5439,13.7618,10.4692,-9.4779,-9.3301,-8.6348,-4.4318,1.9299,-2.2994,-6.4831,1
-10.8588,15.5221,8.5905,-8.4798,-10.048,-9.7009,-7.717,0.1248,0.6757,-5.3945,1
-18.1192,15.9224,11.6077,-9.1688,-8.4694,-10.787,-6.5781,2.9905,-2.4492,-9.0677,1
-14.4774,13.9794,11.7708,-8.6083,-10.1776,-7.9303,-5.6915,-0.3823,-0.3092,-5.9726,1
-14.3781,14.3642,8.3673,-9.4213,-9.5399,-9.7899,-3.9641,1.0688,-0.7593,-6.249,1
-12.798,14.6936,9.9934,-8.6498,-10.9769,-8.7375,-5.933,-0.0103,-0.382,-8.1384,1
-15.0162,15.6389,10.4466,-8.7016,-9.1687,-9.2287,-8.1477,0.2188,0.3831,-7.2521,1
-14.8599,13.2849,9.8428,-9.5045,-8.8151,-9.2019,-4.7124,-0.8337,-2.5522,-6.6017,1
-13.699,12.9075,11.3468,-6.8502,-11.0286,-10.2342,-6.6706,4.6913,-2.6865,-3.7467,1
-16.2824,12.6128,8.9434,-9.8984,-9.9471,-10.561,-7.1017,2.4804,-0.206,-4.8392,1
-13.5965,14.2364,9.2277,-10.0596,-9.0008,-11.2583,-7.3636,2.4721,0.8093,-5.6732,1
-12.7228,13.7285,7.9668,-7.7116,-8.6913,-9.3904,-6.2363,2.186,-3.5202,-7.4238,1
-15.8946,14.2248,8.3414,-9.6562,-10.6039,-9.8888,-8.1038,0.8735,-0.1707,-6.0599,1
-12.0705,16.0983,11.1399,-8.5178,-9.5115,-8.3522,-6.4602,-2.0811,-1.3036,-7.9597,1
-15.8257,14.0976,9.8306,-10.7479,-9.297,-8.0487,-7.5652,2.6514,-4.3819,-3.0871,1
-14.9994,14.3157,7.1352,-8.723,-9.2025,-9.6271,-6.7174,-0.6772,-0.3459,-6.2169,1
-12.0713,13.3076,9.3211,-7.4064,-11.9797,-11.3181,-4.2265,-1.0152,-4.7702,-3.4603,1
-16.4732,14.3735,10.0769,-12.8458,-9.9462,-8.8252,-5.3413,2.098,-2.6229,-5.1944,1
-15.4165,11.9816,8.0267,-10.823,-8.0309,-11.7697,-5.4617,0.3438,-2.1956,-4.2177,1
-15.0401,15.0147,10.0296,-8.8579,-6.0953,-11.6599,-3.939,1.7273,-2.7609,-3.8191,1
-17.1546,13.3146,8.1606,-8.0117,-11.2148,-8.8483,-6.1524,0.0237,-1.4587,-6.6661,1
-16.0154,18.2994,9.2425,-11.9562,-10.8084,-11.3988,-4.6335,1.2252,-1.4436,-6.8182,1
-14.8015,13.5409,9.8515,-7.3768,-9.0411,-8.7477,-5.1234,2.0694,-1.6094,-5.7249,1
-12.5993,13.0997,8.6897,-10.4087,-9.2709,-12.2785,-5.1795,0.5789,-0.3397,-7.271,1
-14.6874,15.7806,12.048,-9.6501,-9.2726,-9.0562,-5.3123,0.3488,-0.1196,-9.0977,1
-15.0142,14.7692,10.6591,-6.6007,-7.7479,-9.9262,-3.9229,-0.3284,-0.6453,-3.5473,1
-12.56,14.256,9.4756,-10.9227,-9.0794,-11.1707,-7.0624,-1.0434,-2.7322,-6.3051,1
-13.972,13.1965,11.5772,-8.9421,-10.7268,-9.1584,-2.9274,1.2454,-2.5859,-8.5543,1
-14.7116,14.4497,9.3919,-11.1279,-10.8211,-7.3161,-3.7217,-0.5873,-1.0325,-8.031,1
-12.276,14.4651,11.3977,-11.2025,-8.5288,-9.5094,-4.5948,2.115,-1.943,-7.1644,1
-13.2129,14.0071,8.6641,-10.0101,-11.761,-10.2633,-4.2187,1.0094,-2.8363,-5.0558,1
-15.6312,14.2403,9.7038,-7.4611,-11.9111,-10.7732,-8.3301,0.3533,-0.2245,-7.0213,1
-15.1485,15.4049,11.5761,-8.7627,-8.5182,-11.1133,-3.8058,3.9658,-1.2598,-9.3896,1
-15.2198,15.0165,9.3411,-6.7215,-8.663,-10.5576,-5.8243,-0.5981,-2.3155,-7.095,1
-12.6203,17.2713,7.8265,-11.5147,-9.913,-11.7755,-5.8034,1.8661,0.1996,-5.961,1
-14.6722,11.1297,10.0126,-8.5229,-8.5868,-10.5606,-6.5253,-1.4743,-5.4786,-7.9259,1
-16.738,14.6024,9.1961,-9.4372,-11.0219,-14.3467,-3.6103,-0.7577,-2.6603,-8.4455,1
-12.9246,14.3124,8.7337,-9.2182,-7.028,-9.6073,-6.1453,-0.6694,-4.8835,-6.5032,1
-13.8942,15.7467,6.6005,-10.3175,-10.4164,-9.5031,-6.0903,0.5602,-1.4295,-7.6181,1
-12.9813,14.7475,9.4935,-6.2285,-7.2106,-8.0985,-10.4006,3.1111,-0.8495,-3.2535,1
-12.5263,16.4648,11.2913,-6.6068,-6.5541,-9.173,-8.2311,0.2815,-1.4567,-6.1508,1
-16.2523,11.6507,8.8615,-7.4182,-7.1747,-8.123,-4.2866,0.6215,-4.6548,-6.946,1
-14.7706,13.3517,10.0553,-7.9677,-8.2657,-9.915,-8.7284,0.0184,-1.9761,-4.4289,1
-15.2342,14.8661,10.4084,-8.564,-8.1495,-10.4891,-6.7355,0.7248,-3.0019,-5.5011,1
-15.4523,14.4368,9.823,-8.3074,-10.2349,-10.0065,-5.7287,1.0458,-2.048,-3.7051,1
-15.8686,14.001,7.6128,-8.0717,-11.2181,-9.9153,-6.4308,1.164,-2.8708,-7.1561,1
-12.2287,14.5241,9.1317,-9.0061,-7.0772,-9.8506,-6.9066,-0.2848,-2.8653,-7.1549,1
-16.3019,12.411,8.7293,-7.7425,-10.1171,-9.8086,-3.9676,2.6852,-2.4648,-7.2094,1
-15.6791,15.1365,9.6662,-9.2096,-10.7657,-10.6524,-5.3926,-1.2305,-0.5493,-7.0639,1
-14.6069,12.0918,9.9547,-9.1223,-9.6204,-7.2903,-5.6062,-0.4493,-3.1086,-5.3704,1
-12.4344,14.5202,11.0063,-7.7152,-7.4167,-12.4222,-4.8719,2.2183,-4.0497,-7.5916,1
-15.6586,13.0041,9.2507,-8.2659,-8.2467,-7.8759,-7.1295,-0.5244,-0.0679,-5.293,1
-14.2582,14.8073,9.9286,-7.8429,-10.0494,-9.0947,-8.1386,-0.289,-3.0572,-6.8247,1
-15.7722,13.297,7.7017,-7.8068,-9.669,-12.0557,-7.125,1.2476,-2.8562,-7.3085,1
-14.4944,14.6127,7.8188,-7.8046,-10.7457,-9.5248,-5.9259,-0.0479,-3.5771,-6.6917,1
-11.9445,12.0548,12.5117,-9.0194,-9.4922,-11.1279,-7.0296,-0.0117,-3.6102,-6.5765,1
-14.993,16.8735,8.2243,-8.4758,-9.1735,-11.1033,-4.8425,0.1452,-5.7802,-5.2734,1
-16.0579,12.5256,11.0051,-9.1506,-8.1686,-7.6826,-6.8401,1.9326,-3.1748,-2.9135,1
-15.4219,15.6364,11.239,-8.1557,-10.5511,-9.725,-9.1031,1.0793,-1.5172,-6.0629,1
-18.8424,12.1988,8.8511,-8.1923,-9.1112,-9.7532,-4.9199,-0.7967,-1.1263,-5.551,1
-13.8161,13.8242,12.7194,-7.89,-10.9978,-9.1254,-4.744,-0.1395,-0.4077,-5.6901,1
-17.8962,14.5468,9.3642,-7.8241,-8.1289,-9.2051,-3.3749,0.4746,-1.1044,-5.0557,1
-14.5285,15.2655,9.0813,-9.2637,-11.514,-9.1358,-5.3849,2.5116,-0.8549,-6.6903,1
-16.1497,14.7466,11.6394,-7.497,-7.9185,-9.8157,-6.5727,-0.3627,-2.1255,-6.381,1
-14.0724,13.9033,9.7728,-9.7949,-8.1328,-9.3831,-6.1344,-0.3785,-4.0395,-4.3012,1
-13.5505,11.6614,11.118,-7.2461,-9.3587,-7.1007,-5.5477,-1.3825,-1.4939,-5.8958,1
-15.2874,14.9576,7.4718,-7.144,-10.8624,-10.9753,-6.0435,1.3922,-1.7958,-7.3771,1
-15.1416,12.3977,9.6363,-7.0173,-9.5516,-8.2087,-3.6896,-0.1393,-2.3215,-3.0063,1
-12.216,11.5887,10.554,-8.629,-8.3056,-10.6153,-7.1321,-0.2714,-2.8995,-5.0401,1
-16.1543,13.1634,7.2898,-7.1191,-7.6387,-9.9885,-6.3197,1.4225,0.1701,-5.6502,1
-15.4288,11.6691,8.3006,-8.52,-10.5282,-9.2054,-6.7021,-0.8445,-3.8072,-3.9196,1
-13.049,16.6931,10.7832,-9.2748,-7.5602,-9.5475,-5.5415,0.6785,-6.462,-3.856,1
-13.646,14.592,9.8806,-8.3847,-10.4412,-8.573,-7.8334,1.0218,-1.1993,-6.5611,1
-13.8262,12.6103,8.5245,-8.2748,-8.5274,-12.3102,-5.0897,-0.0721,-2.3309,-8.2724,1
-15.6599,15.5465,10.0226,-9.204,-9.72,-8.764,-5.212,0.6302,-0.4022,-4.8074,1
-13.7624,14.1792,10.9593,-8.1584,-7.9541,-8.1485,-7.4001,-0.8863,-3.0935,-4.7989,1
-16.7469,14.6894,10.5171,-6.8859,-9.2747,-11.5127,-7.3118,-1.0303,-2.8486,-6.5375,1
-16.1306,16.3033,7.9854,-6.6107,-7.7675,-8.1504,-6.9134,1.2564,-3.9577,-4.8968,1
-14.4934,13.4833,8.1377,-12.3461,-11.1031,-7.8287,-6.477,0.4887,-1.0583,-3.5546,1
-12.395,12.6388,7.0594,-5.0904,-6.1418,-9.2152,-7.7785,2.1875,-2.2036,-6.4326,1
-13.0408,14.5989,8.1946,-9.1169,-8.5535,-8.7325,-5.4797,2.1428,-2.5842,-5.9951,1
-19.4458,13.4228,11.1191,-9.2154,-10.2446,-11.06,-4.3677,1.5654,-0.8035,-8.8524,1
-14.6231,13.6771,9.5524,-9.5539,-10.0644,-8.2234,-8.742,3.4086,-1.3159,-6.3266,1
-13.0222,11.9195,8.9762,-8.8114,-7.4969,-9.5676,-5.1977,-0.1417,-1.3114,-3.7473,1
-12.8892,13.9751,10.9865,-7.7636,-8.7854,-7.8299,-4.216,0.552,-1.0788,-6.8378,1
-15.7671,13.6931,9.8589,-11.1222,-8.2548,-13.6489,-1.8005,2.9955,-2.4332,-6.249,1
-13.928,13.2136,10.2622,-8.8458,-9.6867,-9.2257,-7.843,0.802,-1.7965,-6.0699,1
-14.7062,15.8041,9.4428,-8.2888,-7.5993,-9.6169,-5.551,0.5981,-0.1856,-6.6497,1
-12.4574,13.9419,8.6841,-7.6108,-10.0023,-8.5671,-9.9668,0.7505,-2.7311,-7.858,1
-15.2123,13.2367,9.9013,-10.6808,-9.0708,-7.4485,-5.4513,1.9562,-0.3998,-4.4084,1
-11.5773,13.3485,8.8956,-7.4546,-8.4829,-8.3344,-3.0388,0.7597,-1.4024,-7.7337,1
-11.1795,13.5925,9.511,-9.15,-10.5126,-10.592,-6.6583,-1.306,-3.2196,-3.3397,1
-13.279,15.4862,11.7391,-5.8786,-12.2024,-11.3427,-7.0783,0.0381,-2.4925,-6.9336,1
-14.0535,14.1502,8.889,-11.8931,-11.0346,-10.3217,-6.2434,-0.9518,-2.7779,-7.9596,1
-14.5712,12.4877,8.6999,-10.5929,-9.7755,-10.7975,-4.5126,1.3515,-2.1464,-7.4594,1
-13.8117,15.1333,10.1873,-6.2243,-8.8558,-8.1275,-5.6724,1.7562,-3.2368,-6.9507,1
-13.8584,14.6104,10.7347,-6.9792,-11.6827,-10.9595,-5.5284,-0.3439,3.025,-5.4895,1
-14.5,13.3241,9.253,-8.5846,-9.3773,-10.1829,-6.2825,2.7591,0.0351,-5.8851,1
-16.3944,14.9051,12.3047,-6.5752,-8.4436,-7.3642,-5.7927,1.6848,-3.0628,-5.8247,1
-12.3882,13.2132,8.6811,-8.4836,-9.8852,-8.5241,-6.5526,3.3204,-3.9762,-4.3825,1
-15.5297,11.4033,10.3301,-9.0117,-11.2097,-12.0199,-5.8853,2.2064,-1.1642,-6.1781,1
-13.6642,14.0565,7.8287,-10.7612,-9.85,-9.7388,-4.5963,1.8786,-1.1339,-6.6835,1
-16.4534,14.7154,10.761,-12.2126,-10.7968,-10.5344,-5.6952,-0.4623,-2.0989,-6.5789,1
-14.6212,13.0227,9.0148,-10.2502,-8.9751,-8.6412,-7.0287,3.0237,-2.5136,-3.9678,1
-15.3457,11.0574,10.5766,-8.257,-9.4937,-10.4612,-5.9246,-0.0242,-2.4952,-5.0007,1
-14.1061,15.0122,9.6255,-9.1429,-11.2755,-10.0529,-10.8544,-0.1426,-2.1645,-5.4176,1
-14.7855,14.6188,6.7036,-8.7151,-12.0645,-11.3103,-6.1535,2.6571,-1.4848,-6.2358,1
-14.4118,13.0269,9.1573,-7.9888,-11.6233,-8.6083,-6.4555,1.981,-0.6,-8.7728,1
-15.2548,12.814,7.2542,-10.1786,-5.8834,-8.5836,-2.9968,1.9863,-3.1544,-6.8358,1
-13.4998,14.7536,9.1073,-10.8948,-4.6136,-9.7096,-6.3613,0.9127,-2.4057,-6.079,1
-12.452,13.9105,8.2292,-8.8723,-10.2419,-7.362,-4.1161,0.904,-3.9598,-8.102,1
-14.3598,14.6018,9.4113,-9.3501,-10.4344,-9.533,-9.4469,-0.9093,-2.9822,-4.4519,1
-15.6032,14.368,10.3131,-6.683,-7.6514,-9.5841,-6.586,-0.2531,-2.4032,-6.9142,1
-13.552,14.7278,10.861,-6.7409,-6.7509,-9.3109,-4.2235,0.2152,-0.2641,-4.6709,1
-12.8698,14.2384,8.9707,-10.7216,-9.6053,-7.1983,-6.3375,1.9204,-0.7757,-6.6887,1
-12.4079,9.7343,8.1392,-10.0033,-10.7748,-8.9935,-5.4377,1.3337,-1.1475,-7.6883,1
-16.2097,14.6918,9.0279,-10.9855,-8.0882,-7.4052,-3.537,1.0232,-1.1028,-4.2083,1
-15.3446,15.7633,10.3864,-7.2593,-9.2661,-7.5535,-5.5374,-1.4833,0.1362,-7.6844,1
-12.5029,13.9619,11.7373,-6.9277,-8.9,-8.7351,-5.2388,-2.278,-1.8642,-7.9372,1
-14.1257,12.3829,8.1959,-6.2224,-7.9411,-9.5041,-5.5956,0.3708,-1.1868,-7.2772,1
-12.8919,13.7177,9.3435,-8.5973,-10.432,-9.0048,-6.6788,1.4455,-0.2176,-7.3421,1
-14.5783,14.7893,9.3195,-7.9333,-8.7122,-7.873,-6.7817,-0.6715,-2.503,-7.7148,1
-13.5357,12.3547,13.4728,-6.6859,-9.5264,-8.1968,-8.3279,4.5278,-2.927,-6.4439,1
-17.1664,14.8267,8.3138,-8.4773,-10.3617,-11.1145,-7.0793,1.0814,-3.9639,-7.3863,1
-13.3876,18.001,10.6897,-10.0057,-10.0959,-9.4505,-6.3969,2.0973,-1.7154,-4.9013,1
-14.8541,16.0855,9.7236,-10.0866,-6.2793,-12.2353,-6.9808,-0.1978,1.7208,-3.5528,1
-12.1416,13.6013,13.6125,-8.0773,-8.0794,-9.2283,-5.9469,0.365,-2.3561,-5.3504,1
-13.8317,14.0501,12.2376,-13.08,-8.7804,-8.4213,-4.1523,0.6454,-1.7298,-4.7842,1
-12.1457,13.6465,10.3737,-6.112,-12.7313,-10.5329,-3.674,2.3815,-1.258,-6.936,1
-15.7052,13.2105,12.2953,-9.5725,-9.3931,-10.6284,-4.6086,-0.0654,-2.188,-8.7882,1
-16.8025,14.1088,7.9855,-5.4722,-12.6375,-10.6981,-5.8477,0.195,-3.6979,-7.7,1
-15.8684,13.6672,12.9012,-8.5129,-7.7709,-8.7374,-4.2019,-3.4573,-2.4983,-4.3024,1
-15.2401,16.741,12.1991,-9.3335,-10.3,-11.0183,-6.8171,-1.1062,-1.3984,-8.4472,1
-13.4769,15.0394,7.4815,-6.3051,-8.7748,-8.3733,-7.0107,1.6763,-0.3521,-6.411,1
-11.3796,14.1634,11.6845,-8.1903,-8.667,-12.0049,-5.3162,-0.3598,-3.3112,-3.647,1
-14.7031,12.5923,9.4346,-10.5805,-7.3944,-10.5414,-5.0788,2.7769,-2.7919,-5.4651,1
-15.9276,17.7659,11.3778,-8.9187,-10.7045,-9.6689,-6.3827,3.6721,-3.88,-6.0609,1
-14.41,13.9212,9.8104,-8.8039,-8.2357,-8.5844,-5.2444,-3.8083,-1.592,-8.7466,1
-13.413,16.309,8.5839,-9.0225,-10.4443,-7.6447,-5.7302,3.3352,-1.421,-5.8995,1
-14.2802,15.3243,7.3667,-8.5018,-9.6503,-8.4097,-6.1543,-0.8154,-2.0306,-7.8874,1
-17.2704,15.188,10.8419,-7.9292,-7.5909,-10.4954,-8.0194,0.6376,-2.5629,-7.5266,1
-14.5022,13.1799,7.2193,-9.2916,-11.2498,-9.1504,-6.8568,2.4101,0.3641,-5.2441,1
-16.709,16.3551,12.3369,-8.6016,-7.5609,-10.3254,-8.6721,-0.3977,0.5523,-8.4997,1
-14.3832,14.1485,9.2038,-9.2951,-9.4369,-10.3411,-8.0058,1.0652,-0.4316,-4.9588,1
-15.5971,12.2205,9.547,-6.2781,-8.5769,-8.4419,-4.5379,1.3738,-1.8607,-5.2697,1
-15.2017,11.9756,11.0578,-6.7732,-11.2226,-8.265,-3.3516,0.7393,-3.2687,-6.0786,1
-15.2083,13.1722,10.6231,-11.0354,-11.7111,-9.4689,-5.9062,1.258,0.7712,-6.1064,1
-13.4852,12.634,11.1252,-9.4194,-9.4381,-9.6611,-4.3233,-1.2223,-5.4665,-6.5833,1
-13.6797,14.3257,11.8216,-7.9738,-10.391,-12.986,-6.2287,2.2846,-2.6297,-6.2206,1
-13.7504,12.5744,10.9081,-6.1741,-9.8045,-11.1915,-5.9726,-2.5939,-1.5363,-5.5847,1
-11.869,13.8063,10.586,-9.9218,-10.0799,-11.7856,-6.1649,0.2847,-1.5928,-7.1985,1
-14.2574,13.5972,9.476,-8.5093,-9.4845,-8.3561,-6.0537,0.2179,-2.3129,-7.3351,1
-14.9223,17.144,8.6043,-9.0478,-10.1265,-9.8686,-6.3696,1.1616,-4.6069,-4.7074,1
-13.4336,12.233,6.5697,-10.0954,-9.9093,-5.6274,-5.0578,-1.9687,-3.0761,-6.3429,1
-14.0019,12.1252,9.7708,-9.7063,-11.2009,-9.1085,-4.7119,2.0043,-1.1801,-7.0092,1
-13.3106,14.5609,10.1742,-9.5474,-10.2906,-9.387,-2.2129,1.1946,-2.9584,-7.5117,1
-15.1201,17.3632,9.3744,-7.2695,-10.1091,-9.1061,-4.6851,-0.1152,-3.0033,-3.7748,1
-12.9056,15.2833,11.1542,-7.9405,-6.5186,-9.432,-5.0068,-1.4337,-3.2791,-8.0644,1
-12.4714,10.2685,9.3698,-13.1204,-10.7922,-10.2343,-3.7954,1.3376,-3.2914,-4.6642,1
-14.3557,14.1536,8.1693,-10.1148,-10.7829,-9.4282,-5.7559,3.0588,-1.4641,-10.3245,1
-13.9885,11.9223,8.5243,-9.8481,-10.5403,-11.5606,-5.5675,-1.3735,-1.5066,-2.9077,1
-16.3765,13.6705,6.1881,-9.0812,-8.5812,-8.4169,-5.7567,2.0766,1.7774,-3.6947,1
-15.1662,11.9206,9.3641,-10.0503,-8.8682,-11.2697,-5.982,1.9997,-2.1927,-7.6826,1
-12.6202,11.2788,9.4816,-8.6923,-9.5214,-9.2271,-4.9571,0.6896,-2.5937,-6.8745,1
-15.2997,15.2786,9.0035,-7.3597,-9.5168,-10.2797,-4.9451,-0.3485,-1.0844,-5.944,1
-15.277,14.8902,10.7932,-6.8935,-8.096,-8.761,-7.5641,4.4156,-4.1471,-4.8392,1
-13.7355,12.3361,9.7868,-8.748,-7.5869,-10.5678,-6.2657,-2.7614,0.5605,-7.8688,1
-13.8921,13.9452,9.8263,-7.415,-7.0384,-9.1206,-4.8901,1.236,-0.5154,-6.9575,1
-12.7694,15.763,11.5971,-9.62,-9.7978,-9.1387,-7.929,3.1351,-2.0601,-5.8372,1
-15.248,12.107,9.0672,-8.301,-8.5351,-9.2552,-5.3526,0.2372,-1.2973,-4.0389,1
-13.3253,15.3116,10.4143,-10.8846,-11.1123,-8.8156,-5.8891,1.4025,0.473,-5.1741,1
-12.4941,14.2393,8.7625,-8.7166,-10.7524,-7.1604,-4.6871,1.5235,-0.1877,-9.2932,1
-13.5003,12.1313,9.9624,-9.0974,-8.5526,-9.1556,-3.8551,-0.1602,-0.978,-6.0198,1
-16.8354,12.7194,9.7485,-6.9614,-8.8497,-11.2491,-6.0832,3.7694,-1.8748,-6.7541,1
-13.6449,15.2424,9.289,-7.876,-10.0386,-8.4189,-5.6182,1.4656,-3.1804,-7.4951,1
-12.9642,13.9782,10.4008,-9.0894,-8.1972,-10.4096,-6.0761,1.9217,-0.2822,-7.0488,1
-11.4429,14.5672,8.4089,-8.0762,-10.1197,-8.8468,-5.937,0.8541,-3.409,-4.778,1
-16.1167,12.4341,10.5243,-6.2256,-10.0741,-8.4464,-4.2627,1.9647,-2.5085,-7.8997,1
-17.6938,13.703,11.7404,-10.3161,-8.4949,-10.9231,-5.7136,1.8044,-3.0309,-6.0074,1
-15.0051,15.155,10.3263,-8.5451,-7.2077,-8.5044,-6.9083,0.6139,-2.1555,-6.1426,1
-10.5957,14.6536,6.9194,-9.444,-12.4438,-9.9926,-8.8537,-0.5647,-4.3227,-5.6869,1
-14.3817,14.5517,9.8165,-10.7213,-8.775,-6.6145,-5.2589,0.1038,-4.1838,-7.6252,1
-13.7029,15.707,10.3646,-7.43,-8.4837,-8.7381,-6.8604,1.0036,-3.3142,-6.237,1
-13.8862,16.6155,8.0087,-7.9076,-7.3234,-8.3596,-4.6233,1.6242,-0.0941,-7.8943,1
-16.4614,14.0878,6.7315,-6.7839,-7.7142,-10.1479,-6.4289,0.6342,-1.9636,-6.0724,1
-13.5451,13.8384,11.3881,-7.9609,-10.4557,-7.4952,-7.9101,0.6044,-0.5913,-7.3477,1
-13.9181,14.9123,8.6825,-8.7385,-9.78,-10.3255,-2.4202,-0.402,-0.5343,-6.8523,1
-16.0124,14.2515,10.9469,-7.2491,-7.2019,-5.08,-5.497,-0.2519,-1.3623,-6.6624,1
-12.9935,12.1515,13.5258,-7.3458,-12.0713,-10.5614,-4.6486,2.5072,-3.95,-5.1936,1
-17.3035,13.9633,11.6413,-9.4571,-11.8056,-9.2785,-6.7798,1.687,-3.3696,-7.4221,1
-17.414,14.3522,9.7319,-10.4124,-9.2546,-7.9573,-6.1961,1.1449,-1.6317,-8.0696,1
-11.2976,13.391,10.9575,-7.476,-9.7546,-8.5877,-5.504,-1.3838,-2.5401,-7.182,1
-15.0751,12.1413,11.6629,-6.2268,-8.0782,-7.5921,-6.3897,-0.2117,-3.2095,-5.297,1
-14.0419,13.9815,11.916,-8.0224,-10.8032,-10.5192,-4.8497,2.3053,-1.2141,-3.4178,1
-11.93,14.7588,8.7154,-10.5948,-10.1263,-8.368,-3.1328,1.3689,-0.2886,-6.6311,1
-13.4483,15.3323,7.0039,-9.25,-8.1207,-9.0862,-7.6675,-2.9025,-2.5903,-6.3705,1
-15.7083,14.3119,10.7329,-7.6238,-13.0791,-11.4693,-6.3297,1.601,-1.3078,-5.5553,1
-14.9576,13.6058,8.8808,-7.4775,-10.926,-8.2228,-5.561,0.6751,-3.0267,-8.2964,1
-15.3539,13.6023,6.4197,-8.9259,-8.1587,-8.647,-6.617,0.8131,-2.8759,-6.04,1
-12.0723,15.55,10.7545,-9.3692,-8.4203,-12.0282,-6.2513,1.6183,-0.931,-5.2583,1
-13.9402,13.8037,10.7802,-10.0591,-10.8123,-9.4053,-5.6129,-1.9957,-1.3589,-5.104,1
-14.4984,17.659,8.9489,-9.1715,-10.1379,-9.6121,-6.3658,-1.3675,-2.8615,-6.4096,1
-12.5396,17.4007,11.9765,-9.7929,-10.589,-9.7369,-3.1959,0.4946,-4.0329,-7.0149,1
-13.2469,15.1322,9.673,-7.6047,-12.955,-9.3421,-4.5817,-0.5066,-3.2962,-9.0628,1
-11.9976,13.0171,10.3348,-7.724,-7.2771,-9.7287,-6.6819,1.0023,-0.1155,-6.5184,1
-15.8148,11.7862,8.1413,-7.3332,-10.0262,-10.4091,-6.9467,0.8703,-2.4008,-6.6728,1
-12.3585,16.4043,7.5582,-8.1384,-10.7105,-9.8702,-5.4088,0.4236,-1.696,-5.2537,1
-13.9406,13.127,9.0295,-10.7894,-10.8261,-6.5548,-7.0607,-1.0474,-1.5618,-6.4287,1
-14.6759,16.2109,10.797,-9.4248,-10.182,-10.2517,-4.5606,0.2805,-4.7314,-6.3356,1
-16.688,17.3736,8.5248,-8.8726,-9.1579,-9.9309,-6.3078,1.3754,0.2477,-5.1119,1
-12.1647,12.5274,10.4493,-8.397,-9.0186,-7.4335,-6.2039,0.1344,-1.2407,-8.9304,1
-14.7377,13.896,8.5927,-7.0442,-11.1386,-9.7017,-5.433,2.7729,-2.0575,-4.8589,1
-13.3316,14.2825,8.339,-10.7817,-9.3855,-10.3119,-4.4938,1.8615,-2.3186,-7.9997,1
-13.6164,12.5704,8.8356,-10.099,-9.753,-7.7426,-5.8803,0.0779,-4.3301,-5.4349,1
-15.5531,14.2736,9.442,-7.3726,-9.7811,-9.5863,-5.1441,3.9031,-0.709,-6.396,1
-14.3777,13.31,8.5483,-9.459,-10.7035,-8.5178,-7.4795,2.7425,-0.9136,-6.2324,1
-14.382,13.2614,10.3784,-6.9977,-10.6,-11.798,-4.8179,1.2292,-3.7219,-7.3632,1
-15.6711,13.0105,9.4878,-9.0296,-10.5214,-10.6351,-6.2159,0.9942,-2.5161,-4.5251,1
-13.6203,11.711,10.7589,-7.7215,-10.1974,-11.7407,-5.8606,0.7311,-3.7241,-8.44,1
-14.5138,13.7477,9.3474,-8.7549,-11.1994,-10.1501,-5.0727,0.2177,-4.5496,-6.9722,1
-15.9877,14.498,10.4515,-11.118,-8.4067,-11.1661,-3.534,0.6695,-3.9112,-7.9761,1
-13.8603,13.5103,9.8283,-6.2107,-10.5941,-9.4079,-3.743,1.1485,-4.4516,-5.505,1
-16.127,16.2075,8.739,-4.1756,-7.3442,-10.6928,-5.8427,1.8732,-0.8662,-5.5996,1
-12.5042,13.9128,9.4232,-9.1501,-8.2577,-8.9501,-5.4358,1.9355,-5.1182,-5.798,1
-14.0546,16.6005,7.6804,-6.294,-9.4321,-8.7644,-3.3589,1.5838,-1.4411,-5.8997,1
-15.1077,14.0546,8.9,-8.6967,-13.0491,-8.8543,-6.0553,0.2384,-1.712,-8.4135,1
-11.4886,13.9431,9.7545,-10.0779,-9.5093,-7.4174,-4.3189,2.0243,-1.2221,-6.8009,1
-16.5577,13.7957,9.6195,-7.0566,-9.0812,-7.0794,-4.0765,0.0579,-4.7343,-4.1848,1
-12.3434,12.048,12.2371,-8.0567,-9.3042,-7.0757,-3.8557,1.7197,-1.3318,-5.3385,1
-14.9826,14.0146,8.6198,-9.1294,-10.0952,-10.4508,-5.6676,0.2567,-1.2883,-8.6966,1
-14.5525,14.2946,9.5073,-8.8884,-11.9231,-8.9631,-4.9013,1.483,-0.4836,-5.9608,1
-13.6644,14.3314,11.0046,-10.9957,-10.8856,-7.1175,-9.5634,0.5324,-0.2832,-6.403,1
-14.99,14.2914,9.4436,-8.5836,-10.5703,-7.8349,-3.7378,0.5426,-4.1214,-7.0489,1
-14.6584,14.8556,8.4613,-9.7836,-8.7792,-8.0895,-6.8051,-1.2571,2.8845,-5.0882,1
-14.783,15.4008,9.7866,-7.3291,-9.3062,-9.361,-6.0431,-1.4284,0.8655,-7.6754,1
-16.4225,13.778,8.5311,-8.7074,-8.5136,-8.0049,-4.6506,0.2842,-1.9673,-5.6513,1
-17.0191,14.9532,7.7873,-5.5693,-10.152,-9.7752,-7.0273,-0.2023,1.3695,-4.8526,1
-16.7063,16.3536,11.7631,-9.0516,-9.0852,-9.5203,-2.9139,-0.4517,-1.8226,-6.9053,1
-16.532,17.3848,8.2009,-8.2996,-12.1563,-10.0965,-5.2398,-0.4944,-1.1614,-6.6667,1
-12.6423,16.1399,9.0932,-8.5147,-9.2701,-8.5688,-5.8512,1.028,-2.4068,-6.0903,1
-12.4356,15.0664,11.0252,-7.5452,-9.776,-9.0196,-7.5005,2.6459,-6.2161,-6.3938,1
-12.6711,12.0515,10.5729,-9.651,-10.0985,-8.079,-5.5756,-2.3088,-3.5063,-4.8001,1
-13.7091,16.7195,12.4973,-9.1432,-5.7904,-9.4611,-7.3167,-0.2078,-5.4267,-3.8526,1
-11.9903,12.574,9.6315,-8.4864,-10.9858,-12.1305,-6.1883,0.2611,-2.6243,-5.9291,1
-12.2382,13.6427,10.2289,-7.5395,-8.714,-10.4195,-5.7282,1.564,-3.7342,-4.3678,1
-12.2351,13.0131,10.2638,-7.6664,-10.3637,-8.7754,-5.6278,-1.4592,-1.3529,-7.9133,1
-12.9737,13.0905,9.7314,-6.5714,-8.8007,-11.1171,-7.3951,-0.1563,-1.4497,-5.7257,1
-15.6471,12.3465,10.3957,-8.9026,-6.3094,-9.443,-3.1514,-1.0129,-4.4015,-7.9433,1
-12.5988,16.7314,8.8,-9.3207,-11.2987,-12.2153,-4.7951,1.0772,-2.0259,-8.3632,1
-11.9225,13.3423,10.7737,-10.8117,-9.831,-9.0608,-5.3821,0.9747,-1.2999,-7.9589,1
-14.0864,14.2679,10.3208,-8.5213,-11.4551,-11.4746,-9.1941,1.969,-0.8002,-4.9978,1
-13.9223,10.8976,8.4332,-8.3742,-9.342,-9.832,-5.3194,0.7602,-1.8605,-7.2217,1
-12.9094,13.4511,7.9773,-9.7863,-10.068,-8.0069,-5.9361,0.4635,-3.9146,-5.0849,1
-15.3604,13.9473,12.1936,-7.8667,-11.9876,-12.1521,-5.9692,-1.0764,-1.0688,-6.1997,1
-14.1344,13.0372,12.5854,-4.3659,-9.9631,-8.9683,-5.7266,0.3532,-3.2898,-7.8906,1
-16.0859,14.7052,9.1938,-12.4973,-8.878,-9.5553,-3.8527,1.3024,-4.2597,-9.6076,1
-15.4617,13.1596,11.388,-8.6431,-7.8447,-11.4851,-4.4248,1.8242,-5.069,-4.2792,1
-14.2423,14.6854,8.6759,-6.717,-11.324,-8.2497,-4.6418,-0.7186,0.9334,-5.9158,1
-13.4016,11.8066,13.1499,-10.4667,-8.0079,-10.99,-6.8012,1.9258,-0.5003,-8.1701,1
-12.7468,15.6648,8.5663,-6.2319,-11.7305,-10.435,-5.1542,-0.5377,-1.6459,-5.9015,1
-14.6631,15.3459,9.6307,-8.2825,-7.8255,-8.3118,-4.6937,-0.9811,-1.2545,-7.5809,1
-16.3046,13.9897,8.6168,-7.4439,-8.3234,-12.3518,-7.1152,-1.447,-2.7356,-5.5804,1
-14.7459,13.2127,11.9235,-12.0871,-7.6899,-10.3143,-5.9899,-0.0484,0.2727,-8.1096,1
-14.3649,14.8885,7.5568,-10.0097,-9.7675,-10.8279,-7.0961,0.2179,-1.0673,-6.7772,1
-12.7648,12.6007,8.0954,-5.7403,-10.5322,-11.4642,-8.4858,2.3553,-2.5536,-6.6437,1
-14.6213,15.6167,9.704,-5.1137,-9.3446,-7.9052,-4.6649,0.688,-2.9221,-5.7652,1
-13.6173,13.2384,10.2228,-6.7755,-6.4403,-8.2163,-3.0786,-0.2014,-0.9888,-4.2553,1
-15.727,13.3689,12.5801,-10.0925,-11.5569,-7.2059,-4.0776,1.3909,-2.1102,-6.9209,1
-13.9595,16.467,10.3311,-5.3794,-10.8922,-9.5274,-6.4323,-0.885,-2.2713,-5.6371,1
-13.5961,17.353,10.67,-6.9046,-9.4461,-6.9808,-2.2751,1.5393,-3.5306,-7.0863,1
-13.9596,14.782,11.0209,-7.9395,-9.5348,-10.4522,-5.271,3.5252,-0.5118,-5.4611,1
-12.8381,13.5407,9.2109,-9.7515,-9.7332,-10.1309,-4.0603,0.0297,-3.2457,-3.3493,1
-15.0595,14.3276,10.6503,-10.3349,-7.692,-8.5422,-3.5352,-0.2761,-1.893,-6.2041,1
-13.9866,11.9154,10.1395,-10.7695,-9.0077,-12.6908,-8.6501,1.9705,-2.8619,-7.7449,1
-12.4762,14.5887,11.2814,-8.8792,-5.5258,-10.4046,-3.256,0.6506,-4.5234,-5.5389,1
-13.9103,12.5203,8.59,-8.6669,-9.0206,-13.2039,-4.2931,0.0009,-4.0393,-4.8515,1
-14.4179,15.9215,10.6302,-8.6321,-9.7743,-8.7738,-6.493,-0.5362,-1.1268,-6.4799,1
-14.3321,15.7314,9.8025,-8.6073,-10.4447,-8.8518,-5.348,2.0939,-2.9103,-6.9499,1
-13.1943,14.4756,8.614,-6.67,-12.0929,-8.3214,-7.7706,3.5714,-4.3585,-4.5347,1
-14.5049,13.5474,10.2514,-7.682,-10.9019,-10.7215,-4.8983,-1.8183,-2.918,-1.7021,1
-15.8345,15.819,9.0944,-7.8663,-8.5637,-7.8044,-6.1731,3.726,-2.9257,-5.9118,1
-14.0145,12.4143,9.5445,-8.3876,-10.1934,-5.8365,-7.1307,2.5118,-0.757,-6.2839,1
-15.6803,12.9449,9.1963,-11.3084,-11.0504,-11.7216,-3.8539,1.6704,-0.8627,-5.3799,1
-14.132,16.2883,9.0571,-8.4698,-8.4247,-11.4797,-1.2278,0.7855,-1.8287,-4.3778,1
-13.01,14.1544,10.1685,-10.886,-10.3799,-8.722,-5.2069,2.5744,-2.2224,-8.3441,1
-12.7974,16.2514,11.3206,-8.8753,-7.9787,-4.3545,-5.7,-1.2249,-2.9211,-5.3249,1
-16.7897,14.3514,10.5438,-6.3271,-7.58,-8.201,-9.1168,2.1243,-0.9834,-5.8792,1
-16.9778,12.9321,8.223,-11.6523,-9.5496,-10.6946,-1.9348,0.4895,-0.101,-8.6168,1
-15.1776,14.2426,8.611,-9.2631,-9.8722,-9.8487,-3.0901,1.31,-1.3224,-5.4536,1
-13.4635,13.973,9.4922,-8.3796,-7.81,-7.8085,-6.2333,1.8945,-2.3335,-6.2123,1
-15.0928,13.8248,11.9853,-8.4912,-9.3423,-11.6687,-6.3366,0.3807,-3.2854,-6.2306,1
-15.0262,14.2173,10.1555,-10.0635,-10.1433,-9.3818,-4.0963,1.1278,-3.0346,-5.6646,1
-11.8211,15.4724,10.7946,-7.5414,-7.3853,-7.8844,-5.0226,2.3457,-3.6641,-8.5165,1
-14.1468,14.2003,9.1574,-7.391,-12.3395,-10.3,-6.6002,-1.7118,0.2004,-8.3019,1
-15.265,15.4593,10.9423,-10.2921,-8.5215,-9.0632,-2.3732,1.3486,-2.2535,-7.5479,1
-15.4988,12.8586,12.0299,-8.6029,-8.6974,-7.2265,-9.4104,2.661,-1.9586,-5.6106,1
-15.6251,12.9646,10.7065,-5.0529,-8.0403,-7.5996,-6.1607,-0.1576,-3.2129,-6.9955,1
-17.4616,13.0099,9.1327,-8.8929,-9.3476,-8.9542,-5.8951,-0.1295,-4.9867,-7.1261,1
-15.8411,14.7964,11.3372,-7.222,-8.4098,-9.6982,-6.6557,-0.378,-4.3029,-4.7753,1
-14.6445,12.2278,8.7335,-9.9303,-9.4807,-7.8967,-6.3947,-2.6361,-2.3254,-6.4974,1
-14.7198,13.1561,10.2994,-8.5306,-9.5825,-8.8789,-6.5175,0.0128,0.0285,-5.4241,1
-13.142,15.9365,10.7622,-7.2372,-11.9143,-9.1916,-6.1468,3.2592,-0.6502,-7.2088,1
-13.8233,14.3488,10.6548,-10.1581,-9.0052,-9.8401,-5.4491,-0.3439,-2.9192,-4.5024,1
-15.9598,12.6307,9.8959,-9.7877,-10.8728,-9.3403,-8.1303,-0.7693,1.0395,-5.5739,1
-15.5023,14.7246,10.8243,-7.1382,-9.736,-8.0331,-8.9304,-0.8418,-1.7958,-5.7687,1
-15.7501,14.4864,9.0375,-9.0453,-8.0081,-8.1345,-7.3683,-0.8432,-2.6584,-6.3032,1
-15.3693,15.6583,10.4944,-8.0207,-11.4451,-7.7469,-10.103,1.9938,-0.6402,-6.9117,1
-12.4731,14.0026,10.0669,-8.1205,-4.7654,-7.4812,-4.821,-0.6265,-1.8263,-7.4828,1
-13.1493,14.308,8.2865,-8.5081,-10.8194,-9.271,-7.1613,0.7839,-0.9159,-6.3427,1
-14.9688,14.4022,11.0191,-10.2906,-9.1543,-7.5216,-5.0122,0.8293,-1.082,-5.5844,1
-13.2521,11.0614,7.6431,-7.1226,-11.8032,-8.8956,-6.4008,-0.7516,-1.5172,-5.9616,1
-11.217,13.1601,12.1334,-8.1012,-10.5368,-8.299,-5.0241,0.7965,-1.6422,-7.1586,1
-15.6211,15.2365,9.6374,-8.75,-9.1255,-9.0999,-8.0167,2.6721,-1.8599,-6.5671,1
-13.7362,14.4521,11.1239,-7.8229,-8.4685,-7.4714,-4.5473,0.502,-3.726,-3.7614,1
-14.7391,13.3876,7.3682,-8.1221,-9.3219,-11.7705,-5.1928,-0.0046,1.9938,-7.1172,1
-15.0353,12.7851,11.8901,-9.189,-10.6326,-8.4374,-7.9433,1.6804,0.6305,-5.4132,1
-13.4256,15.4024,12.5378,-6.815,-8.8857,-8.142,-7.2016,1.9071,-3.55,-6.8137,1
-19.0063,14.6994,9.0075,-6.9631,-8.96,-7.8117,-7.4981,2.3003,1.1171,-5.1169,1
-13.1969,14.3517,9.1863,-7.488,-11.8044,-10.1245,-8.5293,-0.3128,-1.0786,-5.505,1
-14.3061,14.3529,7.1445,-9.1887,-10.5673,-10.4865,-4.9734,-0.5481,-2.9487,-9.3937,1
-14.8236,12.4655,10.0921,-10.0565,-9.3884,-9.7149,-3.3647,1.4885,-4.8011,-8.1605,1
-14.2997,12.7025,5.5207,-6.6055,-8.4649,-8.7164,-6.7837,1.3842,-3.0982,-5.9558,1
-15.7633,16.3717,7.6179,-6.7814,-9.4869,-10.2321,-5.6222,1.8427,0.0085,-5.7934,1
-15.7185,14.1807,12.6985,-6.6083,-8.1821,-8.3043,-4.8236,2.4808,-2.7266,-8.2958,1
-14.279,12.8709,8.3907,-9.7102,-5.8173,-9.2937,-5.3299,-1.0909,-4.8073,-7.4917,1
-12.2252,14.5987,10.8712,-7.522,-10.4323,-7.4159,-6.8219,2.852,-1.3782,-8.9467,1
-15.5045,11.4199,11.7182,-8.6669,-12.8878,-8.9342,-6.6785,-1.483,0.4753,-6.1022,1
-14.8226,13.4982,7.7034,-10.5867,-7.6179,-10.2087,-5.8396,-2.3238,-4.0188,-5.3484,1
-13.8159,16.7274,11.9877,-8.9759,-8.8358,-9.9728,-2.7905,2.4662,-1.7871,-5.9625,1
-12.2152,14.9667,12.3112,-11.9203,-8.8534,-10.271,-3.2382,3.0623,-1.9924,-3.9597,1
-11.7078,14.2089,13.6812,-8.6768,-9.867,-8.1991,-6.4034,0.8707,0.0725,-6.2343,1
-16.925,14.6483,8.9288,-7.3319,-8.501,-7.2908,-4.5114,2.3781,-3.0453,-5.0571,1
-11.4298,13.0643,12.6729,-9.4539,-10.8232,-9.0536,-4.7989,2.1103,-3.4843,-5.6113,1
-15.4108,11.8639,8.5802,-9.7562,-8.7629,-7.7695,-8.0825,1.2706,-3.8067,-5.3195,1
-15.3166,12.5203,11.1728,-9.5102,-10.0192,-12.8278,-4.4529,1.9741,-2.0335,-8.5545,1
-12.5684,13.0979,9.2932,-5.1618,-10.6007,-8.3845,-5.0296,1.328,-1.6186,-5.6985,1
-13.9746,14.0194,12.2402,-10.5988,-8.0131,-8.2644,-4.8251,2.4182,-2.1805,-9.0666,1
-14.4909,12.6105,8.8755,-10.4935,-10.2613,-10.3928,-9.4391,1.793,1.2888,-5.3538,1
-14.6869,14.0152,9.3418,-8.4948,-9.6008,-10.7594,-3.3484,-1.488,-0.9642,-6.4149,1
-11.5312,14.6086,9.4334,-9.0014,-9.4854,-11.2121,-7.023,-1.9347,-3.4261,-6.1223,1
-13.9322,11.1283,9.7675,-7.7847,-9.7896,-10.4485,-6.491,-0.0685,-2.9967,-6.0024,1
-10.9209,12.9817,9.4961,-8.7074,-10.5763,-7.8505,-9.4291,-0.0539,-0.8142,-6.7043,1
-15.6137,14.7584,11.3328,-8.3139,-10.7471,-8.8136,-6.4758,1.8605,0.1832,-10.1715,1
-14.2159,11.4937,13.636,-9.332,-8.4257,-9.5508,-7.0774,-0.6404,0.3369,-4.8292,1
-11.4671,14.1805,10.4052,-9.0306,-9.9759,-11.0607,-5.7467,-0.4412,-1.3788,-6.0081,1
-13.9509,16.61,9.9167,-7.4947,-6.468,-7.5379,-4.143,0.2827,-1.6972,-8.2405,1
-13.6341,14.509,10.0084,-7.089,-11.3569,-7.0456,-4.5201,0.6367,-2.2647,-5.5422,1
-12.1012,14.2497,10.1893,-8.6026,-6.8722,-10.0512,-5.917,2.9378,-1.8211,-4.5575,1
-15.7494,13.7894,12.1999,-9.6443,-9.7722,-9.1128,-7.3565,0.122,-1.8727,-6.1931,1
-12.4619,16.4095,8.6892,-8.4629,-8.5339,-7.2233,-4.795,1.1791,-1.0418,-5.2525,1
-15.774,14.3865,12.162,-8.9409,-9.3511,-9.8616,-9.3435,0.7736,-1.589,-7.0319,1
-16.1144,12.7764,11.1196,-5.671,-7.4716,-11.5144,-4.5908,-0.2521,-2.9151,-6.9561,1
-13.3234,15.5362,9.8262,-8.7514,-8.8489,-8.6459,-4.1084,-1.1839,-2.0116,-7.8652,1
-14.4589,13.758,9.9032,-9.8294,-11.7762,-12.6395,-6.0695,0.0962,-3.0556,-4.2793,1
-15.6716,16.2225,12.409,-11.5562,-9.4067,-10.0974,-10.2404,-1.4243,-0.8792,-3.2343,1
-13.0284,14.5827,9.9413,-6.1058,-6.3229,-10.3781,-8.8727,-2.4046,-0.0588,-6.3337,1
-14.1076,11.4113,8.8435,-9.073,-9.2335,-10.0958,-7.4287,-0.4342,-0.2292,-5.8959,1
-13.4642,12.749,5.5425,-9.4145,-10.8451,-8.9743,-0.9441,1.7854,2.0623,-5.41,1
-15.3273,14.6192,12.6442,-5.8855,-10.4083,-9.1181,-8.0166,1.9797,0.2884,-6.2034,1
-15.3835,14.6375,10.5995,-8.5081,-9.2772,-9.7586,-4.3788,1.847,-3.5163,-7.779,1
-14.764,15.2026,10.1954,-9.5946,-9.153,-9.9941,-4.552,1.2423,-2.5146,-5.9158,1
-12.4099,13.2429,10.5773,-8.7355,-8.9048,-10.4797,-5.7072,2.4044,-3.4472,-8.2572,1
-16.3196,12.3413,10.8663,-10.7386,-9.9921,-8.5704,-5.2477,0.1644,-1.7553,-6.1024,1
-14.7188,13.781,13.3264,-7.4159,-5.8243,-10.2433,-6.0002,-1.2555,-3.256,-3.4103,1
-15.1655,16.9762,8.1082,-10.21,-10.0571,-9.5935,-4.4881,1.4188,-2.6661,-6.4631,1
-14.8611,12.7253,8.6413,-7.088,-12.2875,-7.0718,-6.3872,-0.4161,-0.932,-4.0353,1
-12.706,14.8501,11.6036,-11.2046,-10.328,-10.8646,-4.0358,0.1675,-0.7735,-5.4593,1
-15.6759,13.2169,11.914,-9.7931,-9.3579,-10.6717,-6.3437,0.6735,-3.2159,-7.7038,1
-13.9531,12.8302,8.7573,-10.0384,-9.6621,-8.0823,-3.6129,-0.3462,1.1838,-7.7702,1
-12.7571,13.0148,8.6669,-9.747,-9.6239,-8.6279,-4.8679,-0.6733,-3.5261,-7.6381,1
-14.5495,13.7821,8.548,-8.2254,-6.1514,-10.2549,-6.523,1.5822,-2.8799,-5.2597,1
-15.4603,16.8455,10.4904,-9.5599,-10.4283,-10.2686,-3.8136,-1.1604,-3.0436,-7.1056,1
-14.406,13.6906,7.7364,-9.2296,-9.6946,-10.44,-4.8426,2.1218,-2.1592,-5.9173,1
-17.624,13.4656,11.4805,-9.265,-10.6511,-6.0813,-3.1441,1.4441,-0.3333,-9.602,1
-15.5638,13.3924,9.6193,-9.3647,-13.3703,-8.9188,-5.0573,3.1455,-3.2241,-7.5684,1
-18.4024,13.6569,11.3249,-9.5475,-6.3301,-9.8828,-5.6522,-1.302,-1.6108,-9.2321,1
-13.3419,15.1839,12.0122,-10.1598,-9.3044,-8.6521,-5.2093,-0.5553,-5.6296,-5.7427,1
-14.6112,13.2473,11.1192,-8.6972,-11.524,-12.395,-7.5662,4.3322,-0.9575,-5.9802,1
-14.655,13.7262,11.7241,-9.3657,-8.6799,-10.0205,-2.9625,1.8561,-0.1733,-7.1397,1
-12.7953,13.6284,10.1383,-6.1773,-11.1094,-9.193,-5.2157,1.5227,-2.7178,-3.1337,1
-16.3249,16.2856,11.7959,-5.7785,-11.9276,-10.8011,-3.6348,-2.0729,-4.4513,-6.9956,1
-14.0945,16.4856,9.6954,-9.5422,-9.0782,-8.7935,-5.2109,0.4757,-4.9743,-7.6395,1
-12.2521,14.3779,9.4895,-6.9526,-11.2404,-9.8359,-5.6661,0.0806,-1.8905,-6.5447,1
-16.4815,14.3695,7.9808,-8.3814,-7.484,-9.9194,-7.63,0.5522,-3.2896,-5.3714,1
-14.6044,16.6619,11.7178,-8.8594,-8.4718,-10.0877,-5.8218,0.2005,-0.892,-4.1136,1
-13.1845,15.4802,11.3578,-7.8029,-11.2542,-6.9464,-3.1661,0.3919,-2.5977,-5.3445,1
-13.5562,13.7944,8.0982,-8.1713,-8.7181,-8.4091,-5.3488,0.336,-0.5506,-6.1644,1
-15.0798,13.8263,7.3543,-8.9032,-8.5126,-8.9882,-3.5917,0.3482,-1.3107,-5.074,1
-10.8682,14.3144,8.407,-7.3579,-6.7467,-9.9817,-4.6111,2.5858,-0.5161,-6.0748,1
-15.4302,13.9754,10.6612,-7.2675,-9.0443,-10.0677,-5.0397,2.0328,-1.4722,-7.5174,1
-14.6546,15.519,7.8988,-11.7696,-7.2831,-8.7307,-4.9626,-0.8725,-0.9354,-5.8503,1
-16.759,16.2337,10.2113,-9.224,-10.1122,-12.5207,-4.9827,1.1355,-2.3328,-4.3454,1
-16.4583,13.2021,8.6983,-9.048,-9.444,-8.8528,-6.3932,-0.5733,0.4874,-2.6457,1
-14.1675,12.9621,12.1865,-10.8,-10.0474,-10.542,-7.612,0.3227,-3.3379,-6.2441,1
-14.3417,13.1653,9.4175,-8.9761,-8.3305,-9.7205,-4.6357,1.6214,-1.1844,-4.1814,1
-16.0616,13.3875,12.6182,-9.0158,-13.7679,-9.8023,-5.6703,-3.183,-0.0407,-7.3337,1
-13.8896,13.7583,8.0408,-10.2356,-10.9479,-7.8694,-6.094,-0.0401,-3.4436,-4.4689,1
-12.1862,15.8744,10.7119,-8.1951,-11.3692,-9.8666,-6.8985,-1.9956,-0.4561,-7.3069,1
-12.5886,15.4199,10.8084,-7.7105,-10.4682,-6.7111,-5.808,1.1956,-3.0153,-7.6599,1
-13.6665,14.4236,8.7893,-10.7875,-11.4501,-7.7037,-6.7926,0.2343,0.1339,-7.9464,1
-15.473,12.9441,12.4004,-5.6398,-8.4179,-8.3228,-6.7433,3.6637,-1.6401,-4.9835,1
-14.5408,13.6952,12.4678,-7.8202,-7.3682,-9.1149,-7.1453,-0.1323,-1.8872,-7.2029,1
-16.0437,15.8994,9.156,-8.4225,-9.1011,-10.3801,-3.6965,-0.933,-1.6492,-5.8939,1
-14.4638,12.1519,11.2795,-7.5146,-10.5586,-8.4366,-5.3104,-1.1782,-3.3225,-4.5557,1
-13.9183,13.2508,8.6856,-9.4029,-10.212,-10.7668,-8.4854,2.4527,-0.5857,-8.173,1
-14.178,12.7439,9.5809,-9.147,-10.187,-6.4934,-6.5332,-0.4697,-3.1855,-4.6975,1
-16.8606,12.9534,12.1435,-8.2638,-9.2574,-6.2996,-5.5032,-0.3196,-2.4648,-7.9663,1
-12.4986,14.9591,11.6599,-6.8104,-10.1666,-10.915,-5.9503,-0.5664,-1.7942,-4.565,1
-14.6347,14.3223,9.8325,-7.4257,-10.5469,-12.7925,-5.1664,2.2244,-1.3721,-7.2235,1
-16.085,14.839,10.1855,-8.8185,-6.8116,-10.9181,-3.2102,0.7904,-4.795,-6.5319,1
-12.9432,13.5497,7.7611,-8.8766,-10.831,-8.7601,-4.7126,-0.8417,-3.1004,-5.1282,1
-15.6707,12.4741,8.2052,-8.1018,-9.0815,-10.5239,-5.8651,3.0334,-3.5027,-9.1907,1
-13.6999,13.9317,8.9082,-7.6517,-8.2864,-12.8103,-6.8516,4.219,-1.1665,-5.249,1
-12.6231,14.1229,11.1683,-7.5527,-8.7367,-9.9809,-5.6146,-0.1398,-2.0224,-8.0159,1
-15.5684,13.6738,8.5577,-9.3874,-9.7911,-8.8945,-4.4488,0.047,-0.039,-4.8552,1
-13.6263,14.3278,10.452,-6.8492,-7.7099,-7.4954,-5.8107,1.5751,-0.0263,-7.1987,1
-14.8601,14.1214,11.3227,-7.2571,-9.8915,-11.7608,-5.5035,-0.6348,-4.2766,-8.1589,1
-13.8929,16.1389,10.0316,-8.3128,-7.7709,-11.8145,-5.0925,0.7253,-1.1926,-6.9884,1
-15.6094,14.3081,12.4471,-7.3385,-10.3068,-11.5093,-8.3958,2.7168,-3.4743,-6.7514,1
-12.4006,11.6764,12.2117,-9.0103,-11.2681,-9.8689,-6.9566,1.4039,-3.0138,-9.1306,1
-14.7133,12.0625,10.2798,-10.4105,-10.2773,-9.224,-6.1914,1.1183,-1.0212,-8.0,1
-14.4791,9.103,10.3443,-9.081,-11.0204,-9.0243,-4.1137,0.0287,-3.4589,-6.0156,1
-16.3859,13.1067,11.8069,-8.5366,-12.3645,-12.1934,-5.6296,2.0363,-4.4681,-5.5886,1
-12.3869,16.9291,10.4701,-7.8696,-12.745,-6.3482,-6.736,-0.6575,-2.4245,-3.9956,1
-11.0704,14.2854,11.4704,-8.565,-11.1019,-7.2827,-6.8059,3.046,-0.0938,-5.3421,1
-11.639,17.4458,9.7104,-9.843,-12.3417,-6.1308,-6.5323,2.4452,-3.1535,-3.9557,1
-15.4326,12.3097,9.6605,-9.4275,-8.6508,-9.575,-4.9312,0.3062,-3.0393,-7.1385,1
-11.3151,14.4351,6.9976,-9.4101,-9.4,-6.7298,-4.3297,-0.6399,1.5859,-6.3099,1
-12.513,12.3648,6.376,-10.7425,-14.4208,-6.3297,-5.5509,-0.6443,-1.3627,-5.9791,1
-13.4511,15.9116,9.5384,-9.9496,-8.3036,-8.2944,-5.7216,4.009,-2.6984,-7.6129,1
-13.7553,13.0849,10.7166,-9.8793,-10.1456,-6.6616,-6.4811,-0.4556,-0.2856,-7.8397,1
-15.4219,14.9621,11.3809,-6.7991,-10.6661,-8.6039,-6.5719,-0.1658,-0.2368,-7.0875,1
-13.9652,14.3307,8.3671,-7.1807,-8.7048,-12.4773,-5.4566,-0.4168,-0.396,-8.4312,1
-14.9172,14.6403,10.0548,-7.4854,-11.8229,-7.02,-5.085,2.7823,-0.7303,-6.2805,1
-16.3088,13.252,12.3576,-6.5517,-10.4747,-13.7253,-6.1918,0.3111,-2.4163,-5.4703,1
-13.0681,15.5827,10.6418,-11.331,-10.0571,-6.0417,-5.3114,1.2944,-1.5024,-5.6401,1
-17.9571,13.738,9.9164,-6.7076,-9.4737,-11.9676,-5.2276,-0.463,-3.8668,-7.5144,1
-13.5687,15.9854,10.6977,-7.6818,-8.8357,-9.3459,-4.8273,-2.8855,-1.875,-7.8305,1
-12.6381,13.8766,10.0197,-10.8874,-8.02,-8.5569,-5.0373,-0.4768,-3.2021,-5.9277,1
-15.4242,14.7496,6.7319,-9.3611,-6.8501,-8.8386,-5.6225,3.7205,-5.5456,-7.4861,1
-14.9842,15.3848,11.2868,-9.9288,-8.0483,-10.1028,-4.0553,-0.8063,-2.2266,-6.9984,1
-12.7984,13.3131,9.9096,-7.8696,-8.7274,-8.1674,-5.556,0.1153,-2.5662,-6.2246,1
-14.0081,13.8765,10.0021,-10.9057,-8.5442,-9.2262,-4.3699,0.7429,-4.6492,-6.8008,1
-14.6824,15.2117,6.8679,-8.5681,-8.7747,-10.4901,-5.7608,-0.1979,-3.136,-6.8758,1
-15.4485,15.1227,8.8709,-9.9842,-6.8934,-8.0568,-8.665,-0.4045,-1.678,-5.7775,1
-16.6182,15.8351,11.2111,-7.907,-7.5102,-8.8194,-5.1999,3.0792,-0.3898,-7.5254,1
-13.4327,13.1009,10.7295,-7.9149,-11.6205,-9.6806,-5.4748,0.0883,-1.5696,-5.0543,1
-14.4284,14.4342,12.0484,-7.92,-9.244,-10.935,-4.8662,1.2379,-0.116,-6.1928,1
-17.1069,11.5471,11.0768,-9.4851,-8.8901,-9.3265,-6.123,0.5982,-3.3397,-6.2868,1
-15.2592,13.5389,9.4878,-8.9699,-8.162,-9.6926,-4.3372,3.0495,-0.7592,-5.4614,1
-13.8922,15.3953,10.1073,-7.153,-8.6241,-10.0376,-4.529,0.8799,-2.2008,-6.9774,1
-14.1334,15.592,11.3067,-8.0997,-8.6458,-7.5903,-6.0977,-0.9304,-0.09,-7.0578,1
-15.418,11.403,10.8302,-11.062,-10.6706,-8.6155,-4.7899,-0.2349,-2.2429,-7.572,1
-15.2051,14.4966,9.2208,-8.9961,-11.7423,-7.7984,-5.1076,1.9321,-0.106,-7.5009,1
-14.9201,11.255,14.6839,-8.8542,-7.9872,-11.3551,-4.3782,3.5291,-2.1321,-7.7794,1
-14.5907,10.7572,9.9164,-7.3984,-9.5989,-9.9241,-5.0814,1.6487,-4.5315,-6.1299,1
-10.7285,12.0948,9.8452,-5.7172,-7.889,-10.268,-5.5635,0.7395,-3.1638,-6.3745,1
-14.8024,14.2664,8.8507,-10.5448,-9.6072,-6.9252,-5.7494,0.2453,-0.9105,-6.5006,1
-11.5804,14.0914,11.024,-9.7617,-8.7906,-9.0852,-5.9575,-0.0099,-2.9987,-5.8396,1
-13.4391,13.9066,10.4042,-8.6867,-9.3975,-9.7985,-5.8458,4.7898,-1.5742,-5.2952,1
-13.7254,13.7031,11.9143,-9.0666,-7.9627,-9.9992,-7.3127,1.2908,-3.6987,-5.4597,1
-16.1737,13.6188,7.8257,-4.3936,-12.0262,-9.4831,-4.1578,2.2973,-0.7646,-6.739,1
-12.3558,15.4674,10.2917,-8.269,-10.0011,-10.8623,-4.017,2.711,-3.3678,-6.4938,1
-14.5976,14.0483,10.0697,-7.2095,-10.6661,-10.7674,-4.0178,0.0487,-3.9362,-6.9908,1
-14.8775,16.4297,11.3605,-6.9085,-8.3153,-8.0785,-6.9049,0.4448,-3.5265,-6.5789,1
-13.3563,14.2992,11.9405,-10.342,-8.7949,-11.3703,-5.7315,1.8532,-2.3634,-5.4364,1
-15.8221,11.6018,10.8088,-6.0138,-11.0393,-7.6646,-5.8076,-1.2608,-3.7389,-6.2394,1
-14.9892,12.1279,7.4322,-9.8999,-9.2545,-9.5075,-6.6246,1.0455,-0.4816,-5.6719,1
-14.5644,15.4894,8.5335,-8.9672,-9.8469,-11.3533,-6.5025,-2.3697,0.8266,-7.6692,1
-12.0033,14.1544,10.8206,-9.363,-9.2334,-8.5221,-4.8759,1.9049,-2.5941,-6.9837,1
-16.7737,14.8821,11.5968,-6.2059,-9.0875,-10.6476,-8.4184,2.3052,-4.7361,-6.774,1
-14.7189,13.9931,10.027,-8.4226,-13.1683,-9.4759,-9.2171,1.841,-2.8743,-9.4987,1
-15.6038,13.2422,11.7593,-8.3349,-9.0286,-7.726,-6.0169,1.874,-1.0159,-8.1928,1
-12.173,11.9668,11.3493,-10.9054,-8.6434,-6.705,-6.1922,0.3582,-1.126,-6.7572,1
-11.655,14.3856,9.493,-9.4403,-10.9447,-10.4395,-6.3987,0.0112,-3.0289,-3.1149,1
-15.9276,14.3172,10.8621,-7.6847,-9.6332,-9.8589,-5.1954,1.1425,-2.4301,-8.6059,1
-15.0844,12.3775,8.9725,-8.58,-9.0071,-6.8272,-6.6788,1.9046,-1.5827,-4.3191,1
-13.5181,12.5846,7.3887,-8.1629,-10.3379,-10.9683,-7.7741,0.9842,0.2199,-6.8761,1
-13.4971,13.9439,8.0392,-7.5276,-11.1873,-9.4654,-6.385,2.0823,-3.6289,-5.6768,1
-15.6422,13.3306,4.5205,-5.4917,-8.7194,-10.6489,-7.5597,-0.0008,-0.9663,-9.1013,1
-14.5948,16.7533,8.2724,-8.5092,-6.2403,-8.5496,-5.6838,1.5026,-2.6429,-4.3137,1
-14.9815,11.1585,9.3863,-10.0799,-9.967,-9.8865,-4.0766,1.7856,-1.6468,-6.2675,1
-15.9708,10.8255,10.143,-7.4379,-9.7078,-10.3001,-5.176,0.6177,0.487,-4.414,1
-12.9432,15.2339,8.038,-7.6353,-8.9808,-8.5882,-5.1338,1.4218,2.0097,-6.3774,1
-12.978,13.3908,11.1592,-7.2208,-8.9986,-6.994,-7.1991,0.0119,-1.7231,-4.9419,1
-14.1133,16.0259,8.9807,-10.3407,-9.0831,-9.6136,-5.0584,0.7016,-2.5517,-6.3755,1
-14.3392,13.6398,9.6686,-9.2352,-8.2603,-9.2068,-2.4876,0.9837,-2.8679,-2.2571,1
-13.762,15.5825,10.8614,-7.6953,-8.7418,-11.151,-5.3214,-1.2446,-2.3032,-7.3516,1
-13.8463,14.5985,10.695,-8.1989,-10.4555,-9.8894,-4.4921,2.3445,-3.7618,-8.5595,1
-15.4728,15.6651,11.7956,-10.0169,-9.0843,-6.7462,-5.2498,2.8749,-0.5436,-7.6284,1
-14.6674,14.1494,10.1295,-7.2553,-8.9322,-13.9022,-7.842,-2.5384,-1.7786,-5.9024,1
-13.9576,12.6589,10.9845,-7.5554,-11.428,-11.6969,-5.8729,3.4304,0.508,-5.418,1
-15.4775,15.4276,9.2946,-9.7811,-12.7612,-9.3443,-6.8175,0.8873,-5.4907,-6.0084,1
-18.0291,15.7292,10.7561,-9.0478,-8.7012,-10.965,-5.7642,1.9349,-6.6831,-6.934,1
-14.4164,13.8029,12.1589,-10.3157,-10.477,-12.3717,-3.6073,0.3733,-2.6993,-6.3418,1
-13.4281,14.6183,13.9451,-7.9489,-10.2431,-10.3399,-6.4619,-1.5101,-1.9819,-5.0879,1
-15.3025,12.8862,12.2472,-10.7696,-12.647,-11.2272,-8.1834,1.322,-2.5827,-6.5927,1
-12.6531,13.0603,11.1359,-6.3628,-10.2287,-8.3923,-6.2355,2.1288,-4.3989,-8.7314,1
-14.9694,12.7639,9.1982,-8.9591,-8.4652,-10.1094,-7.1085,0.2154,-3.1954,-7.6641,1
-16.802,14.2015,9.1202,-7.1804,-11.7163,-10.311,-3.1534,-0.6667,-2.3964,-8.0869,1
-16.4051,16.4183,10.2298,-8.4293,-12.0897,-8.9598,-4.1366,2.4669,-1.0391,-7.9574,1
-13.9128,15.0987,7.2816,-10.3117,-8.213,-8.1838,-8.1956,1.9352,-1.8987,-5.0916,1
-15.3342,15.0651,11.239,-9.1568,-9.5186,-10.4706,-3.3953,0.5623,-3.4247,-7.3369,1
-14.1923,15.2273,7.9695,-5.8583,-9.0822,-8.7982,-6.0185,0.7716,-2.2641,-4.7364,1
-14.3944,15.2479,9.3225,-8.3364,-10.7511,-7.6731,-7.1234,0.2552,-2.5141,-6.7941,1
-13.2987,13.6223,12.0642,-9.8575,-9.2912,-10.6615,-5.2413,0.7188,-2.2742,-4.4804,1
-15.364,14.9771,8.8198,-8.4608,-11.3386,-10.4916,-5.9959,3.4647,-1.8904,-3.7811,1
-14.052,13.5167,12.2823,-7.9743,-10.5093,-8.792,-6.3116,-2.2409,-0.6377,-4.6207,1
-11.6256,14.7305,9.6002,-7.3773,-8.2705,-7.0404,-5.9397,0.4943,-3.115,-5.4569,1
-16.7049,15.2614,10.855,-7.7522,-9.3379,-7.1984,-4.5647,-0.1679,-2.9254,-7.5826,1
-13.5555,12.5971,11.5984,-6.6454,-10.8638,-9.7762,-5.8478,2.0687,0.3724,-8.7914,1
-14.8597,13.6983,7.8723,-9.3575,-8.9036,-9.9159,-8.1897,5.0538,-1.6424,-6.0956,1
-16.0294,14.4884,9.727,-11.4626,-11.1506,-8.3055,-2.9567,1.2934,-0.387,-6.4968,1
-14.5123,15.7338,12.4674,-6.6782,-11.1448,-9.5983,-5.4564,0.3532,-1.4599,-5.0323,1
-12.8783,16.6261,9.4791,-10.6759,-9.0079,-6.6721,-6.5882,1.773,-0.998,-5.976,1
-14.3721,12.7122,6.5508,-10.2976,-10.1307,-7.8517,-6.0274,-0.0358,-3.3781,-5.2779,1
-12.3449,15.6924,10.8825,-10.8432,-10.0728,-6.5769,-4.1898,-1.5636,-2.125,-5.7185,1
-15.5257,10.6335,10.1215,-9.8115,-10.721,-10.0299,-6.0732,0.7291,-3.3676,-6.5934,1
-17.0186,14.5639,5.6889,-9.0641,-8.1665,-11.0869,-4.7981,2.4763,-7.0035,-6.4902,1
-18.6961,13.92,9.9625,-12.3536,-6.658,-9.0688,-7.1463,2.9408,-4.7351,-8.1069,1
-17.8316,16.7989,10.4718,-7.6407,-9.0937,-8.6372,-5.7556,1.1491,-1.8802,-7.176,1
-14.4524,14.5077,10.1391,-10.8465,-11.5627,-7.8736,-6.3332,1.6198,-3.6798,-8.4728,1
-15.6479,13.7634,8.9756,-6.6889,-9.276,-6.7245,-5.2661,-2.8761,-0.4576,-8.5275,1
-14.0367,12.9353,13.1873,-6.4704,-10.658,-9.6889,-5.5058,2.0378,-1.9979,-7.8005,1
-15.4588,14.0906,11.825,-7.9881,-10.7054,-8.5253,-6.4532,2.0783,1.7489,-6.8014,1
-13.1801,12.9792,9.8049,-8.5855,-9.8358,-5.8033,-6.3326,1.623,-4.9368,-5.6151,1
-12.6694,13.3059,6.2079,-8.6878,-9.5195,-8.4118,-2.8564,0.1726,-3.3261,-8.0135,1
-14.0853,14.8163,9.1548,-7.4618,-8.8472,-9.433,-7.2264,0.0199,-5.6863,-5.9094,1
-14.343,14.38,10.7298,-8.0511,-9.7108,-9.4249,-7.9792,-0.1329,-1.9659,-7.3669,1
-13.0922,13.1093,10.2977,-8.455,-8.4258,-8.1467,-4.8317,-2.4163,-0.2504,-3.9722,1
-15.1057,14.4523,8.637,-11.5524,-10.6533,-10.3081,-6.405,-0.6957,-3.1418,-6.2796,1
-15.5378,14.9126,10.9958,-5.0592,-7.8567,-9.1332,-6.8031,1.1833,-1.5518,-7.0331,1
-13.2069,12.0001,9.6067,-7.796,-9.9766,-9.808,-6.0794,-0.5107,-0.2808,-7.7902,1
-13.9052,14.7178,8.5503,-8.5202,-10.9097,-7.4113,-7.5809,-0.2382,-3.878,-8.2997,1
-11.9956,14.9115,10.1837,-9.6147,-8.1838,-10.7342,-4.6823,-0.5661,-3.0084,-5.1257,1
-13.0867,14.9935,8.3988,-9.2999,-9.3099,-10.7718,-3.8163,-2.8602,-3.2098,-7.0275,1
-18.6484,12.003,10.9112,-8.5844,-7.1855,-7.18,-5.2232,1.2126,-1.9428,-10.2457,1
-16.4743,14.2483,10.8973,-8.1953,-10.8839,-8.0918,-3.6491,2.1497,-0.5573,-7.102,1
-12.7686,14.3159,10.7406,-8.0817,-9.7275,-10.7879,-5.9959,2.2228,-2.7039,-4.9231,1
-13.2769,13.6489,12.0565,-9.1631,-7.2809,-8.8467,-5.8965,-0.589,-2.174,-6.5688,1
-16.2699,13.7709,8.7676,-7.7508,-7.5858,-11.3382,-3.3043,0.5499,-3.5042,-5.1265,1
-15.0521,13.9747,9.3669,-9.8549,-8.4593,-9.9273,-8.0277,1.5693,-3.85,-7.993,1
-12.5936,12.3028,6.4986,-7.6955,-10.001,-9.8243,-6.3445,1.0902,-3.1707,-4.049,1
-16.5968,14.7646,10.9365,-9.7693,-11.0809,-7.9721,-7.359,-0.1673,-0.7107,-6.211,1
-17.0782,16.7179,9.1783,-9.234,-9.1616,-8.5602,-2.9311,-1.7474,-0.8027,-5.1486,1
-14.5882,15.2782,11.3747,-10.7028,-6.9206,-11.836,-7.5757,0.35,0.8458,-6.7255,1
-14.4304,16.2454,9.5228,-10.3975,-10.1711,-7.4417,-5.7664,3.6387,-0.9347,-7.2303,1
-14.3059,12.8175,8.9706,-1.9112,-8.0173,-8.2062,-6.8075,3.0971,-0.3925,-3.4407,1
-11.6328,11.8787,8.3085,-10.1355,-10.9612,-9.0127,-6.7229,3.8516,0.8154,-6.2728,1
-11.4495,16.3295,9.2972,-11.6436,-9.8722,-10.4648,-5.563,0.8765,-1.9471,-5.4776,1
-16.2012,14.7143,9.3139,-8.3299,-8.1091,-11.3345,-6.2947,0.5649,-2.8131,-4.9134,1
-15.463,13.2642,8.9084,-6.9917,-10.2839,-8.8078,-2.9092,0.6305,-0.3736,-3.7561,1
-12.8417,14.0721,10.9364,-10.5609,-10.7153,-10.4049,-2.5118,-0.4762,-3.2829,-7.829,1
-13.5427,14.3112,11.6034,-7.6229,-11.6158,-10.7088,-3.8247,0.4377,-0.2603,-6.4876,1
-15.8339,13.6424,8.5212,-9.4782,-9.2439,-8.7305,-8.258,0.7166,-2.9216,-7.2357,1
-14.1834,13.2716,12.0465,-6.8477,-7.7725,-10.2402,-7.3165,0.8657,-2.2672,-7.1764,1
-16.1461,14.035,9.3672,-7.5973,-8.5476,-7.8467,-7.7617,1.3443,-3.1328,-8.0937,1
-15.0254,15.7004,9.4148,-6.2816,-8.7219,-10.089,-4.1327,1.4108,-3.4405,-3.4749,1
-13.9932,14.1255,8.69,-6.8605,-8.7693,-8.554,-6.634,1.9938,-0.6739,-7.2663,1
-16.508,14.9694,7.6133,-8.4018,-10.2161,-7.6699,-6.462,2.4036,-2.813,-4.7631,1
-11.292,12.4952,10.4113,-4.5067,-9.4454,-9.4052,-4.69,0.8043,-4.6025,-4.5647,1
-17.3869,13.4721,11.7844,-9.1646,-10.5858,-8.179,-7.1494,-1.0906,-1.6299,-6.5375,1
-16.248,15.0527,10.67,-9.1695,-9.9822,-8.7923,-4.0872,0.3185,-1.0596,-5.4153,1
-13.0635,14.1563,8.6048,-9.3236,-9.031,-6.7702,-6.5988,1.9499,-2.5337,-6.0974,1
-12.1094,15.2437,8.1113,-9.4885,-7.6609,-9.285,-7.596,-0.4857,-0.9864,-4.7715,1
-14.3557,17.8103,11.2095,-8.995,-10.7688,-10.9602,-5.3696,0.0095,0.469,-4.0637,1
-13.4329,12.3288,8.965,-6.7463,-10.3899,-7.8147,-5.1608,0.8203,-3.0959,-6.4045,1
-14.098,15.6461,8.6447,-9.0241,-9.478,-8.5038,-7.2354,-1.2322,-1.0307,-8.54,1
-12.455,13.8634,7.652,-9.3505,-8.9766,-10.2969,-5.8427,1.8528,-2.3449,-7.6687,1
-14.8309,16.2196,12.5009,-11.6597,-7.9087,-9.1226,-4.4868,-0.083,-4.694,-5.3864,1
-15.7939,12.0149,7.9957,-7.7285,-9.3361,-8.3242,-4.8691,0.1113,-2.1474,-7.0303,1
-14.698,12.6464,10.559,-7.0171,-10.7702,-7.576,-5.7025,1.1043,-4.5908,-8.974,1
-14.1663,15.2819,8.9662,-6.1247,-8.4428,-10.8604,-5.8265,4.4581,-3.9055,-5.4707,1
-14.8666,15.1576,11.8742,-9.2092,-7.8669,-6.1661,-5.7733,1.92,-2.9273,-6.2342,1
-14.6475,15.2927,11.7803,-8.7943,-7.2448,-7.2028,-4.6025,-0.0313,-2.9594,-7.4817,1
-12.9587,12.2796,10.9885,-10.2515,-8.3099,-9.472,-3.8723,2.4549,0.1109,-4.0719,1
-14.167,12.3591,8.3945,-11.7601,-11.1707,-9.3946,-6.7122,0.4725,-1.3026,-6.7192,1
-16.0652,14.0174,8.6255,-9.036,-7.5311,-9.9036,-3.2163,2.8901,-2.9106,-7.9298,1
-14.4613,15.8273,9.238,-7.2677,-7.7326,-10.6589,-6.8868,1.8117,-1.8139,-7.2922,1
-14.9107,13.9915,7.626,-7.4814,-10.2633,-13.6734,-5.9085,-0.3697,0.4916,-7.1413,1
-16.0289,14.8592,8.9826,-9.799,-8.781,-11.0586,-8.0586,3.3317,-1.1724,-6.6594,1
-14.3877,14.8561,11.4333,-9.7638,-8.996,-10.2579,-6.1562,0.9837,-2.0517,-5.1598,1
-13.6518,11.835,7.9365,-9.1844,-6.8023,-10.7753,-6.1851,-0.0618,-2.8727,-5.9958,1
-12.2813,14.7812,8.768,-4.5,-9.4274,-10.3637,-3.7546,0.0391,0.4527,-7.5691,1
-12.2374,14.3989,11.9099,-5.7772,-11.2442,-7.5842,-7.9861,-0.8281,-3.2468,-5.5077,1
-14.3329,13.8466,10.1926,-7.7429,-8.5429,-7.8566,-3.1427,0.7106,-2.8233,-5.3428,1
-16.0988,13.0792,11.4724,-8.816,-11.3575,-11.7326,-5.7997,2.4555,-0.3488,-6.0968,1
-11.3691,13.9401,9.7654,-12.481,-10.2163,-8.2198,-3.5268,-0.5027,-1.3483,-4.6928,1
-14.3657,10.6724,10.3442,-7.4877,-10.9664,-9.8791,-7.606,-3.1125,-0.5011,-6.2687,1
-11.986,15.3833,9.442,-8.7546,-8.696,-8.0475,-5.3887,2.4011,-2.4867,-7.7588,1
-14.4797,14.4051,8.171,-10.6349,-8.8742,-10.1074,-6.1215,0.2032,0.2393,-4.3705,1
-16.2385,13.2981,11.2483,-7.7269,-9.6074,-11.2043,-6.8965,-0.0325,-1.6262,-3.7075,1
-15.4128,12.5582,9.8104,-7.0822,-11.7156,-7.3174,-6.1308,-0.3588,-4.4419,-5.2033,1
-14.6392,14.3534,8.6221,-9.1085,-10.2751,-9.6488,-6.8771,-1.5586,2.0511,-8.3082,1
-14.1103,11.4393,6.9777,-8.4831,-9.2837,-7.6056,-5.2734,0.518,-3.466,-4.0146,1
-12.9892,12.2278,10.0302,-8.4137,-10.0637,-8.3401,-4.6251,0.457,-2.463,-4.0147,1
-12.9832,14.2058,7.5295,-8.1138,-8.4981,-13.6296,-5.4949,0.1177,-2.3729,-7.6242,1
-14.6047,16.1853,9.3037,-7.1815,-10.7547,-8.3597,-5.8702,1.2707,-2.0309,-5.3007,1
-18.2338,11.9676,10.5989,-11.6951,-10.3411,-9.5794,-7.1149,-0.2946,-1.6343,-4.7492,1
-15.8201,13.2347,8.8764,-12.2619,-9.3327,-8.0958,-4.3478,-0.5635,-3.9192,-6.2307,1
-13.1386,14.3296,10.4072,-6.9171,-10.654,-9.8278,-3.4208,0.4475,-3.9427,-7.2672,1
-15.7897,14.633,8.6294,-8.2233,-10.6493,-12.6829,-5.4128,0.9654,-1.265,-7.2726,1
-15.5518,14.6995,12.2518,-8.6131,-8.9084,-9.9802,-8.1882,2.1938,-0.679,-5.197,1
-14.6554,14.9929,11.3139,-6.1996,-8.0625,-9.4021,-7.8351,0.9762,-1.6568,-5.1996,1
-12.3516,13.9546,13.1248,-11.2688,-8.9162,-10.6956,-8.7336,0.44,-4.2274,-6.5053,1
-14.3303,15.7751,7.7119,-7.2672,-9.3981,-7.9546,-6.5204,-1.2557,-3.8679,-8.2008,1
-13.6657,16.3127,9.1259,-7.6861,-11.8304,-9.2274,-4.8699,-1.4295,-2.3475,-5.1893,1
-18.7831,16.1005,10.5038,-7.5547,-10.1643,-12.0819,-5.0716,0.6188,-1.9935,-4.6317,1
-13.2394,16.9792,10.2041,-9.6666,-9.8279,-8.8744,-4.3489,-1.4579,-2.0288,-3.8488,1
-14.7428,15.4938,10.713,-7.196,-10.7599,-10.706,-5.8423,-1.5556,-2.4463,-5.8838,1
-11.7055,14.7014,10.9111,-6.8831,-10.9922,-9.7455,-2.2346,0.624,-0.367,-4.8175,1
-16.5996,14.563,10.1934,-8.1349,-10.6764,-11.1732,-6.5867,0.596,-0.2642,-3.5372,1
-12.2876,15.3876,8.4668,-9.2432,-9.2304,-10.4465,-5.0069,1.8234,-1.2372,-4.7254,1
-15.7394,15.4965,8.9298,-10.0412,-8.7471,-7.6741,-5.1407,0.7739,-1.5764,-6.0585,1
-16.0714,12.2334,9.855,-8.51,-9.5283,-8.4837,-6.1959,1.5872,-2.2585,-3.5281,1
-14.2614,17.6084,10.5013,-8.9503,-10.8944,-11.6622,-7.3599,-0.5767,-1.4494,-7.0524,1
-14.1021,16.0203,9.8416,-5.5111,-11.309,-9.7237,-6.6817,2.1475,-5.4013,-8.4278,1
-14.5435,16.4244,10.312,-10.6571,-11.341,-6.9884,-6.8044,-0.6718,0.1744,-4.7465,1
-12.4714,12.6722,7.6856,-8.4301,-9.0426,-8.951,-3.6555,-1.858,-0.7521,-7.9081,1
-13.0989,13.3849,8.7523,-9.5447,-11.7137,-9.4372,-7.0317,1.9221,-1.0816,-3.7309,1
-13.833,14.8783,12.0734,-9.5713,-11.7776,-9.1977,-8.0067,4.4236,0.1416,-3.0172,1
-14.2888,14.9232,9.2841,-7.3054,-11.3686,-13.3125,-7.0588,-1.4405,0.1752,-3.5396,1
-16.4869,16.0349,11.4004,-10.9845,-10.1307,-10.3681,-4.7507,-1.1005,-2.19,-7.292,1
-13.6725,13.7721,9.1704,-8.9498,-6.4912,-10.1232,-7.4342,1.6178,-2.2569,-8.386,1
-11.0352,13.5686,9.4065,-8.3901,-6.9501,-12.0175,-5.4588,3.8736,-1.8486,-8.1161,1
-15.3101,14.4076,11.9695,-9.1388,-8.3053,-11.6509,-8.0383,0.0185,0.1154,-6.1598,1
-13.9477,14.5144,11.6371,-9.5452,-8.5128,-10.7442,-2.8978,-0.4579,-3.3652,-5.4386,1
-14.2628,14.5876,10.3142,-10.2654,-7.1252,-8.1576,-3.8343,-0.0498,-1.4169,-5.9671,1
-12.6905,15.8377,10.2629,-10.9068,-6.8758,-8.6639,-6.7854,1.3525,-4.3083,-4.6801,1
-16.5893,13.766,10.34,-7.0716,-9.3854,-8.5454,-5.915,0.6944,-1.9134,-6.5467,1
-16.9123,12.9448,10.3404,-9.0035,-9.779,-9.9829,-7.1681,0.003,-2.5019,-6.2554,1
-13.7924,13.8265,8.4288,-10.7269,-5.6491,-11.1926,-6.6507,1.5182,-1.5004,-5.4818,1
-15.0465,14.4551,10.0653,-9.098,-9.1771,-7.9148,-5.906,0.7194,-0.4394,-4.8211,1
-12.0066,11.463,11.331,-7.7275,-10.8737,-9.1205,-4.2961,-0.501,-1.3778,-4.9561,1
-15.989,13.8839,10.4247,-9.824,-10.864,-9.7004,-4.6703,1.7083,-3.3338,-5.2849,1
-15.6364,11.682,9.4226,-6.9454,-8.5613,-9.5002,-6.4978,0.158,-1.8785,-7.8658,1
-14.9046,13.7739,7.9467,-9.8875,-8.9295,-9.4836,-6.3359,-0.6244,0.3236,-7.5201,1
-14.0051,13.3655,10.0277,-7.9434,-11.6006,-9.5078,-4.0866,3.3849,-2.2367,-6.2006,1
-11.0655,15.7997,9.0474,-9.5583,-8.1104,-11.0144,-4.2411,1.2441,-1.2651,-6.6482,1
-15.3272,16.2903,9.6032,-9.2462,-9.6655,-9.2083,-7.419,-0.1046,-2.9687,-4.9952,1
-15.7114,11.4636,7.0226,-10.8354,-7.5029,-9.4736,-5.1209,1.5474,-1.9574,-6.3753,1
-12.8157,14.3163,12.0719,-7.6986,-10.4719,-10.2436,-6.9639,2.569,-2.6492,-7.4608,1
-13.9028,13.9515,10.4151,-5.7951,-8.1756,-9.4573,-7.9854,-0.0073,-0.9751,-8.0197,1
-11.171,14.1189,10.0466,-9.6298,-8.8001,-11.2349,-2.6254,2.7187,-0.5652,-8.3488,1
-14.0743,15.9109,10.8629,-10.133,-10.5204,-10.1758,-6.7779,3.0359,-4.9232,-5.2792,1
-16.3209,12.6554,6.9587,-9.4534,-7.2792,-9.1006,-7.6703,2.2684,-0.1947,-6.1071,1
-11.3303,15.3296,10.9973,-9.8349,-8.6042,-9.1727,-5.093,-0.2842,-1.8495,-7.4884,1
-17.6032,15.5948,7.7197,-8.469,-9.0457,-9.008,-6.2974,1.1495,-1.3352,-5.1607,1
-11.7823,14.4486,10.0694,-9.9899,-8.8913,-8.4968,-6.1612,1.5596,-2.4804,-5.2566,1
-13.0136,15.4452,10.15,-10.1898,-10.4631,-8.6051,-2.1995,0.2316,-1.3579,-7.0972,1
-15.8434,13.0828,6.8496,-6.5997,-12.8904,-9.8936,-7.6399,-0.5839,0.0231,-5.9615,1
-15.8306,13.213,8.8251,-8.6951,-9.2859,-6.6545,-8.7472,0.6905,-2.515,-4.8433,1
-13.8502,14.9828,10.4909,-10.0278,-7.7284,-8.3001,-4.4994,2.6388,-1.4151,-4.0416,1
-13.816,13.7687,9.9634,-8.6656,-10.3243,-7.05,-5.4283,0.8848,-1.4592,-1.7933,1
-16.0801,12.8297,7.9024,-8.9787,-9.177,-10.1958,-6.6823,0.9563,-2.7948,-5.7979,1
-12.7111,15.1128,11.2948,-7.0009,-9.121,-9.7358,-7.0311,0.1559,-2.8272,-5.1656,1
-13.8623,15.1424,8.2328,-6.4822,-10.1857,-11.1479,-6.5316,4.4683,-2.6232,-6.7508,1
-14.6706,13.8744,8.8011,-8.415,-7.9319,-9.0264,-7.5395,0.2262,-2.8689,-6.1837,1
-12.3868,13.874,9.841,-5.9634,-8.2309,-8.6367,-2.9355,1.4774,-5.0214,-5.0141,1
-16.7705,14.7753,7.4027,-9.3301,-10.0909,-10.653,-6.396,2.2915,-3.1126,-5.4454,1
-15.8309,13.813,10.459,-10.1246,-11.5128,-8.76,-4.1881,0.6241,-2.7276,-6.0296,1
-14.2992,14.4616,6.1809,-10.2335,-10.8131,-9.2716,-5.5939,1.697,-1.6553,-8.2142,1
-12.212,16.0052,8.086,-8.1308,-10.4384,-9.2896,-4.2928,3.9378,-0.9147,-5.8207,1
-14.8922,14.3705,12.0129,-8.6969,-10.8744,-11.9274,-5.1032,1.1136,-3.0105,-4.7241,1
-15.0151,13.8953,9.9483,-9.1563,-9.1915,-7.7706,-7.5865,1.4755,-1.7834,-6.0325,1
-13.0747,14.1712,10.6936,-7.556,-10.3018,-9.0491,-6.2489,0.5437,-2.5247,-5.5565,1
-14.26,14.6891,9.947,-11.036,-9.4982,-9.4026,-5.5088,-0.1479,-3.8349,-5.3262,1
-14.7929,14.3542,9.5511,-8.6389,-10.2192,-10.95,-5.1621,-0.162,-1.7957,-5.6474,1
-15.2627,12.2915,13.6124,-9.4215,-8.6101,-6.5887,-4.6879,0.292,-2.1423,-7.512,1
-13.0599,14.9467,9.2016,-10.1931,-11.5271,-8.0181,-5.6922,1.0652,-3.2761,-8.4584,1
-12.9385,14.1604,11.3341,-9.2087,-9.9005,-8.4279,-4.7742,1.939,-2.4845,-5.3413,1
-12.7188,13.9401,9.203,-6.6157,-10.5269,-8.5536,-5.9604,-2.0197,-0.3488,-10.3999,1
-17.3587,14.8883,10.7639,-9.5862,-9.3235,-13.295,-4.8123,1.1173,-2.1101,-6.2319,1
-13.6426,14.0539,7.1622,-5.3353,-7.744,-11.4253,-6.3904,0.3886,-0.4234,-9.502,1
-15.131,11.4563,9.5456,-9.3386,-9.4257,-10.4052,-6.9993,1.6722,-1.3596,-5.436,1
-14.6478,13.2397,9.795,-7.8781,-12.8104,-8.9067,-5.409,0.8359,-2.2656,-10.1123,1
-15.0422,16.7815,9.9926,-9.0908,-9.5199,-8.9657,-4.8845,0.3994,-1.4043,-3.7481,1
-12.8731,17.6077,8.9881,-6.1155,-10.7313,-8.9675,-4.774,-0.0235,-1.9097,-4.8974,1
-15.4479,16.6014,7.8964,-5.7203,-8.0433,-9.6325,-6.4767,-0.0178,-2.2453,-6.3359,1
-12.4996,17.0503,10.2723,-9.8983,-10.3638,-9.7725,-7.4179,-1.0257,1.104,-5.8092,1
-15.6322,15.3222,8.2058,-10.2738,-10.7498,-7.0161,-6.2521,-2.9199,-0.2266,-6.7227,1
-17.1566,13.6223,10.7548,-8.0238,-6.8476,-10.777,-5.8027,-0.3067,-4.3549,-4.9348,1
-13.6876,14.5228,10.6135,-9.658,-11.0538,-9.4414,-4.1309,3.1548,-0.8485,-6.2194,1
-13.9778,14.1147,8.4344,-8.5929,-11.5475,-9.684,-3.4186,1.977,-3.4263,-6.3718,1
-15.634,14.0035,11.5349,-7.6503,-5.819,-7.7091,-5.5667,1.7584,-2.3453,-7.9544,1
-12.4238,15.6108,9.6117,-8.2189,-7.6838,-8.2283,-8.0674,1.1081,-2.2931,-4.5936,1
-12.8359,16.0752,8.2964,-9.806,-7.8741,-10.3853,-8.1549,1.5416,-2.8625,-3.5784,1
-13.9382,14.3377,9.4194,-6.2436,-9.0074,-10.1106,-7.0639,0.6325,-3.5081,-4.7198,1
-17.095,13.888,10.8885,-8.1166,-10.6212,-8.5075,-7.2018,0.7091,-1.0639,-5.5688,1
-15.395,15.8935,10.1033,-7.5153,-7.2516,-7.8216,-4.1925,1.0317,-0.8507,-5.9427,1
-16.1965,14.5514,10.3578,-7.7542,-9.7372,-10.64,-4.888,-1.2272,0.1466,-6.6103,1
-14.0142,14.9351,10.8593,-10.7433,-8.3091,-9.0431,-6.8256,-0.3818,-2.5427,-8.2112,1
-11.7991,16.3265,10.6508,-8.9649,-9.8409,-8.3608,-3.236,-0.1129,-3.718,-3.9417,1
-17.0632,12.5845,9.603,-10.9705,-7.877,-8.2125,-6.7349,2.6621,0.1323,-6.4329,1
-15.0585,17.4867,11.055,-8.2453,-7.4999,-9.045,-6.6312,0.8629,-0.4837,-9.2514,1
-14.8145,16.1719,9.2055,-6.3107,-7.4231,-9.5962,-6.7255,0.3117,1.9553,-3.4515,1
-14.1944,13.1851,10.1488,-8.2641,-11.4103,-9.3778,-3.8891,-1.9563,-0.8018,-4.2009,1
-15.2233,16.6386,8.9378,-7.9682,-10.0054,-9.9584,-6.7987,1.7906,-0.7684,-6.3598,1
-16.4224,14.7021,10.6063,-8.9549,-6.7444,-11.8438,-9.1987,-0.3536,-0.976,-7.8469,1
-15.8539,15.5238,10.6671,-8.0642,-8.3731,-10.1357,-6.4412,1.9574,-4.059,-9.4772,1
-15.0324,15.4936,10.3566,-7.3439,-12.5697,-9.0246,-4.8919,-1.2835,-0.7486,-6.4304,1
-9.7755,10.8314,12.027,-9.2211,-11.971,-10.2883,-5.4565,2.2989,0.5413,-4.1303,1
-15.8305,15.7925,10.5602,-9.6117,-9.8631,-10.5626,-5.8171,-0.3518,-3.5836,-5.5444,1
-13.4394,13.8159,12.0248,-9.0205,-9.9994,-8.5071,-6.0714,0.8699,-5.8223,-6.2381,1
-17.1233,12.2659,7.9703,-10.1937,-10.3685,-10.2276,-4.8763,1.0763,-4.8933,-6.1382,1
-13.9051,13.6044,9.882,-8.3444,-8.3984,-11.8602,-6.2392,3.0052,0.0833,-4.9867,1
-13.5772,16.5792,12.8501,-8.8234,-10.9994,-9.9033,-1.2277,-1.6113,-2.7475,-8.3822,1
-14.1953,12.2933,9.8102,-11.555,-8.6188,-7.6643,-6.4486,0.54,-2.2868,-5.9918,1
-14.4397,15.2495,11.8228,-9.8509,-10.0092,-8.1454,-8.0052,-2.2134,-1.7022,-5.5186,1
-15.4659,13.2293,8.833,-9.9302,-8.505,-11.2686,-6.271,-0.6153,-4.2246,-4.9579,1
-15.1622,14.38,7.7112,-9.7427,-8.4111,-5.617,-8.8371,0.441,-1.4232,-7.1873,1
-13.1082,12.7972,10.2041,-9.4129,-7.7161,-10.5124,-6.4005,2.1612,-3.5837,-6.16,1
-17.1163,12.4654,10.5465,-10.1159,-10.3621,-8.7582,-6.7415,1.977,-1.7182,-5.6096,1
-12.521,14.577,12.2816,-7.2629,-10.3304,-7.5581,-5.4769,0.1507,-1.6241,-4.5946,1
-13.6999,16.8309,11.6031,-7.8451,-11.0844,-9.7675,-5.7652,1.7876,-1.0856,-6.0088,1
-14.2019,15.178,8.6854,-6.0866,-12.616,-7.3148,-5.9405,2.2466,-1.4959,-5.7441,1
-13.5511,15.3109,9.48,-7.0776,-11.172,-9.5059,-4.6188,2.2352,-1.3505,-6.8532,1
-13.0374,13.0932,12.6004,-8.7568,-11.8547,-11.2899,-5.8073,0.9524,0.9128,-7.8209,1
-14.3233,12.5082,9.2343,-6.1039,-11.2498,-8.6173,-5.2834,0.7064,-1.2625,-8.0032,1
-11.898,16.9846,10.0439,-4.9952,-10.1438,-8.8972,-3.7249,0.0542,-4.114,-8.6807,1
-11.2912,13.3038,9.6947,-10.299,-8.1227,-10.6702,-6.6096,1.192,-3.6377,-6.531,1
-12.2792,14.7397,10.1691,-8.3075,-10.129,-6.5036,-7.091,1.0591,-1.8691,-4.75,1
-12.7277,14.0493,10.4093,-8.137,-12.9535,-11.8813,-6.7803,-0.0997,-3.8406,-5.1388,1
-14.3793,13.7753,8.089,-8.6966,-13.4853,-9.7423,-5.778,1.1056,-4.3878,-5.9259,1
-15.9446,12.8786,11.0502,-5.6087,-9.4682,-10.7235,-5.5897,2.1512,-1.1102,-2.1485,1
-15.4555,14.4756,12.2967,-6.4006,-12.4704,-9.5029,-3.646,5.0787,-0.986,-6.8149,1
-15.8963,17.4254,11.0664,-9.9019,-9.85,-9.0326,-5.057,-0.6067,-2.9629,-8.7425,1
-12.8228,13.5849,10.6728,-6.4964,-9.2154,-9.6673,-5.5819,0.8375,-0.1724,-5.7969,1
-15.1991,15.6691,11.819,-10.6373,-7.2461,-8.9508,-5.4478,2.2526,-2.8921,-4.8319,1
-14.9476,11.8849,8.4766,-7.7793,-10.9635,-7.0828,-4.0888,2.7429,-1.8545,-5.8763,1
-16.173,15.591,10.543,-7.7789,-7.0128,-10.4068,-6.0619,1.2327,-3.4448,-6.5445,1
-13.643,13.6092,11.9368,-10.8962,-7.8611,-8.5061,-6.726,-0.6439,-5.1621,-7.4559,1
-12.8117,14.0132,11.7178,-9.5596,-8.4846,-10.5741,-7.3211,0.582,-3.0391,-8.5774,1
-14.6559,14.2569,11.8758,-7.2246,-7.7153,-8.4173,-5.3738,-1.1007,-1.8168,-5.3679,1
-12.1963,15.1267,11.8339,-10.1778,-10.0349,-8.8538,-4.1313,0.5248,-2.1653,-5.2324,1
-16.0713,16.5084,8.6546,-11.5077,-9.5302,-6.9502,-4.9931,1.8693,-1.9796,-6.4917,1
-16.6998,10.7082,10.2677,-6.661,-9.0291,-8.5625,-3.4972,1.2358,-2.2256,-7.4909,1
-11.3491,14.8871,8.5579,-10.3866,-7.6657,-11.054,-3.092,-3.392,0.0922,-5.5328,1
-14.2046,13.8341,12.8094,-7.5692,-10.9001,-12.0762,-5.6068,0.7411,-4.3215,-6.3462,1
-15.2434,14.1112,11.0622,-6.3909,-8.1819,-10.58,-5.3194,0.8374,-4.0398,-5.6658,1
-11.5975,14.1459,7.582,-8.5844,-11.3658,-8.2025,-5.0854,0.4863,-2.5384,-6.5815,1
-14.3701,12.9389,7.8916,-6.9218,-10.1234,-9.2473,-5.4448,1.2257,-3.8024,-8.7769,1
-15.2655,14.6909,8.8814,-9.1622,-6.3543,-12.266,-7.0053,3.5876,-2.1085,-7.3221,1
-12.6293,14.1801,9.4508,-8.3413,-10.5324,-11.0241,-6.0431,-0.7738,-2.0256,-5.7315,1
-13.1029,15.7892,9.3647,-7.8807,-8.8065,-9.0061,-6.5919,-0.7994,-1.2886,-8.8234,1
-14.7842,10.2668,7.9687,-9.9455,-7.9002,-8.4657,-6.7036,1.8367,-0.7102,-6.5041,1
-16.459,13.7854,9.8264,-10.4785,-8.9947,-9.0781,-5.2052,1.1611,-0.9469,-6.5321,1
-14.0798,13.5007,9.0965,-6.6225,-12.6109,-8.1827,-6.8035,-0.3824,-1.6493,-8.4975,1
-15.6065,12.8236,9.6412,-9.836,-7.1436,-6.8023,-8.9057,1.5592,-0.7537,-5.4486,1
-15.3696,13.7312,8.8509,-9.2602,-11.3602,-9.67,-8.1269,0.4425,-3.9145,-5.9529,1
-15.4016,14.5332,11.5957,-6.2457,-13.3373,-10.7492,-6.3274,1.4332,-4.5172,-7.7363,1
-14.1869,14.2246,10.5397,-7.9643,-9.0374,-9.2074,-5.7891,1.7398,-5.4006,-3.9466,1
-17.6892,12.4786,9.6331,-7.6209,-14.0382,-9.5401,-4.6841,2.2345,-3.0876,-6.7144,1
-15.3067,13.5083,8.4255,-9.9637,-8.8937,-9.3004,-5.1354,1.0637,-0.9851,-4.9458,1
-16.995,12.8158,9.6262,-8.6638,-10.5504,-8.1298,-2.9028,1.0219,-1.9151,-4.9889,1
-17.1812,14.14,11.4418,-9.5946,-11.3851,-9.7766,-5.9638,-0.6203,1.1026,-6.9812,1
-16.113,13.9569,11.3351,-8.6037,-8.8169,-10.8051,-3.6412,1.5853,-0.4701,-5.7154,1
-13.1451,12.7877,9.2362,-6.6101,-7.2056,-11.2185,-5.4981,0.0963,-3.0872,-5.8359,1
-12.671,14.7748,9.494,-7.8575,-10.0852,-8.8797,-3.778,-2.373,-0.8458,-8.5717,1
-12.54,13.1418,8.1468,-7.5869,-8.999,-10.9966,-7.7522,0.4615,-3.8478,-7.8553,1
-14.209,12.6485,10.6131,-6.3946,-9.7681,-9.3026,-2.8456,-1.0387,-0.2548,-4.6568,1
-13.101,16.0349,10.3941,-9.5042,-7.9034,-7.7986,-4.2148,0.8094,-3.1159,-5.9761,1
-12.9691,15.6338,9.3288,-8.1568,-11.5084,-8.0204,-7.0477,1.9206,-3.7656,-4.716,1
-13.8997,12.9253,11.0103,-9.5154,-8.4209,-9.909,-8.4543,-0.7309,-2.6873,-4.2108,1
-13.0307,16.5331,12.4537,-9.432,-9.828,-10.1148,-6.88,-2.0195,-2.0638,-8.1915,1
-14.4337,17.271,9.2093,-8.3377,-8.1853,-9.0774,-5.434,0.1991,-2.3895,-7.7031,1
-13.1134,11.4851,11.4299,-10.7354,-8.1013,-10.0286,-7.7205,1.6116,-0.6485,-6.9202,1
-13.3015,10.6697,7.9924,-6.6912,-9.8808,-12.2912,-6.921,-0.6424,-2.2906,-6.8193,1
-14.1141,13.9931,12.0129,-7.993,-8.8587,-7.7501,-6.4559,-1.1501,-0.2312,-6.0594,1
-14.1734,13.1473,9.048,-7.3597,-8.0683,-8.3221,-4.6833,1.5962,-1.8444,-6.5262,1
-12.567,13.5367,10.5282,-9.8358,-10.5342,-9.8521,-7.0786,1.9395,-4.0637,-6.1143,1
-14.1837,11.3811,9.3117,-8.2463,-8.9022,-9.8043,-4.8574,0.5787,-2.0212,-5.8856,1
-12.992,13.0837,9.243,-9.6332,-10.0435,-7.3585,-5.0136,-0.9539,-2.9423,-5.704,1
-15.7422,13.0093,11.9907,-9.5499,-8.1133,-7.6149,-6.9729,-0.5923,-2.4558,-7.8961,1
-14.2009,13.7888,10.5141,-6.5344,-8.319,-8.764,-8.8218,1.4078,0.5423,-10.7789,1
-13.3484,13.8583,8.6986,-7.4281,-6.9807,-8.335,-6.4295,-0.6725,-1.8247,-4.9534,1
-14.963,13.6617,14.2063,-7.0118,-7.8201,-11.6883,-6.9335,0.8547,-3.5434,-3.8625,1
-12.267,13.297,12.6492,-8.6362,-5.6612,-9.2808,-5.0084,2.8425,-0.1252,-5.497,1
-14.5942,14.8685,8.749,-8.4016,-11.2092,-12.1692,-5.7971,2.6361,-0.6529,-6.386,1
-11.762,13.2437,7.0965,-11.903,-11.317,-8.2729,-6.8249,1.4341,0.4278,-7.9133,1
-13.6647,14.9057,8.6822,-6.5985,-9.9768,-10.0735,-2.7053,1.5268,-0.6537,-4.2308,1
-15.3582,15.972,9.2204,-9.4468,-9.9533,-10.431,-4.6395,1.1435,-2.7785,-5.2514,1
-14.7952,13.6052,10.0463,-7.9346,-8.9605,-10.0427,-4.6021,0.4091,-3.0241,-8.4652,1
-12.9077,14.1159,10.2896,-7.0611,-10.2614,-11.5595,-5.7681,1.2046,-2.4359,-4.0525,1
-18.1117,15.7774,11.16,-7.9447,-14.5491,-7.572,-7.4124,-0.0188,-2.2975,-5.652,1
-13.4233,15.4366,11.1971,-8.2504,-8.9214,-11.134,-6.9993,2.0859,-0.7858,-5.1774,1
-15.1541,15.463,8.2314,-7.0138,-9.9366,-6.9716,-8.1549,3.3878,-2.5838,-6.8323,1
-14.0902,13.0517,9.8648,-9.7363,-10.5968,-8.7675,-7.2251,-0.4096,-4.1008,-7.019,1
-12.4151,12.8284,8.8758,-8.3389,-10.1014,-6.1556,-6.1165,1.2455,-0.626,-4.8763,1
-14.0325,13.8556,13.0093,-8.7795,-10.2078,-10.4666,-8.4629,1.9751,-5.5638,-6.2717,1
-14.6898,17.4572,7.2258,-9.9815,-9.7494,-9.7942,-6.697,0.6212,-3.931,-5.7273,1
-17.8647,14.0586,9.0727,-7.1054,-6.9123,-9.9944,-3.7866,0.2685,-3.4908,-3.6443,1
-13.6013,14.104,11.004,-8.2185,-9.6491,-11.4875,-6.2785,1.6776,-2.2258,-4.9096,1
-13.807,12.7801,7.9945,-8.8656,-10.3316,-8.9934,-6.9499,-0.1804,-0.462,-6.0408,1
-15.4366,14.1238,12.0416,-8.1891,-8.6558,-10.6262,-4.3331,4.2198,-3.2289,-8.036,1
-14.1192,15.4106,9.8362,-10.2096,-9.7081,-8.6007,-6.4833,1.6536,-0.2946,-5.9028,1
-14.4244,15.3413,8.6891,-10.0619,-9.9451,-10.2357,-7.0777,3.4884,1.2163,-6.7937,1
-14.2449,13.8155,11.6345,-6.6714,-12.2111,-8.7838,-7.833,3.3801,-1.3813,-7.4982,1
-14.7444,13.6638,10.7609,-7.067,-11.2676,-6.7397,-3.4642,-0.5703,-1.9324,-3.6969,1
-12.5331,13.5922,11.1948,-4.134,-9.3875,-10.4468,-5.6141,1.1125,-2.8285,-5.6007,1
-16.2641,13.099,11.1106,-11.2621,-8.1905,-12.5158,-8.4697,-0.0058,-1.6114,-4.2752,1
-14.296,13.7275,10.8427,-9.9362,-9.3361,-11.297,-5.7488,0.5479,-3.2481,-6.0156,1
-14.1446,15.8605,7.5648,-8.7439,-10.6856,-8.1932,-4.7419,1.5045,-3.0974,-4.9349,1
-16.6777,11.4943,8.0595,-8.68,-8.5325,-13.9619,-3.8886,0.9394,-4.3933,-6.1117,1
-12.7437,14.9965,11.6219,-10.6792,-10.1663,-10.8849,-3.2964,1.7017,2.2289,-6.9645,1
-15.4695,13.8831,12.0408,-9.179,-9.3586,-9.3528,-5.8135,-0.2359,-2.2476,-6.5333,1
-14.3938,15.5126,12.6142,-9.8905,-10.1332,-10.7354,-5.5921,-0.0648,-1.682,-4.6077,1
-18.1712,14.835,9.283,-7.9392,-10.89,-7.7035,-4.5028,1.5952,-0.8518,-7.3816,1
-15.3119,15.2259,8.8217,-6.4614,-10.0306,-8.745,-2.7239,-0.3166,-1.9385,-4.6819,1
-12.9555,13.6056,9.1982,-8.9795,-7.3735,-9.9165,-5.7556,0.1025,-0.9833,-6.0298,1
-15.8876,12.6441,6.9754,-9.8768,-8.3543,-7.5122,-4.8444,1.5746,-2.2314,-5.1008,1
-13.953,16.804,9.8256,-6.6153,-8.2341,-8.3947,-8.89,2.1365,-2.2329,-6.929,1
-16.6068,14.0889,10.0236,-10.5843,-11.7552,-8.7679,-4.5652,1.0281,-0.3154,-6.3927,1
-14.464,12.7218,7.6329,-5.8478,-7.8483,-11.5866,-5.6391,0.5926,-2.4526,-6.8767,1
-13.8106,15.3246,10.5769,-8.8106,-9.7811,-8.0926,-5.1776,0.8517,-2.0955,-5.7452,1
-15.085,15.3296,8.3595,-9.247,-8.6286,-11.1972,-8.2322,0.8373,-4.5863,-8.2113,1
-13.2476,13.7901,11.9015,-10.437,-9.6862,-8.8985,-7.6285,2.2903,-1.2756,-8.6771,1
-14.4391,14.6762,9.0882,-10.8496,-9.1276,-6.181,-6.4532,3.0966,-3.1701,-5.9398,1
-13.2252,14.0847,9.5267,-7.5406,-6.7081,-9.047,-6.6468,0.4581,1.7379,-6.0608,1
-15.2741,12.3797,7.2344,-8.0845,-8.5633,-10.0929,-5.8952,-1.013,-1.8423,-5.5409,1
-15.1852,16.633,8.7176,-8.2046,-8.2728,-9.6138,-6.1554,-1.4006,-0.0056,-6.518,1
-13.5764,15.1064,9.0308,-8.9261,-7.5435,-11.1737,-2.6809,-0.3746,-3.8109,-6.0647,1
-11.0699,11.2308,9.7618,-7.9154,-9.4948,-8.925,-6.9498,-0.1569,-2.2643,-7.958,1
-14.4495,13.5142,9.2682,-8.1491,-12.2762,-9.8415,-2.3967,-0.8865,-0.1134,-6.1811,1
-15.2869,12.1163,10.1828,-6.4497,-10.1291,-9.6193,-4.3572,1.254,-4.4001,-6.1148,1
-12.1141,14.0419,5.861,-8.0475,-9.8429,-12.2415,-8.3915,2.2054,-3.1402,-7.6244,1
-14.4359,13.131,10.1234,-8.9339,-11.3452,-10.2647,-5.2086,0.8056,-2.1646,-3.357,1
-13.2859,15.376,9.7243,-8.2996,-10.1919,-8.3315,-6.0383,1.0763,-1.8007,-6.2904,1
-9.9752,13.0974,8.9597,-7.5887,-10.438,-9.935,-7.5023,1.48,-1.2853,-6.7359,1
-13.3102,11.3101,8.913,-8.8848,-11.3037,-12.1209,-6.3346,1.7837,-0.1185,-7.0841,1
-13.2826,15.0521,11.8012,-9.1551,-12.243,-9.3926,-7.3934,-0.3426,-2.4935,-6.7715,1
-14.1701,15.152,9.4217,-8.0363,-9.523,-8.0946,-6.1556,0.6243,-2.6033,-6.5065,1
-15.5577,12.7734,11.1369,-10.2546,-10.0239,-7.9749,-6.4018,1.9858,-2.9282,-7.8399,1
-16.7747,16.0664,8.268,-7.509,-11.0452,-7.5218,-2.5626,-1.7871,-3.6688,-5.1034,1
-13.6129,15.2627,9.1126,-5.6485,-9.3682,-11.3233,-6.2525,-1.0627,0.3448,-7.2536,1
-13.6437,13.3913,9.0502,-11.4952,-8.648,-7.5491,-7.2467,-1.5752,-0.8367,-8.7325,1
-12.5532,12.7407,8.3183,-8.2571,-11.1025,-10.5585,-5.3418,-2.901,0.422,-6.1977,1
-16.3219,12.5714,11.4607,-7.7282,-7.4651,-10.522,-5.4279,1.3825,-0.9987,-4.5722,1
-15.4584,13.926,9.0581,-8.7087,-8.4976,-11.9789,-4.2087,-0.9661,-2.5027,-4.3972,1
-13.8905,14.6066,8.2023,-10.196,-8.1334,-10.3816,-6.6151,2.1886,-3.6165,-5.8593,1
-14.3181,14.0933,9.1956,-9.4996,-11.1628,-8.7739,-6.875,2.1958,-2.3785,-7.8508,1
-14.7392,13.481,11.4869,-9.1833,-9.9596,-7.3805,-5.1103,3.2368,-0.1531,-7.5939,1
-12.8975,16.3853,12.2725,-7.1477,-8.094,-9.9519,-7.1288,0.2144,-4.5388,-4.2489,1
-14.8074,16.0343,8.126,-7.0059,-10.2876,-11.4244,-3.4321,2.4037,-1.724,-6.2122,1
-13.7232,14.3892,8.7849,-9.2479,-6.6042,-5.4896,-3.5287,1.46,-2.5483,-7.4604,1
-15.4809,13.2674,13.2,-5.9204,-8.4258,-10.9388,-4.5331,0.3848,-5.2712,-5.8325,1
-15.6453,12.8852,9.5977,-9.3773,-9.5966,-9.6214,-8.6864,3.0231,-3.5167,-7.6917,1
-14.8753,13.9348,12.1617,-8.2257,-8.6956,-9.0861,-5.5255,1.2073,-4.9408,-6.638,1
-12.6391,20.0108,8.1668,-7.9952,-10.4018,-6.4264,-7.9034,1.6801,-4.1525,-6.741,1
-14.4339,15.7018,8.3575,-7.6348,-9.5171,-9.0887,-4.4352,-1.1811,-0.8258,-7.1165,1
-12.7387,14.5991,9.659,-9.5149,-8.3103,-7.6064,-6.672,-0.9568,-1.0003,-8.4359,1
-16.3407,12.5032,9.3501,-10.6343,-12.4535,-11.201,-4.909,-1.1646,-2.5521,-3.3431,1
-14.4562,14.6111,8.5542,-5.3846,-10.3572,-9.84,-3.8971,0.4701,-1.9698,-6.6857,1
-14.7947,14.653,10.8027,-9.5947,-10.6944,-10.4116,-7.9746,-1.643,-1.5959,-4.8552,1
-13.0759,10.5243,9.6057,-10.283,-9.3296,-10.1246,-4.9849,0.714,-4.8857,-7.7138,1
-14.3738,14.2325,7.8648,-10.9345,-9.4609,-11.6034,-8.3757,0.075,-2.7743,-7.5807,1
-15.4381,14.118,8.893,-8.5238,-10.116,-9.2464,-4.5554,2.0016,-0.1093,-5.0059,1
-14.0246,13.4471,9.3916,-9.9465,-9.5385,-8.4518,-6.9612,0.6869,-3.0577,-5.9491,1
-15.2065,12.988,8.9533,-7.8748,-9.6904,-10.1405,-5.4806,0.1209,-0.3519,-7.7239,1
-14.6629,11.9901,9.453,-11.1493,-8.4258,-8.3481,-4.6965,0.786,-3.3615,-7.4636,1
-12.0872,16.2508,10.1571,-9.4033,-7.4923,-10.5396,-5.5295,2.7706,-3.2962,-5.0193,1
-13.6016,14.038,8.4831,-9.7165,-9.1111,-11.6329,-5.6766,1.5543,-0.5638,-8.3607,1
-12.4081,16.6403,10.5885,-10.1869,-10.0374,-9.5693,-5.467,0.7757,-1.6199,-6.3992,1
-13.9848,13.4065,9.466,-9.4939,-6.6694,-7.302,-5.0398,2.7307,-0.844,-5.9912,1
-16.6408,13.704,9.4707,-10.3294,-11.7745,-8.7588,-5.386,-1.0084,-3.1605,-4.5213,1
-15.699,14.3535,9.6886,-7.8703,-10.8294,-9.3627,-5.6196,1.088,-1.923,-5.7462,1
-11.0948,17.9392,9.0145,-12.1072,-8.652,-9.2185,-4.2812,1.17,-1.9537,-4.5698,1
-12.4793,12.0175,8.7484,-8.7882,-9.3976,-9.8368,-5.2214,2.2369,0.5424,-5.3948,1
-15.661,13.8762,9.8603,-7.8579,-8.963,-6.4223,-6.565,1.3198,1.4904,-7.1409,1
-14.1647,12.68,10.0964,-9.8002,-7.975,-9.2769,-7.2758,2.0035,-1.7722,-4.8339,1
-16.104,14.6505,11.1333,-9.2649,-11.4338,-9.5603,-4.0306,2.4316,-2.6843,-8.1878,1
-15.0292,13.3946,10.6429,-8.7873,-10.6751,-7.8415,-5.6621,1.3958,-4.6291,-9.8995,1
-16.5388,13.3765,10.8378,-12.1432,-7.156,-9.242,-3.8323,-0.5863,-1.2859,-6.1353,1
-13.1559,13.7466,10.6831,-6.9765,-10.522,-9.1345,-8.7045,1.7964,0.8903,-8.1298,1
-14.5195,15.418,10.0204,-8.3822,-10.1318,-10.1401,-6.0028,0.8052,-3.8138,-6.3622,1
-12.0297,13.4686,8.1174,-8.857,-10.6172,-11.5054,-5.664,-0.3227,-2.9787,-6.033,1
-16.6822,11.4849,10.9796,-11.5261,-11.0103,-12.1976,-6.6019,1.3848,-1.8731,-2.6753,1
-12.7521,12.7006,8.1777,-4.5698,-7.9514,-8.6138,-5.7605,1.153,-4.2648,-6.0276,1
-14.2756,12.7411,9.1655,-6.3571,-9.733,-6.3911,-8.4838,-0.0405,-4.3626,-8.0773,1
-15.6248,14.5703,10.3735,-9.6488,-12.887,-7.2813,-6.3014,-0.9317,-1.6293,-5.9565,1
-14.8665,14.3201,8.2407,-7.49,-11.0406,-10.4062,-4.8995,2.5486,0.337,-4.6794,1
-14.8686,11.7857,12.0809,-6.5738,-10.5532,-8.1161,-6.371,2.9946,-2.8139,-3.2951,1
-13.2033,16.7936,9.2776,-8.0223,-10.9992,-8.2319,-4.5242,4.3382,-1.3186,-5.177,1
-15.0887,14.9094,9.4034,-8.456,-9.2835,-10.0263,-5.7783,0.1798,-2.6112,-4.6481,1
-14.1193,14.6179,7.7873,-7.9946,-8.7496,-10.0954,-2.7452,-2.6911,-0.8651,-5.1939,1
-13.5701,14.3616,10.7993,-7.3276,-10.6341,-9.0491,-6.1477,-0.898,-0.9659,-7.1097,1
-16.6293,13.2886,8.7749,-7.0871,-9.3155,-7.4243,-6.8726,2.0539,2.2178,-5.7291,1
-13.09,15.1376,7.8402,-7.7511,-9.0856,-9.8875,-7.1988,1.7837,-3.5003,-3.0627,1
-14.2112,12.2623,9.2023,-9.047,-5.9267,-10.8247,-6.0471,-0.064,-1.2928,-7.046,1
-16.0911,13.8044,9.5242,-9.5182,-10.3535,-7.7208,-6.3523,-0.9585,-2.7348,-6.1816,1
-16.3869,16.5363,11.2746,-6.4846,-8.9571,-12.6384,-3.5697,-0.5527,-3.2149,-6.0286,1
-12.3151,15.6772,11.3327,-9.0976,-10.0367,-8.9789,-6.0678,2.0767,-0.7965,-5.3761,1
-18.1714,14.2893,9.81,-8.3778,-10.6767,-11.485,-5.178,0.2082,-1.1796,-7.2695,1
-12.2586,15.5989,10.4185,-8.9498,-8.2666,-8.909,-5.5149,2.307,0.0982,-8.1417,1
-15.958,12.9269,7.7196,-8.7239,-8.6451,-9.53,-6.6739,2.4324,-1.8308,-5.7487,1
-12.6511,13.9124,13.0636,-9.3015,-6.5483,-10.96,-5.0965,-0.2211,-0.3623,-6.9805,1
-13.9462,13.1215,11.3791,-9.6135,-7.0201,-10.9919,-7.8912,2.17,-2.9291,-6.274,1
-14.8658,12.1284,9.8578,-6.7325,-8.0405,-9.1502,-4.2043,-0.8466,-2.5298,-5.6694,1
-14.5781,13.7271,8.1723,-11.7518,-8.3185,-9.133,-4.5197,0.0868,-3.1108,-6.2533,1
-13.1012,13.7501,11.176,-10.1393,-9.7874,-9.603,-4.0331,1.0541,0.5775,-8.2847,1
-14.1876,14.3664,10.9034,-9.8499,-7.0186,-9.4784,-7.5033,0.7187,-2.5114,-2.0883,1
-12.8075,14.1718,9.8054,-7.2032,-8.047,-13.8652,-4.9082,0.7846,-4.0084,-4.9428,1
-11.0132,14.9325,11.6239,-5.9236,-10.7906,-12.2842,-4.8874,0.3713,-4.1029,-6.3804,1
-13.2911,13.8738,8.793,-8.9651,-9.5745,-12.3921,-6.0869,-1.2738,-1.0531,-8.6047,1
-12.8634,13.4835,9.1588,-8.1881,-10.8443,-9.0797,-6.9709,-0.0924,-1.4336,-7.971,1
-16.279,14.4696,9.9329,-8.3768,-9.0538,-9.4118,-4.9606,0.8888,-5.0526,-8.885,1
-11.4905,14.0974,11.3986,-9.1484,-9.6323,-10.1779,-2.1738,1.1226,-2.8439,-8.7404,1
-11.4219,13.8524,11.0896,-7.3458,-10.2395,-8.4892,-6.7789,-0.7429,-0.295,-6.5004,1
-13.6047,14.7137,10.9302,-10.9646,-10.4232,-9.9846,-7.12,1.3862,-0.2613,-4.2453,1
-14.8913,14.5352,10.6417,-7.6979,-10.8625,-6.767,-4.483,2.1717,-0.2365,-5.4619,1
-15.9234,13.8888,7.4967,-8.0072,-9.7991,-9.5586,-4.0667,0.0572,-2.4198,-6.2302,1
-17.1425,13.6982,6.2446,-9.5081,-8.2625,-8.827,-6.765,0.8039,-3.6541,-6.2666,1
-9.987,16.866,10.0522,-8.3896,-11.0146,-10.7005,-5.3295,-0.0446,-0.6854,-3.9086,1
-13.8835,14.2499,7.4521,-7.5084,-11.2608,-10.1249,-4.4334,2.2873,-2.7414,-6.8765,1
-15.4314,12.3005,9.0211,-11.0495,-8.5207,-8.9061,-5.0319,-0.6889,-3.8343,-6.1829,1
-14.2863,13.8764,9.5391,-6.0637,-8.9062,-6.5418,-3.9693,3.2976,-3.6533,-5.3734,1
-15.0301,11.6022,12.2173,-9.0704,-11.1279,-10.1197,-7.0671,-0.2979,-2.3741,-3.6669,1
-15.3819,16.5862,11.2465,-8.0354,-8.4231,-9.4774,-3.9437,1.5932,-4.5386,-5.8187,1
-13.2065,13.6638,10.1627,-9.5491,-11.6117,-11.8234,-8.1783,1.7463,-5.7771,-7.2628,1
-15.5309,13.6741,7.1886,-8.024,-11.455,-7.7993,-6.8054,0.5993,-2.036,-5.8968,1
-14.3269,13.4566,10.4879,-7.9306,-10.693,-8.8583,-4.0852,1.8015,-0.6431,-6.0052,1
-15.7867,12.8828,10.4531,-7.2157,-5.3664,-8.0251,-7.6284,-0.4082,1.3761,-6.5847,1
-14.3112,12.6567,12.3209,-7.8793,-10.7072,-10.9886,-5.4119,0.809,-0.7935,-5.4427,1
-14.7792,13.2816,9.7334,-9.4558,-9.7405,-9.4732,-7.2196,1.6887,-2.5973,-7.526,1
-14.9099,14.4607,10.0978,-7.9966,-8.1977,-7.5405,-5.4445,-0.8614,-2.4453,-7.7696,1
-11.8372,17.0784,10.9487,-7.3421,-9.1688,-8.9488,-8.2689,0.6318,-3.3634,-5.8411,1
-14.4719,17.0175,11.3482,-8.2031,-9.9457,-6.9838,-5.9177,1.2402,-1.9783,-6.8694,1
-14.3277,11.1543,7.6517,-8.1054,-7.193,-8.9755,-6.9533,-1.4216,-0.8649,-7.1139,1
-13.4176,14.6821,10.6907,-8.5794,-8.9698,-9.677,-6.8257,-0.7026,-5.6192,-6.5348,1
-12.1034,15.1924,10.3148,-9.7308,-8.0492,-9.6768,-3.5103,-0.7289,-3.1666,-7.534,1
-16.6056,12.6917,10.1281,-9.6981,-15.3298,-7.8865,-8.3989,1.6265,-1.9948,-3.0871,1
-12.887,13.3404,8.9202,-6.3757,-11.7591,-9.2115,-6.0694,0.2279,-1.5114,-5.9788,1
-13.6964,14.3058,10.5998,-8.4898,-10.5344,-9.4919,-6.9443,-0.4279,-2.5459,-6.4423,1
-14.3296,15.4719,9.2256,-8.3345,-9.3682,-10.4108,-5.7621,2.2468,-1.7619,-5.9232,1
-15.4405,17.0506,9.0007,-11.1315,-8.255,-9.6701,-6.3273,-0.0756,0.7659,-5.7312,1
-13.5578,14.3412,10.3784,-6.5319,-9.9215,-11.6833,-4.5707,1.4877,-1.8797,-5.557,1
-14.9386,14.1283,9.7757,-9.5171,-7.7615,-11.6163,-2.3314,2.0587,-4.7086,-6.5994,1
-14.6353,14.6851,8.4892,-8.5818,-9.7269,-10.6043,-7.1879,2.1209,-4.5865,-5.5463,1
-13.1862,13.7695,10.0518,-6.8846,-10.6025,-10.4003,-6.616,2.4907,-0.1032,-8.357,1
-12.8731,15.3257,12.3037,-8.0522,-9.6116,-7.78,-4.8244,4.11,-0.6036,-6.0328,1
-16.1436,13.2259,7.8193,-8.9524,-8.1561,-9.5034,-4.3401,1.2491,-2.6463,-6.1317,1
-13.6743,14.3061,10.1993,-9.7834,-10.1947,-6.1102,-4.03,-1.4681,-5.5921,-6.1488,1
-13.0423,13.3174,11.5058,-8.5403,-9.7898,-8.3637,-6.6705,0.3126,-1.0364,-6.3102,1
-11.5193,15.138,10.9165,-8.7041,-8.2331,-9.9818,-5.4492,-0.6317,-0.4825,-5.8272,1
-11.4087,17.6857,11.1183,-8.5272,-10.9643,-8.1407,-5.5573,1.5497,0.553,-7.4998,1
-15.7689,13.7427,11.2051,-7.7975,-10.8888,-8.363,-7.6746,-0.5139,-2.2148,-7.0933,1
-13.0477,14.5269,12.6216,-9.0006,-9.7286,-7.6823,-6.0091,2.9837,-1.2304,-9.7923,1
-12.6161,15.4664,11.4003,-11.4963,-10.5397,-10.3809,-7.1344,3.3556,-2.0593,-6.318,1
-13.5545,14.9512,4.9709,-9.5994,-11.6644,-8.8974,-6.3061,0.7658,-5.1594,-6.7279,1
-12.7098,16.2115,11.0516,-10.633,-7.6561,-8.4119,-6.0485,-2.2949,-0.6113,-7.1514,1
-13.8632,14.1999,12.2809,-8.8179,-9.5679,-7.1299,-6.8601,1.9642,-2.3396,-7.7669,1
-14.3807,15.1349,12.0038,-6.4178,-9.9874,-10.9787,-6.3508,-1.0296,-2.3677,-6.7756,1
-13.2912,10.7884,8.8729,-9.7181,-7.7646,-11.1686,-5.5327,0.5505,-0.4771,-5.3694,1
-14.2006,13.2653,7.1948,-8.2592,-8.7495,-11.8602,-7.7233,1.1212,-1.5329,-7.7491,1
-15.2436,11.3426,12.0392,-10.5796,-8.7319,-9.5503,-3.9383,-0.4457,-1.9498,-8.8108,1
-17.2903,14.9918,7.2957,-8.9722,-8.0283,-8.3778,-6.8696,-1.6401,-1.2774,-4.2497,1
-15.3758,12.8923,9.1859,-7.7724,-7.7025,-11.3573,-8.1202,4.2527,-2.3076,-5.8838,1
-15.4204,14.8322,11.4134,-8.1801,-6.934,-9.988,-6.2671,1.0898,-1.3442,-5.9212,1
-16.3091,14.5661,9.412,-9.5013,-9.4965,-10.9401,-7.5758,-3.1805,0.5792,-5.4295,1
-14.5576,13.0965,5.6592,-9.7226,-8.4715,-8.0846,-4.9093,0.9803,-0.0858,-6.7559,1
-12.7547,13.5204,8.6516,-10.1384,-11.142,-8.5093,-6.9869,-0.8069,-0.971,-5.7712,1
-12.9386,14.8662,8.8436,-8.5157,-9.3576,-10.8766,-7.5297,-0.2784,1.0132,-6.8822,1
-12.5332,13.3943,11.3065,-7.2761,-8.1164,-8.9161,-3.8067,1.3102,0.5286,-8.693,1
-13.86,14.5223,8.5685,-7.7605,-11.7804,-10.4791,-8.8714,3.0806,-2.389,-3.0128,1
-13.178,14.7694,9.0939,-10.1994,-8.7608,-9.6051,-7.8816,-1.5326,-3.4797,-3.5317,1
-11.0625,14.4048,10.1967,-9.1343,-10.947,-7.4351,-3.0624,-0.5974,-2.1659,-6.9379,1
-15.0128,15.8762,8.0053,-7.9301,-8.4529,-9.7111,-4.5331,0.9642,-0.216,-8.5464,1
2.8324,-10.9229,-10.244,-5.6381,-2.5383,9.9776,-10.0701,-0.8001,3.9987,-16.0334,2
0.2487,-11.3576,-8.4072,-6.1237,-0.4577,9.8692,-7.8265,2.0902,4.6341,-16.7994,2
4.0312,-11.6096,-7.3568,-3.1685,-3.9133,5.9286,-8.0594,1.1587,2.9775,-14.9264,2
4.4713,-9.7947,-6.1077,-5.7751,-1.9558,9.812,-7.019,-0.0628,2.3979,-13.849,2
3.7679,-11.6868,-10.5769,-2.22,1.3741,7.6367,-10.6098,0.2214,2.4912,-12.1132,2
3.4375,-12.0041,-8.2133,-2.7107,-0.4186,10.1461,-10.4621,3.1847,0.1569,-12.5421,2
0.4912,-12.0007,-3.8941,-2.7621,-2.1372,7.777,-8.8589,1.1982,4.6498,-14.2908,2
0.9379,-10.5797,-6.9218,-5.9601,-0.8714,8.2356,-8.55,-0.9146,3.5025,-15.5821,2
2.114,-11.1796,-3.6229,-2.8319,0.2979,10.6809,-3.6055,0.4894,4.903,-12.0875,2
4.8496,-8.1538,-6.8646,-4.7572,-0.8383,8.2812,-8.532,2.7712,2.0552,-14.0635,2
3.6171,-11.1577,-9.1067,-4.8793,-0.2868,10.7116,-10.7417,-1.3119,2.8178,-16.7199,2
2.6881,-13.4192,-4.1821,-5.1631,1.1614,10.2256,-9.9793,-1.1809,2.4821,-13.7635,2
3.8748,-11.98,-5.1161,-3.6112,-1.8285,7.4872,-9.2871,-0.7983,2.8601,-13.4783,2
3.7481,-8.1658,-6.4343,-2.5022,-0.9735,8.1979,-9.1885,0.3388,3.1921,-15.0455,2
1.1576,-9.8337,-4.8885,-2.8907,-1.0854,9.7061,-7.9396,1.6085,1.4831,-15.2519,2
2.7727,-10.8413,-6.5985,-6.8242,1.2646,8.1442,-8.7507,2.2939,-0.745,-14.374,2
2.7749,-11.3196,-6.4959,-1.8384,-0.3077,9.9923,-8.9391,-1.672,-0.3471,-15.9006,2
3.8952,-10.7675,-6.5509,-4.562,1.6997,7.3209,-7.6181,0.4299,2.681,-11.8415,2
5.5494,-11.1745,-5.0369,-3.4633,-1.3067,8.8617,-10.0418,-0.0321,1.9015,-12.2544,2
3.2128,-12.7618,-7.3208,-8.808,-2.0596,8.6117,-9.214,3.3973,3.6348,-12.8108,2
0.8907,-11.3621,-6.9657,-5.1883,-2.5177,5.8431,-10.9236,1.7382,2.5581,-14.3661,2
3.3475,-9.0641,-6.2293,-3.1986,-2.5878,7.6273,-8.4788,3.266,4.9171,-12.7322,2
3.5827,-8.7136,-5.0436,-7.4496,-2.8988,9.0625,-11.6902,-0.9194,1.7227,-13.9907,2
2.9244,-11.2489,-4.9977,-4.407,-1.8948,6.5315,-7.4733,-0.5802,1.1419,-13.2869,2
2.2052,-11.6041,-5.848,-4.4989,2.1495,8.443,-8.083,-2.4855,1.4815,-15.2369,2
1.924,-10.1919,-4.6823,-3.4922,-1.6579,7.609,-7.3394,3.5339,2.975,-12.1974,2
3.8706,-9.6819,-7.9825,-4.7413,-0.7247,10.374,-10.237,-2.6229,2.025,-12.0913,2
0.9797,-12.5806,-6.0018,-4.1831,-0.4262,6.7122,-9.4973,2.2198,0.9831,-11.3911,2
1.7545,-9.5411,-6.7951,-5.7265,-2.0632,9.3727,-9.0201,2.1047,4.926,-15.381,2
1.4712,-12.7724,-7.5845,-2.3528,-0.4774,7.7377,-9.0264,2.5335,5.6345,-13.2174,2
-0.6333,-10.3693,-4.8335,-3.6722,-0.2281,9.0909,-10.8618,-0.9023,2.2907,-12.0084,2
2.2068,-10.1313,-5.7801,-1.6298,-1.3804,5.9231,-8.0395,3.6341,3.841,-14.788,2
1.7327,-12.2446,-3.2307,-4.5001,-2.3119,8.3176,-9.4851,2.7785,1.2507,-11.8355,2
3.5387,-9.0046,-3.8617,-3.8819,-1.7905,8.6545,-9.1519,-2.0584,5.1012,-13.2378,2
1.6109,-13.9165,-9.7271,-2.8534,-2.2464,7.8729,-8.2776,-0.347,3.5922,-13.4636,2
3.2294,-13.1743,-7.4653,-3.1053,-2.3409,10.3633,-5.4902,1.4116,5.0117,-12.5254,2
2.5542,-10.515,-3.2157,-4.7945,-2.8769,6.854,-9.3361,-1.0782,5.2835,-13.282,2
4.8132,-11.2632,-7.946,-5.9732,-2.6799,9.0766,-8.23,1.3318,0.5394,-13.6071,2
1.8165,-10.213,-5.517,-5.7674,0.1341,12.0635,-7.7575,0.1828,2.2976,-13.9201,2
2.2145,-10.4366,-7.9434,-6.8437,-0.9885,8.5871,-9.8665,-1.497,3.2071,-15.0918,2
3.1472,-8.1677,-5.2589,-6.0628,-3.2302,8.783,-11.0728,-2.5756,3.571,-13.1251,2
4.0315,-10.4206,-6.3336,-5.0024,-0.5437,10.8501,-9.7616,-1.1041,1.0698,-14.9066,2
3.6595,-14.0246,-5.5769,-3.0433,-4.015,7.0865,-8.8903,0.2118,3.5519,-13.8182,2
5.2527,-11.2969,-7.7102,-5.6043,-0.2147,8.5997,-8.0592,1.3467,-0.2573,-15.3166,2
1.8246,-12.0393,-6.8662,-2.5104,0.4798,8.1159,-9.3867,-0.6311,2.9062,-13.3027,2
4.5653,-9.6175,-9.6888,-4.238,0.7582,7.8981,-7.3009,-0.0326,3.0348,-15.3118,2
1.7067,-9.7269,-4.9129,-3.9695,-3.1592,8.621,-7.1239,3.0413,2.2974,-16.0963,2
4.6161,-11.2291,-4.8211,-3.5875,-2.6431,8.6426,-7.0473,0.2033,1.2202,-15.9895,2
2.1973,-11.4304,-5.0057,-5.6904,1.0127,6.5496,-5.5126,3.0153,2.9842,-16.078,2
3.2725,-11.3954,-8.1471,-3.5726,-2.5534,7.4829,-9.3153,-0.4353,5.8897,-14.4101,2
4.0169,-10.5969,-5.7065,-3.3655,0.0041,8.9549,-8.6724,0.5147,2.5648,-14.9742,2
3.2643,-10.4533,-5.6324,-3.7387,-1.6673,8.4697,-9.8403,0.8969,2.4407,-13.3356,2
4.8568,-11.8792,-5.3406,-3.9593,1.7139,8.2308,-7.967,0.4501,0.69,-14.3875,2
4.6763,-11.4642,-9.566,-4.0562,-2.9564,8.753,-6.6831,1.5812,5.0774,-14.4488,2
3.1408,-12.3818,-7.2617,-5.3995,-3.278,10.6041,-12.1477,2.4822,4.6415,-12.8568,2
1.6838,-13.1884,-7.0583,-3.0715,-1.3133,6.99,-7.2875,2.9536,2.4325,-13.4425,2
1.0923,-11.4368,-5.47,-3.4769,-2.0794,8.1439,-9.6806,0.0093,3.4073,-16.5578,2
3.2441,-10.2902,-7.0914,-4.7281,-1.9935,7.8367,-9.001,0.6205,-0.3783,-12.6272,2
2.9206,-7.9157,-8.0231,-5.3101,-1.6223,9.1751,-11.9359,-0.8166,3.6594,-15.0287,2
5.4106,-11.496,-7.5847,-3.0938,1.0935,9.1799,-7.1191,2.942,1.3896,-12.1989,2
1.0704,-10.1778,-6.3426,-2.1447,0.4405,9.41,-8.5621,1.1896,2.8651,-13.6983,2
5.5195,-8.4708,-6.4481,-3.6527,-1.1954,6.1377,-9.5144,2.8266,1.6478,-10.4347,2
5.1138,-10.2129,-5.3944,-5.385,-1.7157,10.7174,-9.9316,2.0187,0.7069,-15.4037,2
6.2077,-10.8329,-7.0434,-1.965,0.5508,9.9364,-9.8646,-0.0033,3.2399,-12.5649,2
2.5929,-10.5591,-5.8346,-2.079,-0.1862,6.2951,-9.3302,-0.9661,3.6246,-12.2218,2
3.5079,-11.2174,-6.1319,-3.6958,-2.278,6.7272,-12.085,2.3278,3.517,-13.0627,2
5.2534,-12.6984,-8.8391,-3.4328,-0.878,5.9583,-8.4705,-0.1733,1.5618,-14.1066,2
-0.3067,-11.7022,-7.2921,-3.1735,-1.5552,9.5136,-12.8341,-0.8316,3.6064,-14.0698,2
4.6238,-13.5221,-5.139,-4.9679,-2.4222,10.0418,-7.2669,1.9791,5.8304,-11.7063,2
2.1624,-10.6027,-6.776,-0.9655,0.3394,8.272,-7.6929,-1.4213,3.1478,-15.0134,2
0.8227,-9.6384,-4.8728,-3.3233,-1.5924,6.6557,-10.7518,-1.0269,2.4219,-11.9922,2
4.9462,-13.288,-7.2755,-5.0894,-5.1153,9.4045,-9.379,0.2573,4.7912,-13.474,2
2.7095,-9.9571,-4.6474,-3.5644,-0.2841,8.3369,-9.1326,0.5966,1.6428,-14.4586,2
5.4224,-7.8033,-3.8474,-5.994,-3.4477,6.7692,-8.8082,-3.7861,1.8892,-11.4958,2
4.8292,-11.5788,-6.8857,-3.1583,0.085,7.7556,-9.3613,-0.422,0.7754,-13.9361,2
2.9117,-12.7062,-5.2665,-3.2842,-0.2743,7.4032,-11.9852,1.128,1.7763,-14.9425,2
1.47,-11.2282,-3.8697,-4.7673,-2.9526,9.5332,-8.7506,-2.7519,3.766,-10.4138,2
-0.5452,-12.6687,-10.5085,-4.1221,0.1677,8.7135,-6.9218,1.6729,5.3257,-11.8662,2
2.7512,-10.7151,-7.5387,-4.3551,-1.2252,8.4279,-6.9964,-0.0682,1.3743,-14.9109,2
4.3382,-12.9199,-6.5374,-2.0179,-0.879,8.4434,-9.0637,-1.1173,1.4867,-13.8993,2
3.7625,-9.393,-6.0968,-1.98,1.0899,9.7482,-7.1723,-1.059,1.0486,-12.8295,2
1.3438,-11.2507,-5.0789,-1.8891,-1.6992,7.5804,-8.5291,-1.1833,2.5125,-13.6185,2
3.3136,-10.6824,-7.4874,-5.0996,-2.4386,6.1251,-8.497,1.769,3.9669,-14.0002,2
2.1391,-9.6987,-5.2773,-3.683,1.2986,8.5156,-9.3951,-0.1727,0.4311,-12.6145,2
3.1974,-10.0503,-3.4728,-4.5953,-4.8249,9.2769,-8.7595,-0.6716,3.3683,-12.4273,2
1.9357,-11.2672,-4.0205,-5.0916,-1.2179,4.6187,-11.2326,0.6633,4.6144,-15.6495,2
3.4674,-11.3788,-4.806,-5.8358,-0.6728,7.5747,-8.6752,0.5304,2.3948,-12.8898,2
3.4211,-11.0144,-6.7703,-3.8927,-0.9848,7.0716,-9.534,-1.1557,2.7127,-14.495,2
4.5118,-9.8061,-7.6198,-4.0126,-0.3601,8.2923,-10.1021,-1.2116,4.0538,-12.2524,2
3.0437,-9.666,-10.6835,-2.0178,-1.5533,8.7679,-9.4906,2.5206,1.1813,-11.3948,2
3.95,-9.8812,-6.7295,-5.9715,0.0779,9.0224,-6.9674,0.1364,2.1436,-11.5244,2
6.2234,-10.8012,-7.3648,-2.7933,-1.6989,9.4542,-9.3987,2.7731,1.7232,-12.8857,2
2.6225,-11.2374,-6.8537,-2.9012,0.0596,9.3919,-9.1718,0.6373,4.119,-12.2125,2
-0.6798,-11.2235,-6.572,-3.0053,-1.4181,9.6341,-10.6278,0.8171,4.1227,-15.8181,2
7.1261,-9.0289,-6.2336,-5.2518,-1.5805,8.681,-8.3488,2.678,2.0583,-12.7624,2
1.4169,-11.4356,-5.6706,-2.9723,-2.4477,7.8941,-6.819,2.1699,3.0851,-16.9615,2
7.1223,-10.8451,-6.7045,-4.7927,-0.7533,9.1352,-7.5838,-0.9621,2.3037,-10.5607,2
3.6925,-11.074,-7.6481,-3.2502,0.2286,9.8672,-9.398,0.9689,5.2799,-12.0002,2
2.1793,-14.6342,-5.7905,-2.8113,-2.9517,8.5421,-9.4053,0.5835,1.9554,-11.6707,2
3.5775,-12.1337,-4.8595,-5.9054,0.6088,10.0419,-6.9251,0.1897,2.0283,-13.4805,2
3.2289,-11.7943,-7.0661,-4.5587,-3.0729,9.5722,-9.0882,-0.0355,1.1069,-15.347,2
6.2595,-11.7561,-5.3199,-3.7652,-5.4807,11.244,-7.9837,-0.7245,2.7299,-15.3303,2
6.0949,-12.1767,-7.0203,-5.1035,-1.1973,10.6108,-6.3257,-0.1715,3.3398,-13.4836,2
1.8832,-7.1814,-4.1915,-3.7255,1.0549,10.3734,-8.887,0.916,5.0406,-15.0257,2
5.8661,-11.1529,-3.9486,-4.017,-0.8115,8.5038,-9.8076,0.022,4.8411,-17.0777,2
1.4971,-11.9034,-7.8532,-1.7442,0.5686,9.4433,-9.9665,2.4296,0.3902,-10.3935,2
2.3286,-11.2082,-6.8797,-5.6188,1.5698,9.7386,-7.1866,-1.4085,3.0438,-12.8249,2
3.7617,-12.5557,-4.6224,-3.8268,-2.7503,5.7724,-8.0998,4.1027,1.2496,-13.3508,2
5.0213,-12.7197,-6.9556,-5.2994,0.1591,10.5436,-8.7712,-0.8356,2.1083,-14.5522,2
1.8897,-10.9682,-5.3734,-3.2738,-1.3302,8.6409,-9.1321,-1.5188,3.0126,-14.4819,2
1.3346,-10.2591,-7.1533,-3.6675,-0.0464,7.1299,-8.8716,-2.2886,5.0712,-15.6451,2
2.5834,-8.8076,-6.5874,-5.8052,-0.2483,9.5911,-9.9596,-0.3604,2.1193,-13.917,2
0.5161,-11.0873,-3.5598,-5.3531,-2.1931,6.7799,-8.0915,2.2318,4.5429,-15.4785,2
4.1053,-8.6646,-5.4712,-3.2915,-2.0254,8.8854,-7.1553,0.9193,0.9,-14.2906,2
5.1695,-10.3281,-6.0571,-4.8402,0.465,11.0489,-7.115,2.5909,2.2344,-14.3567,2
3.1211,-10.7573,-4.0891,-2.2603,-0.5102,6.4085,-11.5418,0.7877,4.0928,-13.7258,2
6.2279,-12.4388,-8.0482,-5.0056,-2.3713,9.3447,-9.6424,-1.8947,4.1098,-16.2464,2
1.7488,-13.2492,-5.925,-3.7301,1.5568,9.926,-6.8473,0.8599,1.307,-13.4143,2
4.2442,-9.7595,-6.9443,-3.276,-2.7174,6.9904,-10.6835,0.464,1.0057,-14.2436,2
4.71,-12.3589,-6.9921,-3.9017,-0.9476,7.8063,-7.8295,1.3127,4.4822,-13.7289,2
2.5864,-11.8391,-5.7751,-4.5749,-2.1717,7.8828,-10.0353,0.7256,0.6536,-13.152,2
4.3704,-11.6865,-3.3526,-3.9827,-3.6599,8.1334,-8.9158,1.1005,2.3863,-15.1238,2
1.7131,-11.7956,-7.0723,-5.7116,-2.4171,9.5445,-6.5372,1.5602,4.7312,-12.1453,2
4.6053,-11.3219,-6.0243,-4.6401,-1.6466,8.6575,-7.9394,1.062,2.5297,-13.5232,2
4.0058,-9.8141,-8.5142,-5.6252,0.3431,8.464,-9.6459,0.0318,2.3769,-12.7696,2
1.6936,-10.778,-5.8665,-3.4147,-0.9836,9.3291,-9.8688,-0.9857,6.4579,-14.0584,2
3.0789,-9.7984,-3.8415,-4.8259,-2.8161,6.692,-6.6201,-1.1301,2.7311,-15.0724,2
1.1831,-11.2537,-7.6423,-5.0466,1.6913,9.1926,-7.6126,1.664,2.6211,-14.2661,2
3.729,-10.5625,-7.0889,-3.8144,-2.3774,8.2981,-9.5127,-1.4763,-0.7543,-15.0151,2
6.0617,-11.2797,-5.0717,-7.1958,-2.8303,6.5235,-9.3132,4.06,3.4628,-11.0631,2
2.9739,-8.7679,-3.1258,-4.1732,-2.1268,6.5786,-9.4734,0.5499,5.8189,-15.5489,2
3.4451,-13.5366,-6.8758,-3.5421,-0.549,9.4388,-8.4137,1.2977,2.841,-15.1783,2
0.5781,-11.6352,-6.4376,-2.1282,-1.4688,8.2604,-8.4315,0.022,3.9883,-10.6375,2
6.6418,-10.6696,-5.7303,-1.6409,-1.5428,9.5741,-10.7125,-0.0392,4.5066,-14.6838,2
3.1635,-13.1765,-3.227,-2.1146,-1.0358,9.3165,-8.4159,2.5035,1.9942,-12.5081,2
4.9717,-8.9922,-9.6247,-4.9081,-2.8467,8.7797,-12.0338,-2.6414,6.0276,-12.68,2
3.5371,-10.2697,-6.0161,-2.5131,-2.2666,8.8352,-8.6687,-1.1433,4.6879,-14.275,2
4.8817,-10.6428,-3.7853,-5.5712,-2.945,7.1967,-8.8098,2.7392,5.1621,-17.0714,2
3.7301,-15.6346,-5.0431,-2.3319,-1.3783,8.6813,-8.8993,-0.7496,3.42,-13.9536,2
4.751,-10.9856,-7.5272,-6.3129,-4.114,10.524,-9.6965,0.9349,5.4473,-14.4507,2
2.4144,-11.0134,-6.1915,-1.1778,1.0308,9.4866,-6.8357,0.1597,3.2212,-14.0588,2
1.42,-9.0094,-5.4381,-3.982,-1.3216,6.296,-10.476,0.9313,1.9788,-13.9331,2
3.1986,-11.8389,-7.6875,-6.4277,-1.5377,9.4832,-11.4752,0.391,3.1942,-15.0909,2
5.4888,-11.3938,-6.3876,-4.251,-3.9741,10.0684,-10.4431,0.0723,3.6689,-11.4151,2
1.7357,-11.4849,-4.162,-3.3136,-0.3111,6.9786,-9.5786,0.1753,1.4856,-16.1183,2
2.5898,-8.7838,-6.1469,-1.9477,-1.0494,7.4082,-7.0934,0.7455,4.2152,-15.209,2
4.9137,-9.2119,-5.801,-5.2195,-1.3869,9.4722,-8.6579,1.3287,4.2908,-14.5792,2
1.623,-10.8715,-6.7303,-2.8304,-2.9296,10.0859,-6.9794,0.4275,2.8635,-14.7578,2
2.5416,-11.4277,-4.0713,-4.117,-3.3012,8.9383,-7.7704,0.3889,4.9763,-12.4402,2
1.7819,-11.6423,-5.8963,-6.5084,-0.8134,5.9129,-7.4746,1.7879,3.5296,-14.6203,2
3.6109,-11.5853,-7.7819,-4.5173,-0.2705,8.621,-6.8337,1.5757,3.7605,-16.0199,2
2.9278,-12.4117,-6.5102,-5.0491,-1.8843,10.147,-8.2969,1.9377,0.3714,-13.5195,2
4.8056,-8.5557,-8.5578,-4.5364,0.2334,8.2669,-10.3754,-1.898,1.3494,-16.1398,2
3.4433,-9.4707,-8.1271,-3.6226,-0.05,8.5512,-11.4258,1.0064,2.6905,-13.8412,2
2.5353,-10.685,-5.4709,-0.4232,-1.1494,10.822,-8.4732,0.2777,2.9953,-15.4391,2
3.8144,-13.8033,-7.5297,-3.8444,0.4731,10.7012,-9.3646,0.6606,4.249,-15.6007,2
3.9627,-12.057,-6.4934,-4.6977,-0.6649,9.3807,-7.6732,0.9493,3.0299,-10.8255,2
1.069,-8.2718,-6.6704,-3.1528,-1.8064,7.5015,-8.2829,1.9902,3.4819,-14.4197,2
8.7726,-9.0173,-4.8356,-4.5386,-2.2556,8.1355,-7.3877,-1.0589,1.1701,-12.7972,2
3.8344,-11.9707,-7.8725,-1.8523,-0.7824,6.51,-10.9502,-0.1152,3.8717,-12.714,2
5.0531,-13.0507,-5.8999,-1.8703,0.6813,9.0936,-5.4878,1.341,4.3366,-13.5398,2
2.1841,-12.128,-5.9632,-4.3264,-3.9708,7.0166,-9.4874,1.518,2.7483,-13.7146,2
1.8752,-10.7804,-4.257,-3.7758,-3.5789,6.678,-8.1266,0.0906,2.6606,-14.5256,2
4.1107,-11.2666,-6.5156,-5.286,0.0646,8.2236,-8.098,-1.3634,5.3733,-11.6904,2
0.4909,-12.0181,-5.5192,-5.9887,-1.5153,9.1952,-9.2869,1.2353,1.7324,-16.9728,2
4.8288,-9.3515,-2.4802,-7.3199,-0.1917,5.6023,-6.375,1.1588,1.3445,-12.4362,2
2.526,-10.3646,-5.9267,-1.3929,1.4045,7.6594,-7.4226,0.9593,0.6534,-14.6508,2
6.8598,-10.2784,-4.736,-4.3272,-2.1278,8.5962,-9.4089,-1.8128,1.2674,-12.5447,2
2.7846,-10.7766,-5.8833,-3.5396,0.402,6.9072,-8.1544,1.5596,4.2512,-15.7259,2
3.7378,-8.2411,-6.3843,-3.2839,-0.1473,7.0171,-6.259,1.1763,3.5517,-16.0995,2
4.5474,-10.0556,-3.7994,-4.476,-2.7994,7.5319,-9.7673,-1.2512,4.7077,-11.6149,2
3.0619,-11.4043,-8.9589,-2.9652,1.1623,7.5995,-9.185,1.0785,5.3591,-13.3068,2
3.6487,-10.5462,-8.3732,-6.1793,-2.5299,10.0746,-9.5128,-0.3674,1.9517,-13.813,2
5.9087,-11.042,-7.4151,-3.9713,1.3147,7.801,-10.7813,-0.3245,2.9656,-12.5741,2
4.8659,-12.3838,-7.6619,-4.494,-0.2912,6.6653,-9.9208,-0.4621,4.1851,-12.8141,2
4.7112,-8.8072,-6.6941,-5.7903,-3.0893,5.7981,-9.6979,-0.1493,3.9538,-13.5811,2
2.6201,-10.9892,-7.7941,-2.471,-2.4968,6.8454,-7.783,1.2883,0.1869,-12.324,2
2.2432,-11.3763,-5.9551,-3.1292,-0.6497,8.4806,-9.6468,1.0454,2.5949,-10.8985,2
4.2352,-12.2003,-6.9521,-3.9369,0.6312,10.6719,-9.604,-0.9734,1.1802,-13.2278,2
6.8113,-10.0065,-8.6265,-5.0982,-2.2538,7.3223,-9.5916,0.9811,3.7954,-11.9688,2
4.1419,-13.7464,-7.8216,-4.2463,-1.097,9.8474,-8.945,0.5031,3.1291,-13.989,2
3.4859,-9.1264,-6.3615,-4.0545,-1.3683,10.5019,-10.6719,3.0908,1.0079,-14.5878,2
4.4727,-9.2697,-8.3409,-5.6482,-0.9011,12.0719,-7.1404,0.0549,-0.8563,-13.484,2
3.899,-11.3892,-7.5117,-3.7704,-2.7313,11.364,-6.7347,1.4139,2.907,-14.5967,2
3.3244,-8.3562,-4.9327,-3.7036,0.0681,9.3737,-8.4154,1.8979,3.548,-12.3187,2
3.5977,-11.1964,-7.0579,-5.0101,-3.7257,7.1874,-10.4211,-0.334,5.1158,-13.8428,2
3.7182,-10.4052,-3.8543,-4.8725,-1.6517,8.396,-7.305,2.4432,3.4843,-11.7571,2
3.6221,-11.0741,-4.4676,-3.2777,-2.4212,10.0514,-9.3225,-0.0692,4.1119,-13.7397,2
3.939,-9.8223,-7.4101,-3.4319,0.7063,7.1206,-8.3349,-0.8172,4.3045,-12.0886,2
2.8241,-7.5007,-4.5757,-2.9488,-0.342,10.0312,-10.5033,0.7189,3.3472,-14.2067,2
4.0528,-8.9676,-6.8683,-4.0908,-2.5488,5.8748,-7.8414,0.3884,2.8438,-15.0866,2
3.0773,-9.1703,-6.2344,-3.9654,-1.0066,6.7007,-8.0724,-1.4558,1.363,-15.1803,2
3.0927,-11.3439,-6.2375,-5.367,0.1903,9.8063,-9.2705,-0.2905,1.9034,-14.0717,2
1.2552,-12.2546,-4.9455,-3.5564,1.1335,8.1065,-9.5521,-0.1848,2.2937,-14.5964,2
3.7621,-10.7715,-7.0005,-2.1324,1.527,10.3051,-8.1726,1.5697,5.5571,-12.466,2
2.4778,-10.2268,-5.2963,-5.5012,-1.7453,10.2059,-11.745,-1.4486,2.5078,-13.076,2
1.3191,-11.0054,-4.505,-3.9062,0.0907,7.6671,-10.2247,1.7003,3.3263,-15.3849,2
2.1543,-8.4683,-7.6225,-2.6077,-2.0352,8.5505,-8.5679,-2.7244,0.5784,-13.477,2
2.2691,-9.3203,-8.6448,-3.1613,-3.3822,8.0271,-10.6064,3.2807,0.7632,-13.7896,2
0.7653,-8.4158,-5.6337,-3.8037,0.8936,8.7764,-8.6804,0.6246,3.6179,-14.3451,2
3.0342,-9.5997,-5.8196,-4.1805,-3.4187,10.8024,-10.002,1.9079,3.0361,-15.5467,2
5.234,-10.4334,-4.2326,-4.2828,-0.2618,5.9115,-9.7601,-1.4825,2.2103,-12.8988,2
2.4487,-9.5194,-7.5206,-2.6813,0.6467,10.0756,-9.5261,-2.7611,3.6457,-13.7943,2
1.888,-11.6496,-4.084,-5.7152,-0.6154,8.8822,-9.5459,1.3938,5.2208,-14.0504,2
2.9908,-9.8821,-4.8583,-4.2007,-1.776,5.2288,-10.1768,-1.2819,3.7994,-13.9723,2
2.9311,-10.8288,-7.5409,-1.6793,0.6294,10.9824,-7.9847,0.3828,5.1945,-14.6279,2
2.0488,-11.7175,-5.4514,-5.1523,-1.551,6.1525,-8.2881,-1.8486,1.3742,-11.7807,2
5.1261,-10.2537,-5.8222,-4.8056,-2.4773,8.0119,-11.2803,0.8057,2.8457,-15.0066,2
5.7086,-9.9048,-5.1979,-4.7402,-1.3199,9.4963,-8.7806,2.8299,2.4668,-14.3633,2
4.307,-12.7122,-4.8492,-5.9602,-0.36,7.5829,-8.2949,1.788,3.0026,-15.4059,2
2.0104,-11.9082,-9.0782,-2.3179,-1.1527,6.852,-6.8263,-0.625,3.1483,-14.8444,2
0.3282,-12.8618,-6.9084,-2.6617,-0.7981,8.7656,-12.0248,2.3322,3.108,-13.7856,2
5.0542,-8.9439,-4.5038,-4.3798,-2.8231,10.0387,-11.0574,3.3479,2.8144,-15.1978,2
1.5078,-12.7316,-6.0251,-4.0187,-3.1718,8.0206,-11.0617,1.311,2.6905,-14.1741,2
1.4234,-11.2654,-6.8578,-3.5326,-1.0674,9.7434,-9.7367,-2.3636,4.2591,-15.0105,2
1.6952,-10.8799,-5.7823,-4.8054,-2.1259,7.9687,-6.885,0.423,1.3205,-15.0432,2
2.9793,-10.4584,-5.5097,-3.8229,-2.5807,7.9194,-7.9089,-1.2921,2.0738,-12.7103,2
4.6685,-11.1046,-6.8525,-5.9923,-0.5294,10.5334,-5.1621,1.0067,2.6961,-14.9862,2
0.5373,-10.5497,-2.7102,-2.1029,0.3569,8.9237,-8.4705,-3.2086,3.9162,-14.4755,2
2.303,-11.3001,-6.7712,-5.0856,-1.2971,7.7179,-8.8593,-1.8037,2.4514,-15.2509,2
2.3934,-10.6001,-8.6417,-5.2428,-0.4645,6.4355,-6.343,2.2336,2.0306,-14.7873,2
3.6585,-12.9864,-9.2389,-4.6981,-1.519,8.6969,-9.9319,2.338,0.5297,-15.3139,2
4.0855,-12.5577,-8.0361,-3.8241,-2.8982,8.3557,-10.0596,-0.8655,-0.381,-13.3971,2
1.4848,-11.0675,-7.0038,-4.3189,-1.5424,8.8457,-10.1014,2.2911,0.0013,-13.9464,2
4.6099,-10.1,-7.6979,-5.2215,-2.8281,9.4541,-10.1197,0.8097,3.1689,-10.0539,2
3.8255,-12.0319,-8.4259,-4.4229,-1.4965,5.2392,-10.0806,0.8731,1.9739,-12.1536,2
1.0181,-9.7999,-4.8648,-2.5744,-3.6667,9.0271,-10.0129,-1.6822,2.1516,-14.964,2
4.7367,-10.0456,-7.9643,-5.0955,-1.8889,8.4467,-7.5002,1.4632,2.8495,-13.9975,2
0.6956,-8.8772,-6.9063,-1.6769,-1.0237,11.5932,-8.1003,-1.721,1.8508,-13.8602,2
2.0449,-11.3808,-8.2861,-4.0006,-0.9618,7.0491,-6.0994,0.5223,1.5473,-16.0508,2
3.4455,-11.2059,-5.0611,-4.2242,-3.1085,11.0614,-8.3563,0.0459,3.0194,-12.8954,2
1.2123,-10.5786,-6.9108,-3.2482,-2.4282,7.6482,-6.5155,2.2734,-2.1709,-11.8713,2
3.2451,-11.8775,-7.7464,-5.4328,-2.3378,6.8646,-11.0417,-1.1335,3.2575,-13.5314,2
4.1894,-10.9147,-8.1957,-3.2675,-2.8249,9.5252,-10.7587,-0.6042,2.2303,-12.5949,2
3.6196,-10.7852,-3.4072,-6.7646,-2.8755,6.9335,-11.6658,-0.6522,3.8041,-14.494,2
2.8561,-13.399,-7.4304,-4.7017,-0.3543,6.0429,-9.6923,2.0573,2.1048,-16.7798,2
5.2744,-9.7128,-4.9316,-6.6248,0.9508,7.3954,-9.7739,-0.6271,4.1928,-13.8762,2
4.0782,-10.7013,-6.3782,-5.4293,1.4003,6.3602,-8.3914,0.992,4.504,-11.5244,2
3.1495,-10.0196,-3.5883,-4.1069,-2.9176,7.9786,-10.9668,0.9848,4.3691,-13.788,2
0.9241,-9.2827,-8.9001,-6.3281,-1.5854,8.933,-8.3764,0.3278,5.4125,-13.5087,2
4.9076,-9.6348,-8.175,-4.2637,1.8671,7.7988,-10.0217,0.6829,2.0697,-14.797,2
2.6307,-8.6672,-6.4406,-6.0013,-3.5855,11.8655,-9.3448,1.0789,1.6154,-13.125,2
5.5446,-11.7936,-5.5478,-6.1178,1.7164,8.9581,-9.629,-0.0198,2.0074,-14.2948,2
-0.3157,-10.9621,-6.4455,-3.2762,-2.1026,7.3987,-9.0214,-1.9915,2.9876,-16.3992,2
5.0368,-9.7888,-7.6249,-3.0174,-1.1506,7.0418,-12.0441,0.9017,1.581,-11.964,2
3.3766,-11.8646,-3.5389,-3.1445,-6.8005,7.8257,-11.0859,-0.7727,2.5553,-13.0754,2
3.7476,-9.1984,-5.2808,-3.147,-1.0157,10.4855,-9.4842,-0.0084,-0.0859,-12.0222,2
3.2402,-6.4148,-6.844,-3.8763,-0.4981,6.9024,-8.472,0.479,2.3169,-11.8476,2
2.0,-10.4028,-4.0537,-5.0691,-1.7632,12.0732,-8.2982,-0.3323,3.9764,-14.4586,2
1.0082,-8.7566,-7.8902,-0.3316,-2.0519,11.7552,-11.0628,1.9653,3.522,-12.3499,2
4.8076,-11.5618,-8.1989,-4.0855,-0.9834,7.8475,-8.5935,0.9215,1.4074,-13.014,2
2.9548,-11.8652,-5.0546,-5.1746,-2.0029,8.6634,-6.9483,0.7162,3.5649,-14.053,2
3.2379,-10.8885,-5.7957,-4.4531,0.6921,7.9955,-11.5706,4.5412,2.2814,-11.6367,2
5.4628,-9.3974,-6.5327,-3.5791,-3.2297,11.5405,-10.2875,0.0462,2.9209,-13.7676,2
2.3703,-8.7237,-4.8102,-3.5261,-1.9172,10.1517,-9.7065,2.7826,2.9393,-11.7618,2
3.1849,-10.7079,-4.3975,-0.7183,1.0226,9.871,-8.1259,-0.3334,3.2153,-14.9761,2
3.9193,-10.1551,-9.1769,-3.951,-0.6956,8.4297,-8.4727,-1.5856,1.6086,-12.0541,2
3.3564,-10.3054,-7.0554,-3.9799,-4.7709,9.8243,-6.2979,-1.1705,1.3619,-12.9452,2
5.5664,-10.8183,-8.0796,-4.3221,-2.8628,7.552,-9.4658,-0.967,1.6056,-13.4947,2
3.6781,-12.9512,-5.6411,-4.582,-0.2375,9.726,-9.8266,1.3483,1.517,-11.6208,2
2.1569,-10.2861,-6.5171,-5.5345,0.0335,7.6341,-11.5599,-3.896,1.4599,-11.5426,2
5.2422,-11.8931,-6.7973,-4.7065,-3.318,7.132,-7.5381,1.1829,3.1821,-15.6092,2
3.5066,-14.271,-4.9715,-3.6213,-3.3357,10.9799,-11.704,1.2225,3.6052,-15.466,2
3.2988,-13.2704,-10.5052,-5.611,-2.2428,9.5217,-8.9087,0.5674,1.2508,-14.4015,2
1.9607,-12.6526,-7.1262,-3.8974,-2.1769,8.07,-7.9674,-0.3241,0.7715,-12.7613,2
3.7544,-10.3222,-5.2969,-3.3242,-1.2748,12.1425,-10.9372,-0.4526,4.2234,-13.3926,2
4.4925,-10.5605,-4.1746,-5.5204,0.6958,10.3118,-10.8252,1.373,2.7079,-14.5164,2
0.5227,-12.3314,-5.1735,-2.7884,-1.634,9.7808,-7.5919,0.659,1.6889,-12.9449,2
4.0861,-9.8043,-4.9376,-6.0524,-2.0828,5.7073,-7.8893,0.1086,3.4187,-15.82,2
5.4571,-12.6067,-5.0738,-3.8322,-1.6021,8.15,-9.9669,2.3698,2.7914,-15.5103,2
2.7796,-10.6227,-4.889,-4.9161,-2.1246,8.5904,-7.6996,-1.6261,3.5305,-14.3026,2
2.8689,-7.8128,-6.5304,-2.8771,-0.2395,6.7852,-11.7779,1.6585,1.1471,-16.1028,2
4.8948,-12.3443,-7.3944,-1.0476,-3.8075,6.6708,-9.6993,0.0666,1.4318,-15.3445,2
5.6206,-10.4207,-5.3579,-4.215,-0.8837,9.9546,-10.5042,0.8243,3.8165,-11.2893,2
6.2774,-10.7104,-4.5277,-8.0144,1.0105,7.4665,-9.3714,1.0887,2.5423,-13.3118,2
5.7371,-11.3915,-7.866,-1.2889,-0.5278,11.4386,-7.7143,-1.5584,3.7405,-15.0824,2
3.3667,-10.9288,-8.6622,-5.2284,1.9899,8.9128,-9.2732,3.1464,2.1781,-13.7436,2
4.8418,-11.4163,-7.3554,-7.3898,-2.7226,7.1362,-8.7719,-0.4887,6.0095,-15.1929,2
5.4566,-10.4856,-5.0255,-2.8901,-4.6453,8.5379,-9.4031,-1.2724,3.4619,-11.0317,2
-0.6539,-11.6169,-8.1043,-3.9015,-1.8063,7.6468,-7.9755,2.8813,6.7644,-14.7159,2
0.6243,-9.9764,-3.8199,-2.7886,1.0916,8.217,-9.9241,0.6002,2.2766,-12.6118,2
4.8102,-9.2431,-5.4698,-3.6404,-0.1263,5.6108,-8.6939,0.5058,3.0921,-13.7379,2
4.0034,-11.6771,-4.5414,-3.2987,-1.0919,7.509,-7.7868,0.737,1.6392,-13.6915,2
4.2992,-9.9878,-5.5051,-3.8703,0.2208,10.412,-7.9038,-0.4541,1.1853,-14.4224,2
6.2861,-10.3926,-3.046,-4.1894,-1.7061,8.4442,-9.148,-0.7334,1.0492,-12.8545,2
4.9379,-7.1477,-6.8862,-4.5381,-2.4747,10.2439,-7.7873,-0.8884,1.4191,-12.1777,2
3.9304,-9.6776,-7.5598,-6.8257,-2.6303,9.5869,-5.8432,-0.2172,6.1862,-12.3618,2
1.266,-10.4941,-4.9397,-7.6474,-0.3512,10.3144,-8.4115,0.3345,2.513,-13.9535,2
1.5916,-11.8465,-6.8606,-3.8389,-2.1531,7.2516,-7.8701,0.983,1.9636,-12.8471,2
2.6759,-10.7206,-4.7731,-4.9148,-3.0765,8.3376,-11.055,0.0109,2.3515,-17.302,2
4.1515,-11.0892,-4.4628,-3.6858,-0.2145,10.3403,-9.2074,0.4258,0.4121,-11.7472,2
3.137,-12.3238,-5.1261,-7.2788,-1.9618,9.9177,-9.6664,-0.6498,2.1482,-16.6214,2
4.4288,-10.9995,-6.6441,-4.4121,-1.2968,9.5354,-9.0879,-1.6154,3.6357,-12.8586,2
3.6639,-9.2023,-6.1901,-2.3421,0.7929,9.4287,-10.1317,0.2309,4.6307,-15.8529,2
2.7677,-11.3296,-7.5335,-2.6998,-0.7527,7.4887,-8.1015,0.1894,1.4371,-14.6759,2
4.0097,-9.4067,-6.9658,-3.1925,1.0547,6.667,-8.4763,1.673,2.6297,-11.7491,2
6.6538,-10.3002,-6.586,-2.5437,-0.0548,4.777,-9.0139,-0.1649,3.3675,-13.897,2
3.2278,-12.11,-5.1339,-1.5266,-2.5894,6.4597,-8.9798,0.384,4.5288,-15.4503,2
2.5487,-14.0367,-4.1732,-3.6333,-2.013,6.5719,-10.8555,1.0484,1.1113,-13.4505,2
6.42,-11.3366,-7.6778,-3.4361,-3.1566,11.1353,-6.9044,0.1808,1.4265,-14.2451,2
2.9121,-10.2398,-4.6762,-5.5639,0.1985,9.4818,-9.7715,-1.203,2.9468,-15.1959,2
4.8911,-12.501,-5.4141,-4.1301,-2.1588,8.401,-7.3898,-1.3614,2.1542,-14.7341,2
3.2977,-11.8422,-8.8878,-5.5919,1.1387,8.9254,-8.6912,0.0031,2.695,-14.2512,2
4.146,-10.664,-7.9926,-3.6286,-5.006,9.1761,-11.1238,0.283,0.9805,-13.6023,2
4.223,-8.5609,-8.5477,-2.5459,-1.1212,7.8793,-7.87,0.0731,3.8487,-15.0949,2
2.4061,-9.3998,-4.0076,-4.0617,-5.4988,8.2567,-8.9611,0.0779,3.2769,-14.3219,2
4.6139,-12.5653,-4.3804,-1.684,-2.6875,7.1849,-8.3937,-1.3538,2.0335,-11.9527,2
4.462,-7.8449,-5.9795,-4.9254,-1.241,8.3294,-9.2146,0.3913,1.3748,-13.1832,2
1.2426,-11.8904,-6.414,-7.3985,-0.1644,5.4755,-8.0054,-1.5122,2.1651,-12.8278,2
6.6528,-10.6405,-9.2096,-2.5786,-1.6658,8.6601,-8.173,-2.911,2.7822,-14.221,2
5.1883,-9.7245,-8.6762,-2.1152,-0.6436,6.2344,-8.9262,1.9793,0.9514,-11.5401,2
1.0866,-12.002,-7.65,-1.9437,-2.0544,6.8111,-8.342,1.4188,3.7737,-14.0135,2
3.7374,-11.7905,-3.7235,-2.2928,0.3065,9.7465,-8.2302,-1.4395,3.7224,-13.4351,2
5.2506,-9.6041,-5.4101,-6.5355,-1.4514,7.7184,-8.6312,-0.1963,2.3585,-12.9179,2
2.7074,-10.6328,-8.5148,-5.2577,-0.3338,6.71,-7.1412,1.8886,2.3701,-9.1084,2
5.2202,-12.2391,-5.1164,-3.9104,-2.483,6.9504,-7.5174,-0.4699,2.6196,-14.988,2
2.2333,-11.0056,-5.6534,-7.8917,-1.2925,7.4361,-6.9062,4.8412,2.2335,-16.1898,2
3.5309,-11.1233,-3.2786,-1.5093,-0.0198,7.6752,-7.9931,0.8245,3.1344,-15.9438,2
4.9483,-10.6535,-6.3869,-4.9094,-2.5083,9.0312,-11.6335,1.6113,1.1913,-16.6945,2
6.0884,-12.1023,-7.3189,-2.3073,1.4637,6.2558,-10.444,-0.897,4.1746,-11.1478,2
1.7352,-8.6931,-7.2992,-3.505,-3.2251,8.3724,-9.1765,-0.0457,3.3499,-15.117,2
2.03,-10.1584,-4.2226,-4.0434,-0.5624,9.6924,-7.764,-1.0033,1.6069,-14.6416,2
6.2485,-10.0529,-5.5407,-3.4598,-3.2991,11.4626,-8.291,1.5118,0.1242,-12.437,2
2.8213,-12.7994,-7.6663,-5.9065,-3.2406,8.6461,-9.5899,0.9281,5.2864,-13.8007,2
-0.0117,-11.1781,-4.4456,-4.1381,0.9761,9.2347,-11.7672,0.5914,3.2179,-11.986,2
6.085,-9.4536,-5.5749,-2.9949,-1.5699,6.361,-8.9475,0.975,0.967,-11.6166,2
4.8637,-12.8728,-4.1869,-4.4716,-2.4856,10.1742,-9.0864,3.2758,1.4931,-16.204,2
2.9349,-9.6314,-7.6264,-6.0043,-0.9745,6.3597,-8.5497,-0.0839,3.5141,-15.6822,2
5.3028,-11.0897,-5.0904,-2.5693,-3.0541,9.8787,-11.1474,-1.6282,5.7184,-11.9387,2
6.4661,-11.3705,-6.082,-3.2181,-1.3362,7.4361,-10.3539,0.7478,1.1721,-15.2488,2
3.9459,-10.9579,-4.8299,-4.6465,-2.1898,9.1906,-10.2278,-0.5602,1.8448,-13.921,2
6.0142,-12.8804,-4.2924,-2.9025,1.0326,13.2603,-6.8626,1.8155,0.8037,-15.3858,2
3.8959,-13.3623,-5.3125,-7.2115,0.4104,8.0727,-8.8199,-0.6955,-0.0754,-11.7544,2
5.3591,-11.3424,-5.2428,-4.5955,-0.8852,9.694,-8.1772,2.4385,3.5508,-13.5644,2
2.2135,-11.5329,-5.0206,-6.2619,0.3408,8.1336,-10.2377,-1.2211,3.784,-13.6284,2
5.7387,-12.7098,-7.1029,-4.1475,-2.4457,8.5645,-8.5305,1.1538,5.0317,-15.5617,2
3.8622,-11.7856,-5.5906,-3.3621,-2.7983,7.2036,-8.2423,0.4621,2.443,-12.6195,2
4.4532,-11.6096,-7.5137,-5.902,-1.2677,6.4205,-8.8606,2.2523,2.2422,-14.4108,2
6.3524,-8.5506,-7.3826,-3.8006,-0.8249,8.8608,-6.2878,0.5579,3.1283,-12.5735,2
5.1405,-9.4098,-5.4285,-6.3472,-2.0501,9.7844,-8.6342,1.6662,5.6032,-15.3719,2
5.0625,-11.3107,-4.8326,-4.071,1.8726,8.7504,-9.9706,1.0568,3.2584,-11.8993,2
4.0277,-7.1026,-6.4028,-4.1586,-2.2237,8.6838,-8.6632,0.8488,2.8732,-14.5212,2
2.0331,-11.3779,-4.5234,-1.9739,-1.4333,7.1429,-9.1315,3.5645,4.2709,-12.7804,2
4.7996,-8.5043,-7.965,-4.5972,-2.111,9.436,-8.7696,1.5615,2.0121,-11.5486,2
3.2516,-9.7734,-4.4426,-2.3365,-0.7767,9.7843,-6.3973,1.1974,1.678,-12.7319,2
3.2997,-14.3372,-5.5427,-3.8342,0.4167,7.4301,-11.2684,0.6801,3.3427,-13.4657,2
3.3866,-12.4183,-6.444,-4.5318,0.2912,9.1243,-9.4268,3.0129,2.3691,-12.7698,2
3.1052,-8.3685,-6.1054,-3.8345,-1.5277,8.85,-7.2105,1.6958,2.8146,-11.0545,2
4.6651,-11.4725,-8.3062,-4.6317,-0.6979,9.4511,-6.9711,-1.2148,2.1137,-15.373,2
1.3474,-11.7569,-5.6857,-2.8521,-2.7404,7.3414,-11.6795,0.7486,1.6742,-11.1119,2
3.9703,-11.0724,-7.1973,-6.2512,-3.3697,7.6221,-10.0581,-1.0717,3.3381,-12.8351,2
2.6676,-7.9125,-8.8558,-3.9219,-1.6458,7.7292,-10.0563,0.4166,2.4341,-14.1943,2
1.4075,-13.2424,-6.6684,-4.6123,-1.6135,8.3923,-9.7935,0.1084,1.4921,-11.3206,2
2.156,-11.3717,-7.3213,-5.12,-1.2809,8.4019,-9.699,0.0018,1.6927,-13.0039,2
6.4384,-12.1274,-5.6447,-3.9417,-0.315,9.6005,-8.7017,0.3673,2.1208,-14.7539,2
3.2103,-12.7421,-7.1264,-2.3489,-1.1701,9.8943,-6.8053,0.1615,3.0834,-14.0593,2
2.1367,-12.2446,-4.9709,-3.6962,1.452,10.0134,-10.1066,1.6875,2.3148,-11.7812,2
2.6261,-12.3938,-7.4293,-5.1261,-2.5783,7.6964,-7.7247,3.1211,0.7772,-11.7112,2
2.639,-10.2934,-8.7169,-3.2231,-4.3259,9.0262,-8.6239,0.7135,1.6701,-12.7822,2
3.9422,-11.1301,-5.2279,-4.1526,-0.5247,8.3665,-8.6847,1.2891,2.1756,-15.4572,2
3.7697,-9.0311,-5.7869,-3.5319,-1.3812,9.664,-9.2887,-0.2538,4.4304,-14.4023,2
4.6898,-9.1563,-5.3854,-5.883,-1.2772,8.2523,-9.7538,0.6412,3.9262,-14.2943,2
3.0985,-11.1768,-4.4899,-4.3948,-3.1695,6.1951,-8.4657,-0.714,3.7755,-15.6033,2
2.5472,-12.811,-5.5837,-3.0359,-0.81,6.9264,-10.1284,0.7785,0.2408,-13.9682,2
5.6309,-11.0851,-8.4685,-4.9203,-2.2639,11.7657,-6.5113,1.5234,2.2578,-11.8055,2
1.6554,-9.2003,-4.8437,-4.2362,0.3909,7.8844,-10.9074,1.894,2.6446,-12.7038,2
6.0869,-11.8986,-6.4507,-1.6547,-0.3148,7.5056,-10.4423,-0.3651,1.6648,-13.2505,2
3.4732,-10.3963,-7.4969,-4.1154,-4.4015,8.7728,-7.2466,-1.7101,3.4976,-14.523,2
4.5593,-10.5772,-5.6286,-3.9119,0.6746,9.0764,-10.0679,0.5751,2.2191,-13.3629,2
2.7259,-11.8304,-5.9368,-3.9255,0.278,7.9328,-11.9811,-0.1188,0.3328,-12.983,2
0.8447,-12.2977,-6.7792,-1.6932,-2.9272,8.5739,-8.1398,2.6531,3.9391,-11.9656,2
4.652,-12.6289,-5.6961,-2.7362,-2.7527,7.6856,-10.2146,1.586,2.6685,-14.0878,2
1.4331,-10.9163,-7.087,-3.6441,-3.0324,8.8221,-9.6682,-1.4469,0.7815,-15.372,2
3.046,-10.6337,-5.8309,-3.5478,-2.4557,10.1429,-9.6731,1.1023,2.5262,-13.0431,2
3.0341,-10.2247,-6.2467,-2.7884,-2.5459,5.9004,-10.4698,2.0304,2.5406,-13.4684,2
1.7751,-10.7169,-7.7699,-5.3228,-1.9216,9.2229,-8.182,1.2956,0.3903,-13.6165,2
3.0604,-13.1135,-6.2117,-4.3848,-0.5506,8.6771,-9.8338,1.8157,-0.5594,-13.7029,2
0.7107,-12.1835,-5.4484,-5.9204,-3.4535,12.1282,-11.0487,2.9028,2.5141,-14.3937,2
4.2058,-8.8103,-7.9548,-4.7745,-0.0476,8.9873,-7.3569,1.1997,5.4848,-13.3386,2
3.6883,-10.3326,-6.4494,-2.737,-0.9623,9.7375,-7.593,1.0697,3.525,-15.122,2
2.5301,-9.5501,-4.1002,-6.9198,-2.1697,8.5907,-10.3287,-0.8067,3.4848,-11.2344,2
0.3079,-11.0709,-5.5407,-2.8388,-0.8392,11.1974,-8.9664,2.395,1.8029,-13.5195,2
1.5365,-9.4639,-6.4163,-3.4724,-1.788,9.4349,-8.4136,-1.0649,1.3673,-13.6481,2
4.3449,-8.0208,-5.7812,-2.4978,-3.7372,11.5747,-8.1013,0.3526,2.5254,-15.2673,2
2.1237,-7.9495,-7.7192,-5.5215,-2.3712,6.758,-8.9868,2.0604,1.8567,-15.6665,2
3.7934,-10.8988,-4.7316,-4.6909,-1.7081,8.331,-8.8763,-0.1618,1.9405,-16.3821,2
2.5075,-9.7423,-4.9603,-4.7158,0.6313,8.5122,-11.0166,-2.0515,4.5998,-14.166,2
1.5345,-14.2041,-6.8292,-3.402,-2.3644,6.9754,-9.8339,2.2918,0.683,-14.569,2
5.1717,-10.0739,-5.967,-4.9818,-1.2721,7.7485,-10.2989,-1.1931,3.9486,-13.6971,2
3.8274,-10.5877,-5.5743,-4.3912,-2.0404,7.3324,-11.1307,-1.256,2.2243,-16.011,2
1.2822,-9.252,-5.8994,-4.6869,2.0895,6.0829,-7.5464,0.2598,3.95,-13.4431,2
0.5472,-10.672,-5.7323,-7.2971,1.5982,9.0221,-8.0018,-1.3213,3.8084,-11.9722,2
3.7359,-10.8292,-7.576,-4.3335,-2.0859,9.4133,-10.2846,1.274,1.514,-14.0,2
4.2797,-11.8709,-5.2599,-3.1797,-1.7243,10.298,-8.8931,2.0804,5.4626,-13.9684,2
4.323,-11.7715,-7.7849,-4.3023,-3.3618,7.1489,-8.1226,-0.3434,3.8382,-13.1574,2
6.1323,-10.0287,-4.5643,-3.4063,-0.8508,10.3024,-8.0066,0.7421,3.0809,-12.7991,2
2.3485,-11.8859,-4.0976,-1.2125,-2.7112,7.5518,-7.296,1.2273,3.7871,-12.2616,2
2.9945,-10.3202,-5.8574,-5.2969,-0.8453,10.4118,-9.511,0.6559,3.0825,-14.0335,2
4.3709,-11.8353,-4.2367,-3.0698,-2.7231,11.1023,-8.7576,-0.6574,4.4293,-12.8645,2
0.6976,-11.6037,-5.817,-7.2485,-1.1903,8.7922,-10.785,0.833,2.7836,-15.3934,2
4.7349,-9.5584,-6.6703,-4.307,-0.2285,8.2543,-11.9061,1.1574,1.5525,-14.1913,2
5.5424,-11.0162,-6.2331,-3.2446,-0.5599,7.1765,-9.1002,0.4813,3.1805,-13.1727,2
7.2367,-12.579,-4.7655,-2.2341,-0.5787,7.5798,-6.5128,-2.8609,1.7475,-11.849,2
2.8004,-8.4205,-8.5034,-5.6773,-2.1154,9.1814,-9.3428,-0.3086,4.903,-11.3363,2
2.734,-13.3798,-9.4719,-3.6502,-0.334,8.6498,-9.1161,-0.7798,3.7549,-11.0892,2
0.0303,-10.9314,-7.6912,-6.2448,-3.0129,9.1248,-8.4023,2.6175,2.7856,-16.2438,2
2.9983,-12.8948,-8.0459,-3.1383,-1.0266,9.4366,-9.546,1.6128,2.1523,-11.9315,2
3.8725,-11.1257,-5.9175,-4.0359,1.0763,8.9234,-9.0122,0.0693,4.0372,-12.5446,2
2.9448,-12.5486,-7.5886,-4.2854,0.7055,8.18,-9.901,-2.214,5.0427,-12.7529,2
4.5496,-9.3727,-6.4828,-3.8823,0.915,8.8247,-8.1285,1.7329,3.7368,-13.7987,2
3.3048,-9.6487,-5.0717,-2.2568,-0.4913,9.4502,-9.6791,-0.4447,3.9434,-14.4678,2
3.3245,-8.7466,-4.4048,-3.5565,-1.7621,8.3702,-7.7083,0.3723,1.935,-11.7828,2
3.628,-11.6811,-5.5173,-2.5523,-2.8294,8.2546,-9.3798,1.1055,3.7204,-14.4337,2
1.1165,-9.2675,-7.9156,-3.6024,-1.5159,8.7989,-6.5329,4.9845,0.3223,-12.1306,2
3.1212,-9.2434,-4.7998,-1.8945,-0.8905,7.2209,-7.6183,0.604,2.4217,-14.3208,2
4.8651,-8.4101,-8.0287,-3.0762,-1.8765,6.3544,-8.7882,-0.8227,0.4058,-14.7791,2
1.8139,-11.7852,-8.2245,-4.6019,-2.3878,9.1187,-8.1195,0.8173,2.4193,-14.0001,2
2.1,-12.0347,-5.1803,-6.6487,-1.439,8.07,-8.1111,-1.7105,2.7912,-13.092,2
0.4985,-12.4267,-6.3733,-3.2379,-1.0442,9.396,-10.6288,-1.9561,2.8992,-15.4505,2
2.0576,-9.4168,-5.952,-4.8614,-2.3649,9.4867,-8.6918,-1.3948,-0.1493,-10.7838,2
1.5219,-10.0236,-3.9696,-3.7877,-2.2186,6.4162,-11.1698,0.9921,4.9489,-14.1997,2
2.522,-9.769,-7.2646,-3.5974,-1.2552,7.9411,-9.0331,3.0718,3.6792,-11.9677,2
1.9775,-9.1713,-5.2771,-6.2585,-0.5082,7.7854,-11.3285,0.6217,3.581,-13.3791,2
3.1919,-11.3111,-2.5358,-5.783,-0.0085,8.5784,-10.2915,0.3544,0.683,-14.4997,2
3.2852,-13.1419,-5.4761,-5.4548,-3.4955,6.9347,-5.7459,-2.5401,3.4266,-14.7339,2
2.8304,-9.9093,-5.4034,-5.0302,-3.3546,9.4885,-8.1812,-0.0004,3.4354,-14.2752,2
2.115,-10.8092,-5.4571,-3.5453,-0.5542,7.4144,-6.637,-0.0865,2.5941,-15.5845,2
3.0648,-10.0168,-5.0919,-1.6662,-0.5375,8.9706,-9.6792,-0.5656,4.2278,-12.1799,2
1.7401,-9.7305,-5.2601,-5.6799,-0.5072,6.981,-12.6537,0.1869,3.1592,-13.7791,2
7.6562,-10.2469,-6.0149,-3.3648,-1.9799,9.9495,-8.4683,0.8998,1.8363,-15.953,2
2.6035,-10.3912,-6.9027,-3.5716,-1.6664,9.2011,-10.475,0.7164,1.811,-15.9139,2
3.1079,-8.5107,-8.4235,-3.8301,-0.1215,12.0053,-9.7492,-0.521,1.0224,-11.8957,2
2.0545,-11.3711,-9.0091,-2.6832,0.4195,9.8239,-11.4178,1.3378,0.2634,-13.5194,2
3.6632,-10.3499,-5.4337,-4.0212,-4.2615,9.358,-8.8634,-0.9269,0.4183,-11.2965,2
5.2025,-9.7562,-7.2501,-7.7846,-0.1709,9.1053,-9.5718,2.1142,4.0444,-13.3423,2
3.4082,-10.7387,-5.2158,-5.2954,-0.6789,7.1744,-7.005,1.2252,1.7401,-13.4856,2
2.0749,-8.559,-3.8013,-2.9648,1.0171,8.783,-7.8645,2.2641,2.7638,-13.4998,2
4.7561,-9.8454,-7.3689,-7.2894,-1.5812,5.4099,-10.4963,-0.8844,1.9195,-12.3758,2
4.9121,-10.0521,-5.2869,-3.025,-5.0631,8.5706,-11.7045,1.1907,-0.3672,-13.8771,2
4.1772,-12.4918,-4.7931,-3.2492,-0.7467,9.6023,-9.5486,0.6549,2.7875,-13.6253,2
2.3475,-12.679,-6.7409,-4.5971,-2.423,9.8334,-10.7681,0.1698,4.5219,-12.2428,2
5.18,-11.7014,-5.0592,-5.6036,-1.7317,8.2826,-9.8735,-0.1157,2.0324,-15.0801,2
4.6402,-11.0889,-5.9335,-3.7635,-1.2358,8.6945,-9.4679,2.5546,3.9136,-13.5789,2
2.685,-10.9934,-5.6092,-1.7592,-3.3775,9.5449,-7.3197,-1.803,2.5007,-15.2033,2
4.0014,-11.3527,-6.4309,-4.6257,-0.2377,8.8988,-8.6634,0.668,3.6312,-13.9994,2
5.9067,-12.6674,-8.8245,-6.7222,-4.4373,9.565,-8.1827,2.2387,1.1875,-12.4883,2
3.4408,-10.5653,-5.2972,-5.1436,2.563,10.5531,-9.8073,-1.2091,2.6406,-13.3331,2
4.954,-12.5683,-5.8074,-6.3027,-0.6634,8.394,-6.1048,-1.892,4.8283,-16.1622,2
1.3648,-13.3308,-5.8601,-5.7697,-3.3404,8.8594,-8.3321,0.4868,2.5291,-10.8631,2
3.5743,-9.6066,-6.0213,-5.656,-0.4931,7.5716,-9.1463,0.8851,-0.1397,-16.0207,2
4.7198,-11.8108,-7.1601,-3.7595,-1.8964,9.1817,-9.0865,0.7249,1.7196,-13.3161,2
5.0132,-11.6668,-4.8627,-4.0865,-0.2162,8.7484,-9.0599,0.9516,4.5928,-13.2523,2
4.0734,-11.3679,-3.8793,-3.0486,-1.2013,8.3713,-7.5429,-0.4823,0.0981,-13.4979,2
5.1406,-8.4282,-6.3966,-3.9438,-0.5386,8.1588,-8.2352,0.2989,4.2895,-12.522,2
4.5709,-11.1232,-3.3468,-3.2833,-0.947,7.4139,-9.1554,0.5986,1.5909,-14.045,2
3.1069,-10.7313,-8.8797,-4.2121,-1.8839,8.524,-7.4569,3.5056,3.79,-15.4581,2
2.8375,-9.9212,-5.5107,-2.5282,-1.4639,8.01,-6.3812,0.515,1.2474,-11.3938,2
1.1114,-16.0578,-5.0816,-2.6431,-0.6969,6.6016,-9.0981,0.0098,1.9665,-11.4884,2
1.7856,-10.341,-4.4446,-3.437,0.5438,9.4009,-8.3658,0.9773,3.6926,-14.1848,2
1.4028,-9.3841,-4.493,-3.6312,-2.1405,6.2187,-8.8811,-1.5964,0.539,-13.6376,2
2.2099,-10.2972,-6.4746,-4.9191,-3.8753,7.2759,-10.234,-1.4109,2.2789,-15.3274,2
3.11,-10.4546,-7.4749,-3.371,-3.3599,6.887,-9.1796,1.4576,4.0735,-11.1879,2
2.7907,-11.0064,-7.7847,-5.8898,-0.975,7.3915,-7.1612,-1.7665,3.502,-15.1151,2
2.1249,-10.0065,-7.2495,-4.7828,-2.5361,11.2328,-9.936,0.5044,2.4696,-13.2744,2
2.4335,-11.1164,-5.6447,-5.3037,0.3161,10.3335,-8.1,0.5318,-1.7135,-12.9701,2
2.7686,-11.1846,-9.0817,-3.2688,-3.4908,8.7329,-7.6528,-0.277,4.5965,-14.727,2
4.2562,-12.7724,-4.689,-2.6952,-0.6154,7.9654,-11.1128,-0.1589,4.4379,-13.4115,2
1.026,-12.5023,-4.3559,-3.2773,-3.1689,5.9065,-9.9473,-2.35,2.5387,-9.929,2
0.9602,-11.0942,-4.2678,-2.8855,-1.541,8.3358,-10.7437,0.0255,3.1376,-11.9488,2
2.4253,-11.0999,-7.6595,-3.6712,-0.1422,9.4998,-10.7651,0.6473,1.7565,-12.0899,2
3.1136,-13.0945,-6.5654,-3.3214,-0.9519,7.7876,-9.8877,-1.0542,2.1803,-14.89,2
4.8107,-12.1669,-6.0522,-3.9277,0.1006,10.1893,-7.9658,0.9564,1.1995,-15.2098,2
2.0871,-9.6873,-6.1257,-2.7062,0.1863,7.4664,-8.9617,0.4075,2.2808,-14.4088,2
5.1327,-10.7372,-6.2159,-5.2133,-0.3051,7.0476,-8.3274,1.1504,2.1537,-13.13,2
3.6341,-10.8742,-6.2162,-3.9165,-1.123,8.6456,-10.6656,0.1987,3.1699,-13.4606,2
4.7862,-9.8851,-7.5413,-4.2591,-1.7849,8.5488,-9.0143,1.3443,3.0384,-11.7607,2
3.7171,-12.0611,-6.9366,-3.1035,-3.7392,6.5365,-8.9937,1.8534,4.733,-13.9321,2
4.9468,-10.7068,-8.5328,-4.0213,-2.2463,9.9326,-9.0483,-1.4898,0.5229,-13.638,2
-0.2747,-11.5924,-5.8891,-5.5947,0.1731,10.3418,-10.5348,-0.02,4.2645,-13.6084,2
1.2639,-11.0302,-7.5151,-2.3468,-0.409,8.0846,-8.7966,-1.5351,1.6418,-11.2766,2
3.4359,-9.4201,-5.8876,-2.0377,-4.3162,8.273,-6.5426,1.8613,4.7605,-13.6166,2
2.5499,-12.3559,-7.8811,-2.7986,-0.5481,8.4554,-8.2475,0.6407,4.2158,-12.1775,2
1.7568,-10.4047,-8.739,-3.8096,-0.4114,6.5847,-9.6345,0.4413,3.1233,-14.0244,2
1.5972,-10.8962,-8.714,-4.3581,-1.98,8.3539,-9.8488,-1.8345,2.2229,-12.2103,2
5.2478,-7.1562,-3.6982,-5.8046,-1.9306,8.5211,-9.1381,0.5313,6.3838,-15.2296,2
2.2853,-8.3494,-7.1596,-3.4188,0.2341,9.285,-8.7221,1.8349,1.4328,-14.351,2
4.159,-13.9193,-4.1108,-3.5541,-1.0884,6.1095,-10.9397,-0.1708,3.9836,-16.7214,2
4.5381,-11.3552,-6.5708,-3.6288,-0.9139,7.4866,-8.0724,-3.0521,2.0968,-13.376,2
2.8382,-13.5555,-5.0986,-5.8817,-1.4192,8.7848,-8.98,2.1805,2.6925,-12.9653,2
3.2717,-9.8958,-4.1454,-3.8028,-0.1451,10.7383,-6.974,-0.1509,4.3271,-13.2333,2
5.0314,-9.9622,-5.8222,-3.3582,-0.935,8.9968,-9.248,0.0494,5.4172,-12.8902,2
2.4956,-11.2313,-4.6513,-5.1134,-3.5409,6.4426,-11.6032,-1.5212,1.0011,-11.5286,2
3.2863,-11.3601,-8.4008,-4.2238,-3.9239,8.0012,-5.913,1.4227,2.4577,-12.5593,2
2.5733,-12.0162,-3.6795,-5.7226,-1.8491,9.0143,-10.4141,1.4029,2.3125,-12.6106,2
4.2346,-11.1797,-3.6697,-5.0071,0.7054,10.3177,-6.3535,0.6881,1.5896,-10.4913,2
2.8535,-12.0355,-6.5203,-5.4817,-0.5287,7.6468,-9.441,1.8787,3.708,-13.5831,2
3.6119,-10.7968,-6.8824,-4.0129,-0.5816,8.366,-8.3801,-0.828,1.8666,-14.708,2
2.5079,-8.8844,-5.1466,-5.6245,-0.6617,7.9694,-10.0334,-1.8016,4.2303,-15.6523,2
3.2776,-12.2347,-5.0719,-4.5107,-1.5196,8.4042,-8.5559,0.4465,2.7075,-14.3841,2
0.9935,-12.493,-5.1579,-4.4679,-2.3139,6.4467,-11.5893,-0.6278,4.1045,-14.4421,2
3.9563,-11.7198,-5.2774,-4.5368,-3.1657,8.1518,-6.2588,3.1119,3.5022,-13.8121,2
3.8114,-10.3399,-6.2955,-3.3477,-1.0056,8.0813,-10.8027,-0.2631,3.9717,-13.6537,2
3.806,-11.2397,-7.8251,-4.3671,-2.8516,6.9258,-7.2013,-0.2031,1.6602,-11.1795,2
4.5781,-11.3724,-5.5942,-4.3628,-2.3569,9.2673,-9.4962,0.5403,4.3045,-12.2397,2
2.5304,-10.0861,-7.9274,-3.3335,-1.0952,9.1237,-9.456,3.5531,1.4205,-12.1492,2
1.808,-10.0587,-5.372,-3.9267,-2.0609,8.767,-8.6093,3.1119,1.4639,-14.4404,2
3.7827,-11.1993,-6.3857,-2.4036,-5.5483,7.6584,-11.6233,-1.3667,6.3794,-12.7092,2
4.7829,-10.936,-5.0976,-6.659,0.2395,7.3255,-9.8068,1.1848,3.2471,-13.4796,2
1.3109,-10.6655,-4.7948,-4.8079,0.6545,7.2462,-9.0,2.73,1.7503,-12.0255,2
6.3176,-10.5586,-7.0262,-5.1683,0.639,10.4703,-6.8358,0.3778,4.3291,-13.6797,2
2.031,-9.1289,-3.7849,-5.54,-2.877,8.6153,-7.5756,-1.2737,3.113,-14.4921,2
4.4068,-12.012,-5.078,-4.2465,-2.7236,8.6508,-11.9167,-0.4116,3.2785,-16.2641,2
-0.5011,-14.3242,-4.245,-4.1243,-2.1166,9.973,-9.6165,0.8297,2.8111,-14.313,2
3.7968,-9.6553,-6.513,-4.7,-1.8317,5.1084,-8.5852,-1.3866,3.717,-13.7421,2
3.5133,-9.7647,-7.6254,-3.4553,-0.9165,8.2781,-10.4021,1.3199,3.8276,-13.4361,2
1.7501,-11.6064,-6.3262,-2.9764,-3.6931,7.7096,-9.6138,0.3022,0.8204,-13.9328,2
2.8899,-12.3716,-6.4126,-4.8209,-0.5745,7.2273,-8.875,-0.7856,1.8728,-13.1606,2
3.7077,-11.4407,-6.6398,-6.1896,0.7862,9.5865,-8.0326,-1.9655,1.8792,-14.1083,2
0.459,-9.4803,-4.0548,-0.9162,-2.8867,8.7313,-7.0256,0.0466,1.922,-16.4055,2
5.0545,-10.8441,-7.3297,-3.5834,-1.0884,8.8077,-9.3354,2.8606,2.5719,-11.1775,2
4.2018,-10.2884,-6.4056,-2.5482,-1.1484,7.1571,-10.458,1.0608,1.4114,-13.6998,2
4.9414,-10.3592,-7.3189,-1.8942,-0.4961,10.082,-12.4111,0.9233,4.0357,-11.0561,2
1.1599,-9.006,-3.7691,-7.0351,-0.6,9.4817,-9.5003,-0.3081,3.7742,-14.529,2
3.0297,-9.5965,-3.6046,-3.2022,-1.1177,7.7807,-10.5257,2.0914,2.5423,-11.8804,2
2.8613,-11.7891,-5.6045,-4.1239,-3.1262,11.2813,-9.9503,1.8184,4.0352,-15.4957,2
1.852,-11.2674,-7.5341,-1.4195,-1.6182,9.8899,-8.2393,0.8231,2.8329,-11.7508,2
2.1179,-8.2257,-8.1665,-2.8369,-3.4256,8.0817,-8.8698,-0.303,2.4999,-15.6869,2
1.8744,-10.0678,-6.1912,-5.0449,0.6685,6.7254,-9.5522,-0.3315,3.695,-13.5342,2
3.1933,-13.5815,-4.9381,-4.3359,-1.1444,7.4324,-10.3685,2.676,0.1126,-15.1878,2
5.5763,-9.8541,-6.7239,-2.1393,-0.6476,8.9043,-8.6714,1.1249,3.531,-10.3125,2
3.0632,-11.0613,-8.091,-4.087,1.4764,10.032,-9.8253,0.4721,0.8278,-15.0602,2
3.5797,-11.5569,-7.8026,-3.2744,-1.4413,6.204,-12.1225,-0.428,0.39,-16.4099,2
5.049,-10.9618,-6.6338,-4.2918,-3.0246,9.1717,-9.2058,-0.7091,1.861,-15.4477,2
2.7462,-11.1746,-6.8841,-3.9264,-1.4357,8.9014,-7.5951,1.3166,4.2043,-14.8781,2
2.5927,-9.8348,-5.2284,-5.0271,-0.4005,7.14,-8.2882,0.3876,0.6958,-14.2576,2
6.629,-10.511,-2.785,-6.175,-0.1918,4.7538,-9.0101,1.3739,4.0293,-14.8054,2
4.9142,-11.6158,-6.4818,-4.6591,-3.0225,10.9099,-8.9378,2.058,4.3395,-15.0584,2
5.1798,-10.0601,-7.797,-3.3359,-2.8524,10.965,-7.7891,0.3203,4.6696,-15.9795,2
2.2316,-11.1938,-2.8821,-5.6149,-3.8789,6.3887,-7.6505,-0.4643,2.5338,-12.4622,2
3.1185,-10.509,-5.4328,-4.6552,-1.5674,8.9182,-7.7075,-0.7615,-1.7584,-12.5871,2
4.7472,-10.5151,-5.8332,-4.8556,-0.5676,9.835,-8.925,4.1639,0.4268,-13.362,2
1.5941,-9.4954,-8.6079,-6.01,-2.2677,8.954,-9.903,-0.4511,2.5011,-13.9698,2
5.5868,-9.7863,-6.7225,-0.8636,-0.5804,7.1018,-8.625,1.2303,1.741,-15.1853,2
3.4853,-11.3555,-4.017,-2.8974,-2.2791,9.1942,-7.1091,-1.6637,1.2383,-13.6232,2
3.409,-10.8935,-6.7018,-4.4982,-0.7415,10.2562,-9.7312,4.0846,5.7135,-11.6126,2
4.2893,-7.8032,-6.6708,-5.2581,-2.1069,7.0509,-8.8271,0.8768,3.0737,-13.6251,2
3.5553,-8.2107,-5.3056,-2.6254,-1.0317,6.1319,-11.7306,3.5512,1.9747,-14.5316,2
3.7241,-9.9896,-5.2204,-1.3475,0.9332,7.3389,-7.5567,-0.1491,2.5662,-15.2475,2
0.816,-10.8625,-7.6696,-2.6174,-1.7395,9.0182,-6.9585,-1.8009,1.6855,-13.3352,2
3.8244,-9.1599,-4.9349,-3.8637,-0.8628,9.0519,-11.2144,0.1925,3.1451,-12.9187,2
1.969,-12.7184,-6.5875,-1.0581,-2.5468,10.3162,-6.6327,0.4952,1.7527,-12.8373,2
3.6481,-12.1038,-7.2239,-3.3288,0.0823,8.0711,-9.1135,1.43,2.5137,-14.0555,2
2.2226,-11.9742,-2.2323,-4.3034,0.7297,11.0813,-9.2852,0.9797,2.9262,-16.0248,2
1.0276,-10.7419,-6.873,-1.1718,-1.6728,11.4817,-9.7244,3.2953,3.5321,-12.7615,2
2.5879,-9.9498,-3.6966,-4.2264,-1.827,8.1851,-6.5796,1.7101,4.944,-13.1361,2
3.4146,-10.1793,-4.6304,-4.3798,0.7351,9.104,-12.6192,1.7523,0.864,-12.3177,2
4.7079,-10.3203,-5.4201,-2.3608,-2.0613,9.7454,-7.2653,3.0672,1.1138,-12.9937,2
1.9134,-12.3211,-5.6971,-3.893,0.3996,8.036,-9.2109,0.7443,1.4797,-14.6911,2
5.0297,-11.6386,-4.4619,-3.0982,-3.6392,9.3508,-8.2261,1.0614,2.5596,-15.0166,2
5.3749,-10.9676,-7.5608,-3.3229,-2.4321,7.1316,-9.573,-0.5711,1.4041,-12.3969,2
3.1848,-8.9368,-7.5174,-6.6005,-1.0947,11.3392,-8.2133,5.2501,3.2705,-13.2532,2
0.1225,-10.1733,-5.9827,-4.6203,-1.5231,8.4531,-9.2797,3.5616,2.2161,-13.3525,2
2.7497,-9.64,-5.9705,-4.429,-4.2069,8.9202,-9.4742,0.3359,0.9988,-11.4566,2
4.6407,-8.6691,-4.5152,-3.1207,-3.0313,11.3204,-10.4012,0.0244,3.8328,-12.4717,2
4.2139,-11.4156,-7.1461,-0.2073,-1.3769,8.3126,-10.0801,0.794,3.0695,-13.6308,2
3.9282,-8.1699,-7.1282,-3.9445,-2.2897,8.9973,-9.8625,-0.3611,0.5832,-13.4598,2
4.0002,-8.0245,-5.5314,-4.6837,-3.3574,6.7233,-10.9532,3.2441,3.2042,-14.4809,2
1.9158,-12.0993,-7.1496,-2.0348,-1.3628,6.3841,-5.5441,-1.2832,1.8862,-11.6413,2
3.9783,-11.5201,-8.0827,-5.4592,-2.6776,8.5658,-8.7232,0.2041,2.7136,-15.1826,2
3.7953,-8.8944,-6.4798,-4.2826,-1.1934,10.2326,-10.3519,2.6033,3.4043,-13.5635,2
5.1754,-12.5883,-5.4526,-3.3637,-2.7211,9.2462,-8.5848,0.1589,4.0667,-14.4641,2
3.7611,-11.0127,-7.1577,-3.2548,-1.6295,6.3458,-11.7114,1.6106,0.9415,-13.1874,2
3.438,-11.368,-3.3007,-3.7396,-0.1845,8.9825,-9.3571,0.3984,4.9603,-11.9743,2
6.2836,-10.4827,-7.5511,-4.6699,-3.0996,9.7058,-9.8887,-4.1559,6.4681,-14.4624,2
2.4907,-8.3078,-8.048,-2.3042,-2.1991,6.5696,-6.4512,1.8117,4.1524,-13.055,2
4.2542,-12.6634,-6.0682,-5.4023,-3.4013,9.1717,-7.2726,-0.148,2.4544,-15.3137,2
3.3664,-9.6751,-5.0484,-3.1914,-2.2455,7.5801,-7.8167,1.645,2.5144,-14.2457,2
5.1065,-11.3551,-5.1168,-4.2144,-2.8892,10.9737,-8.8297,-0.6391,0.6862,-15.5415,2
2.7962,-7.9275,-7.1127,-1.838,-1.514,6.7836,-9.7196,-1.4944,1.4885,-14.9351,2
0.4999,-8.546,-5.9191,-5.0386,-0.9853,7.3021,-13.0164,4.8621,3.0568,-14.49,2
0.4547,-13.0564,-3.7539,-1.7562,-0.1881,6.8827,-6.7448,1.1017,3.7548,-12.9372,2
1.0951,-12.6124,-7.001,-3.0437,-3.3885,8.2923,-9.2747,1.6161,3.7844,-15.1218,2
5.5256,-12.56,-4.5973,-4.8344,-1.072,8.8943,-8.7132,1.4388,3.3596,-12.431,2
4.0525,-12.7119,-5.831,-4.8549,-2.9818,8.1205,-8.7349,0.8015,4.3565,-11.6455,2
3.86,-10.0395,-6.0927,-2.8583,-0.5874,8.4735,-5.7818,-0.3922,4.9541,-15.6379,2
4.576,-8.6603,-9.0965,-3.8007,-0.2448,8.9332,-8.4426,0.6314,1.1311,-10.0544,2
2.6003,-10.1639,-7.2059,-7.4229,-2.7047,6.3839,-7.3724,-0.4833,2.0013,-15.203,2
3.4966,-11.8899,-4.7471,-3.5561,-2.1756,9.8306,-8.9979,0.4593,0.5785,-13.7131,2
3.8379,-8.8148,-7.3635,-0.592,-0.4826,6.2762,-10.2776,2.5585,4.6373,-13.5793,2
3.5805,-12.5621,-4.2535,-5.4908,-0.0508,10.5833,-8.9376,1.8785,5.5439,-13.2045,2
3.0926,-10.9155,-7.3501,-5.1575,-0.6543,8.3094,-8.5184,-1.8079,2.6335,-12.0613,2
1.6772,-10.7904,-9.0176,-5.9673,-0.1064,8.0914,-6.2767,1.0757,3.5683,-15.2212,2
2.7779,-11.9141,-7.8338,-3.0133,-0.0211,9.1537,-10.2519,0.9231,-0.0966,-11.622,2
1.4084,-12.4959,-6.0627,-3.7029,-1.427,6.8901,-7.3098,-2.1019,0.5475,-13.767,2
1.4592,-8.9812,-8.003,-1.6736,0.2348,10.4079,-6.1791,0.5489,1.253,-13.761,2
2.5056,-11.879,-6.0094,-4.4767,-2.4462,8.1872,-8.1863,1.8617,0.3681,-14.0613,2
3.1436,-12.589,-6.4152,-3.7872,-0.5396,8.671,-10.3312,3.4451,4.0161,-12.7774,2
4.8628,-10.4483,-4.3062,-3.9238,-1.3153,9.5081,-6.6453,2.6951,3.6617,-12.8316,2
4.3997,-9.3368,-4.2876,-4.364,0.6592,9.0698,-8.0334,2.5,3.893,-12.2325,2
2.7715,-8.5677,-5.1921,-3.82,0.3337,12.437,-10.7632,-0.7786,6.8004,-12.9664,2
3.6419,-10.9883,-4.423,-0.0923,-2.3157,8.41,-9.5359,1.5263,4.606,-11.1751,2
4.5057,-7.0362,-7.0978,-5.261,0.8861,8.7395,-11.0737,-0.0471,3.1559,-14.5759,2
1.8336,-11.1266,-7.8325,-3.0564,-4.2336,8.6909,-8.2305,0.2912,4.4123,-15.6623,2
2.304,-11.3102,-5.1666,-3.6814,1.8971,7.3466,-11.1023,3.1107,0.6261,-12.5819,2
1.8876,-13.9192,-6.7978,-2.6599,-3.1506,9.4194,-7.8655,-1.4805,2.4308,-11.2409,2
4.3315,-11.2074,-5.6127,-5.037,0.3526,10.2252,-8.8284,0.7731,1.2742,-15.6345,2
2.7907,-10.9463,-4.6417,-2.6255,-1.0407,10.3411,-10.425,2.043,1.5868,-11.7469,2
3.3356,-13.8126,-5.1404,-2.7948,-2.0028,7.9984,-9.2491,-2.4607,-0.7747,-11.654,2
2.1195,-8.0323,-4.1801,-1.6584,-2.2933,6.1427,-10.6401,-0.2426,-0.7874,-14.3196,2
3.0531,-12.7568,-7.7964,-4.34,-0.7835,7.219,-8.5714,0.6323,2.8428,-14.5845,2
1.3555,-8.2705,-5.2902,-2.5005,-1.4433,8.3092,-8.2738,-2.325,1.1005,-14.8031,2
2.6737,-12.1347,-5.7364,-3.887,0.7714,12.2659,-10.9041,0.648,2.9907,-13.6278,2
1.7283,-12.191,-5.8751,-5.4272,-1.079,8.1864,-8.7973,-1.0029,3.0086,-14.9279,2
3.5966,-8.8061,-5.8442,-3.5263,-0.0921,6.4499,-6.4314,-1.1564,4.0919,-12.4861,2
2.0023,-9.3019,-5.4889,-1.1742,-1.0278,8.3925,-9.7819,-2.188,2.2951,-14.0203,2
3.7487,-12.9498,-6.5942,-3.1448,-0.3046,5.7656,-7.9502,0.0572,2.4949,-17.1533,2
5.5959,-10.55,-8.5329,-3.4463,-0.8012,10.3891,-9.4743,0.445,1.8082,-12.7096,2
2.1804,-12.1547,-6.3374,-5.8479,1.0853,11.4462,-9.6902,-1.6529,3.2773,-14.3296,2
5.1176,-11.9959,-5.4189,-3.8382,-2.3323,8.9154,-7.692,0.5573,2.9184,-14.9157,2
5.0719,-9.2484,-6.8515,-4.1956,0.8034,6.8549,-8.1034,-0.4109,5.4396,-13.5113,2
5.2462,-11.9572,-8.1085,-4.3605,-0.9239,7.7892,-7.8723,0.1121,-0.3497,-12.7773,2
2.0318,-11.3576,-3.906,-1.3499,-2.1811,9.422,-9.8382,-0.0033,1.8638,-16.193,2
3.4982,-10.3829,-7.2422,-2.3775,-1.972,7.5995,-8.22,-1.887,4.1325,-14.2097,2
4.8395,-8.883,-5.2754,-5.2271,-3.1941,6.4042,-7.3554,0.2248,1.8736,-13.8046,2
4.9765,-9.6471,-5.5779,-3.0523,-1.0476,9.0084,-8.6782,0.4269,3.9025,-13.0646,2
2.0345,-10.0219,-5.8648,-3.092,-1.4742,9.7729,-9.1019,1.5129,2.0877,-14.1874,2
4.2587,-11.3128,-2.927,-3.1595,-1.2805,9.7851,-9.7308,1.8116,4.1153,-11.7262,2
2.6944,-12.6493,-7.1509,-4.4316,1.1829,11.8478,-8.4928,0.4411,2.2476,-12.3695,2
6.6385,-8.1364,-4.5287,-2.3242,-0.0694,8.4843,-10.1146,0.3958,3.4059,-15.7869,2
3.1262,-12.0541,-4.7149,-4.8337,-0.8256,7.5052,-6.6132,-2.1241,3.4862,-15.5224,2
2.5916,-10.5059,-5.8526,-3.6652,-1.0903,7.5925,-9.2559,0.4745,3.0655,-13.705,2
4.45,-10.6751,-5.9337,-4.5831,-2.8966,8.7863,-7.1986,1.0928,1.5462,-12.3844,2
2.8529,-9.7432,-6.7889,-3.4792,-2.0956,7.8157,-11.3592,1.1951,3.3277,-12.9668,2
3.7686,-11.9586,-4.7868,-2.52,-2.5003,9.3535,-7.6973,-0.2781,2.3284,-12.8053,2
1.0901,-12.448,-7.7203,-6.7036,0.3095,5.5731,-8.4951,1.6446,2.332,-14.609,2
3.7049,-10.8124,-4.7304,-7.9519,-2.696,9.3976,-8.9341,1.5551,3.1655,-13.8086,2
2.9022,-7.3276,-3.9332,-3.2659,-1.2002,9.3625,-7.7695,1.0553,1.6454,-10.9297,2
3.7249,-7.7943,-5.9549,-4.3776,0.7583,9.0071,-8.8097,-1.3735,3.7628,-14.3465,2
2.6839,-11.551,-5.5771,-6.3122,-1.6342,10.0257,-10.8783,0.6864,1.8253,-14.212,2
5.8383,-13.2909,-5.0872,-4.726,-2.1094,6.8879,-7.8789,0.1399,2.2959,-13.4417,2
3.1002,-13.8162,-6.9719,-2.666,-3.5778,6.9204,-9.65,-0.6614,2.7306,-15.2461,2
2.7738,-10.8872,-5.2622,-2.142,-1.7102,11.3874,-9.2856,1.6703,5.6697,-13.3975,2
1.2953,-10.6788,-7.1531,-4.4208,1.6596,6.7211,-8.5591,-0.8895,2.311,-12.4892,2
3.8328,-11.1527,-7.2104,-3.535,1.2436,7.2033,-6.1423,2.2263,4.8265,-13.1438,2
5.1123,-12.3284,-7.2377,-2.8604,-0.8741,8.3327,-12.7637,-0.2262,1.0114,-12.8662,2
3.0688,-11.7576,-2.2713,-2.4519,0.2659,11.8586,-7.8065,-0.7294,1.4406,-12.1591,2
0.2666,-10.9319,-9.4923,-3.8609,-0.0368,8.9744,-7.6026,3.3743,2.5571,-9.395,2
3.6746,-9.3914,-7.1523,-1.5802,0.2447,10.7625,-8.928,-1.4561,3.463,-16.152,2
2.8513,-10.5286,-2.6698,-3.5313,-1.1086,8.4607,-11.0229,0.5558,2.9268,-15.0594,2
1.5755,-11.5375,-6.1383,-4.6955,-2.8942,8.9892,-8.2015,0.609,1.928,-12.7142,2
3.0698,-12.5988,-4.6813,-3.4789,-1.4968,6.1987,-10.1271,3.4549,0.5099,-13.9835,2
3.3311,-10.3345,-8.4814,-3.7479,-3.8471,8.7014,-9.9884,-0.8718,4.0247,-13.9599,2
4.0662,-10.0549,-4.3307,-5.8215,0.0606,8.58,-9.577,-1.2968,3.6823,-14.9898,2
4.1323,-7.9234,-4.7657,-1.922,-2.3964,9.6994,-10.7261,0.0768,5.3843,-14.5183,2
5.0226,-9.2917,-4.6235,-5.9096,-0.5301,8.3204,-7.377,-2.0555,3.3241,-13.2669,2
0.3704,-12.1433,-8.9809,-5.0987,-0.4941,8.8483,-8.7557,-1.1326,4.4531,-13.6347,2
3.4061,-9.4046,-7.7227,-3.6663,-0.6827,7.7369,-8.0312,1.1427,2.6207,-13.8047,2
4.1409,-9.6325,-6.1413,-2.3289,-0.3301,5.8726,-11.1171,2.2004,2.4023,-13.3602,2
5.0645,-10.8248,-6.1798,-5.3122,-0.7629,9.435,-9.8766,-0.956,6.7119,-13.7459,2
2.33,-9.7553,-6.3119,-5.6378,-0.5933,7.2756,-6.6451,1.1688,2.3571,-13.4425,2
4.7105,-10.5362,-3.0525,-2.3053,-0.5865,7.1498,-9.2301,1.1453,1.5381,-11.6663,2
1.8944,-11.771,-7.0791,-2.8934,-2.5253,5.8553,-7.3777,-0.2395,1.1697,-14.7388,2
5.9307,-11.8007,-6.4207,-4.6795,-3.1669,7.4412,-10.9614,1.8609,2.9238,-9.8825,2
2.2922,-12.1035,-3.935,-2.4222,-0.7408,6.8847,-6.3923,0.3189,2.1264,-11.892,2
3.3221,-12.5637,-6.1752,-5.1812,-5.8319,7.2327,-9.8014,-1.3064,3.6353,-14.7727,2
4.0732,-12.6652,-4.8718,-5.9239,-4.8302,10.4112,-10.2936,3.0624,3.6193,-12.4211,2
4.9238,-10.6462,-6.0496,-2.0871,-1.1509,7.463,-8.1311,-2.7434,4.7518,-11.5958,2
5.1528,-9.0755,-6.3619,-4.1692,-3.1624,11.1773,-9.7373,0.9369,3.1535,-15.6171,2
0.7386,-10.8068,-6.9163,-4.1433,0.2802,8.8927,-7.872,1.095,2.2979,-15.1092,2
3.7527,-10.6893,-4.8629,-4.2355,-1.7639,8.211,-10.3879,2.5974,4.4819,-15.426,2
4.5615,-13.5827,-4.7577,-5.0537,-0.778,5.661,-10.8078,1.1301,1.7211,-14.8664,2
5.4494,-7.4987,-4.8301,-5.647,1.3274,6.2131,-9.4665,0.5092,5.6585,-12.2375,2
2.66,-12.2326,-4.7324,-4.8092,-0.9928,6.5006,-8.1559,1.1601,0.91,-12.0591,2
4.1877,-9.7051,-6.8037,-3.7407,-1.2228,8.333,-8.754,2.3117,4.3849,-15.3793,2
4.8337,-9.0285,-6.4624,-3.2465,-0.5769,7.2803,-9.5827,1.5532,2.0287,-12.1432,2
5.313,-9.0997,-3.266,-4.1452,-1.0521,9.0363,-9.1004,1.2403,0.2056,-13.2991,2
1.2894,-12.2591,-5.1363,-4.3078,-0.2715,8.2241,-7.3502,0.0684,-0.1599,-13.2684,2
0.1023,-12.9943,-7.5601,-5.5207,-2.1355,6.9922,-11.1187,2.7398,1.7552,-16.9526,2
2.8142,-12.5023,-7.5631,-2.9436,-1.9901,6.8264,-8.3404,2.1519,3.5777,-17.2868,2
1.6831,-10.744,-6.6021,-4.5001,-2.792,6.4469,-5.9981,0.4677,3.7356,-13.5971,2
3.4251,-10.9083,-7.9163,-6.2809,-0.7386,8.837,-7.6024,1.5301,1.5597,-11.9076,2
4.5031,-9.7789,-2.8617,-0.9432,-0.283,9.4031,-7.3873,-0.4489,1.9177,-12.5964,2
2.0709,-9.926,-6.0004,-5.2934,-1.2791,10.5129,-8.8862,0.5569,3.2659,-12.9177,2
2.8593,-10.2898,-7.8093,-5.2078,-2.3246,9.2599,-8.7694,0.2255,3.8086,-13.0382,2
2.9206,-12.368,-7.4652,-6.2094,-1.107,7.2621,-9.7528,0.2356,4.3384,-12.2133,2
3.2735,-8.9169,-9.2542,-1.1933,-0.2792,8.7095,-10.3468,-0.2301,3.6865,-12.6584,2
4.3582,-11.9079,-7.6304,-3.7163,-0.1631,8.5601,-6.7876,0.4767,2.7714,-12.6006,2
5.1844,-12.8391,-7.9127,-4.479,3.4205,8.1631,-9.1925,1.3546,4.2378,-13.3518,2
5.1021,-12.6061,-7.3848,-2.2654,-1.3015,6.6616,-10.9936,-0.7894,2.7756,-12.9054,2
2.862,-10.2377,-6.8913,-2.1733,2.5099,7.9664,-8.2899,1.0246,2.9805,-12.6266,2
4.0738,-11.5218,-4.2608,-3.7066,-1.8951,12.2201,-9.1841,0.8094,3.0356,-13.8013,2
4.0286,-12.0827,-5.3408,-6.6467,-3.265,11.2939,-10.8941,-2.5129,0.9253,-10.9964,2
0.6678,-12.2489,-8.4229,-4.4203,-1.9719,7.8341,-6.2256,-1.3716,2.6192,-13.0986,2
1.8853,-10.0853,-6.8354,-3.4477,-1.4799,5.4795,-7.0506,3.5327,2.5073,-14.9534,2
5.6146,-7.9796,-6.4889,-4.3372,-1.4378,6.0435,-9.4465,2.9994,2.5194,-15.1665,2
4.1006,-11.816,-6.3353,-5.9124,-2.8728,9.6618,-8.836,-0.7371,2.9517,-14.5172,2
2.1799,-9.0691,-5.0613,-4.0411,-1.1014,8.5427,-8.2793,-0.7722,4.0662,-13.0761,2
2.961,-11.5469,-4.974,-4.2349,-2.3662,7.9784,-7.856,-1.9888,2.2393,-12.0006,2
3.1033,-10.406,-4.6055,-2.6707,-1.978,8.3597,-7.6526,1.8362,2.6404,-13.6868,2
3.7571,-8.7648,-4.6343,-2.9691,-2.9359,8.143,-9.3432,2.5548,2.4141,-11.7263,2
2.4995,-11.5515,-5.5135,-1.6569,-1.6356,4.7111,-11.3561,0.874,0.5602,-14.9048,2
3.3741,-14.4892,-6.8052,-5.7564,-3.5667,7.352,-10.6136,1.1313,4.5672,-14.1531,2
2.4614,-11.4365,-7.8979,-5.9423,-3.7862,6.561,-6.5618,-0.6086,-1.64,-14.4871,2
0.97,-10.726,-6.3082,-3.9253,-1.379,7.9962,-11.1936,0.3151,4.3008,-10.886,2
2.9986,-11.0096,-5.485,-1.7693,-2.0473,9.5943,-10.244,0.9218,4.2283,-15.5428,2
2.5679,-9.383,-5.3114,-2.4552,-0.0452,8.0436,-5.711,0.6324,-1.8111,-14.03,2
2.6518,-9.6223,-6.9124,-2.3607,-0.4808,7.0551,-9.2203,-0.7363,3.0496,-14.7787,2
3.4672,-11.2236,-6.464,-0.9327,-1.8586,5.6536,-7.486,1.939,-0.196,-14.6578,2
4.0093,-10.0289,-6.2427,-3.9824,-2.7258,4.9555,-5.9355,-1.026,3.0372,-13.8448,2
4.7014,-10.6428,-6.0055,-7.9606,-2.5679,9.6722,-8.0278,-1.0004,0.4054,-13.4166,2
-1.0046,-12.5382,-3.5954,-1.8415,-0.587,9.0163,-11.935,-0.684,2.3297,-14.6856,2
2.8302,-8.8663,-7.0484,-4.5206,-0.2086,6.4261,-10.2701,-0.6796,2.8558,-14.1239,2
2.8856,-11.8125,-7.8419,-3.0954,-1.8246,9.4838,-10.6772,-0.5708,2.4407,-13.7983,2
4.4871,-11.4609,-5.1155,-3.4467,-1.4782,7.1283,-7.8745,-0.9625,2.7405,-13.6874,2
3.0449,-11.3992,-7.4688,-6.4345,0.7878,7.8177,-9.202,0.2257,4.4158,-10.7067,2
3.5954,-11.0507,-7.9208,-6.1745,-3.9789,7.3615,-12.1461,2.0453,3.4071,-13.9839,2
5.0197,-12.4219,-7.4656,-6.9098,-0.1564,7.3398,-8.9862,1.9309,4.8287,-13.6502,2
3.9319,-12.171,-3.7106,-4.2584,-1.1975,7.945,-7.2109,0.7264,3.9138,-13.0756,2
3.025,-9.421,-5.7177,-5.4506,-2.8017,8.7785,-7.6486,2.8862,0.1066,-13.568,2
4.0901,-10.3717,-4.7217,-3.0258,-2.7962,7.0331,-8.5411,1.9128,2.9876,-15.9734,2
1.7848,-9.7779,-6.7586,-3.8322,0.2802,6.752,-9.6312,-0.3573,3.3055,-12.4472,2
1.1352,-10.8235,-4.9317,-6.7913,-1.4145,6.7316,-9.9721,-3.3305,4.8615,-14.1402,2
2.1448,-10.3228,-7.7991,-5.715,0.9476,11.2683,-9.8979,2.0281,3.3065,-15.7272,2
1.9634,-8.4885,-8.3759,-0.5876,-2.1749,10.9265,-9.4681,1.6269,4.865,-11.5216,2
2.479,-12.1013,-6.3575,-5.9599,-0.959,7.3241,-7.3857,-0.4281,0.159,-11.5051,2
3.6306,-10.7715,-4.5941,-2.7018,-2.4607,7.8806,-10.6792,-1.7696,3.6403,-13.0182,2
4.4968,-8.8928,-5.0739,-2.714,-4.4348,8.0948,-7.5629,-1.3253,2.9099,-12.8273,2
4.0199,-10.262,-5.3373,-3.738,-3.5123,9.3157,-8.5827,-1.7476,4.842,-12.8057,2
1.2851,-12.041,-7.0817,-4.8563,-0.8783,7.0908,-7.3176,1.9957,3.7014,-13.5401,2
4.7618,-11.2291,-7.3224,-2.224,-0.8416,7.5292,-9.6364,-0.6776,5.8057,-13.6003,2
3.5922,-9.7334,-8.0587,-2.3643,-2.2297,11.3003,-9.4788,1.9835,-0.9728,-15.3692,2
2.9152,-13.8614,-5.3343,-3.5397,-2.8041,8.5313,-7.8001,-2.7275,0.8622,-14.1091,2
3.3912,-10.9031,-4.9017,-3.2933,-0.2729,6.4705,-8.7926,-0.0337,4.9655,-13.3449,2
2.352,-9.5364,-5.3907,-5.2415,-1.8406,8.0581,-7.1686,0.7319,3.8626,-14.3464,2
3.8578,-8.8601,-6.7773,-3.8364,-3.3629,7.4069,-9.5115,-1.1642,4.7554,-14.8635,2
4.5358,-10.5349,-6.1894,-1.7799,-4.7088,8.261,-10.6304,-2.5151,0.9803,-13.5806,2
2.2676,-9.4703,-6.5564,-4.4963,-1.7983,8.4075,-9.6375,-0.8498,4.2562,-14.5426,2
2.7803,-10.1711,-5.7575,-5.3493,-0.1854,9.3618,-8.7428,-0.2199,2.1623,-13.9092,2
1.5078,-10.8741,-4.8975,-2.6946,-1.8892,10.1514,-6.1509,-0.0473,3.8097,-17.0007,2
1.4684,-10.6785,-7.7458,-0.9503,-0.4211,10.004,-9.0533,-1.0778,1.9942,-13.2249,2
2.3987,-9.8084,-5.1685,-4.0017,-4.0564,11.1275,-9.3288,4.4909,3.7512,-13.9214,2
4.0273,-13.8441,-4.6964,-0.1587,-4.4518,8.1242,-9.1678,1.7399,5.9314,-13.0322,2
6.5683,-10.5595,-5.5585,-3.5168,0.5125,7.9218,-7.7824,-1.4192,2.3457,-14.5616,2
3.4875,-11.2893,-4.5375,-5.3271,-3.9149,6.5194,-7.5185,-1.0273,3.3692,-14.0487,2
4.592,-11.1613,-2.0891,-1.162,-1.7907,7.8771,-4.3113,-1.1912,2.6899,-13.5728,2
3.3521,-13.4233,-5.4908,-5.4647,0.8361,6.3713,-8.9206,-2.8971,-0.4591,-14.8655,2
2.3083,-8.6166,-6.2965,-2.0705,-1.8876,9.4644,-10.098,-0.7632,0.0412,-13.1029,2
3.7487,-9.6492,-5.9133,-0.9699,-1.0539,10.043,-9.496,-0.9357,3.849,-13.7402,2
4.6037,-10.2858,-7.4252,-2.3976,-2.6247,9.4933,-7.0874,-0.1499,4.5064,-13.0101,2
4.6335,-12.0703,-5.9142,-6.1213,1.2491,5.5343,-9.5419,-0.9705,3.7845,-10.7206,2
4.338,-6.3733,-8.3026,-5.9609,-2.6576,8.7371,-10.5502,-0.7005,3.7032,-15.4652,2
1.6558,-11.413,-6.6923,-2.4941,-2.6689,7.4749,-8.1373,1.6291,4.9155,-12.9028,2
3.5511,-9.9526,-6.6368,-4.4213,-3.9791,9.8954,-8.6926,1.5926,-1.4513,-13.6771,2
2.0718,-8.5631,-5.3143,-3.6578,-1.9658,9.1511,-10.4021,0.2774,1.9049,-10.2068,2
5.5605,-9.2206,-8.4711,-2.7129,-1.0364,10.3905,-8.5262,0.417,3.1231,-16.3149,2
2.2045,-10.2552,-4.5266,-4.8349,-1.3791,6.1538,-6.8208,2.0976,3.7506,-12.9963,2
5.6844,-12.0227,-7.6054,-2.4169,0.1736,6.765,-9.8068,2.9607,3.3899,-12.4257,2
1.617,-9.8302,-8.365,-6.9789,-0.2277,10.7069,-9.3905,-0.3928,5.3387,-13.8987,2
3.2569,-8.2742,-6.766,-4.9902,-0.0946,7.4875,-9.2267,-1.5517,3.0505,-13.5043,2
4.8076,-9.5293,-5.4084,-3.4178,-1.4278,9.4696,-10.6783,-3.0964,4.5153,-12.5952,2
3.1651,-9.2033,-7.3329,-5.0674,-2.5841,9.4067,-11.3842,-0.7234,3.207,-15.4127,2
2.3651,-14.1325,-5.327,-5.0409,-2.9668,6.6127,-9.6371,-1.9432,5.686,-17.1836,2
2.6797,-10.6548,-7.3987,-3.6909,-2.5173,10.8504,-10.6881,-3.0998,0.8247,-13.0267,2
3.1787,-9.687,-5.483,-4.9636,-2.0515,7.9773,-6.1833,1.4633,5.61,-12.3453,2
3.2602,-12.3442,-5.9334,-4.1004,-1.4584,8.2416,-12.0885,2.3183,2.6968,-15.7279,2
4.0782,-12.0989,-5.3924,-2.6867,0.2116,8.3139,-9.6305,-0.5113,1.6886,-13.6323,2
3.0416,-12.0531,-7.9513,-4.1723,-1.9692,6.8432,-7.7639,3.0852,4.2163,-14.6868,2
3.2802,-8.5045,-7.9962,-2.8353,-3.49,11.0813,-9.6553,3.7706,5.3645,-13.7661,2
2.2765,-10.523,-6.5059,-4.6115,-3.8051,7.7834,-10.6755,1.2545,4.259,-12.4955,2
3.8691,-12.0945,-5.9276,-2.82,-2.1973,8.7338,-9.228,2.9206,4.0498,-12.6927,2
0.7805,-10.5559,-6.4682,-4.2546,-3.663,6.9236,-9.1118,2.0986,1.8867,-14.2064,2
6.0272,-11.2604,-6.4288,-4.182,-3.3362,9.413,-9.9891,0.3819,3.439,-10.6927,2
1.3789,-9.5177,-4.9326,-4.9665,-0.4186,11.0204,-10.1572,0.7892,3.3796,-12.8052,2
4.5095,-10.5657,-5.4655,-5.3764,-1.0719,7.8408,-10.8545,-0.3367,3.1766,-12.9528,2
1.4529,-12.2217,-5.1487,-3.2469,0.0128,10.607,-8.203,-0.1952,2.9447,-11.1166,2
7.5023,-10.1205,-5.4323,-2.9206,-1.2822,10.3011,-7.4977,0.9586,2.2954,-15.8875,2
4.4542,-10.4959,-7.3423,-5.704,-0.3258,6.1534,-8.5603,1.6924,3.5973,-14.1926,2
1.4815,-9.9347,-4.4349,-4.8682,-0.5575,10.9276,-8.5015,-0.1683,4.3337,-14.7128,2
1.4083,-9.5967,-6.8449,-4.4839,-2.2583,7.8461,-6.9052,2.9208,5.4649,-11.9713,2
4.055,-12.9636,-6.5169,-0.774,-1.9713,10.8265,-8.9272,-3.5902,3.7332,-11.7071,2
3.2821,-8.9656,-8.7374,-6.0875,-1.0106,9.271,-6.9749,1.3854,0.982,-13.2869,2
4.2567,-13.6265,-6.3011,-4.5125,-2.2999,9.3034,-10.7343,1.0524,3.6117,-11.9808,2
1.6705,-13.073,-5.8173,-4.4386,3.0361,9.243,-8.9225,0.1678,0.9453,-12.7607,2
3.2369,-10.9327,-6.094,-3.6773,-3.9268,9.8108,-10.2795,0.22,4.7013,-10.9373,2
0.8048,-10.7698,-5.8263,-6.2704,-0.114,8.7297,-8.7185,-0.9493,3.3918,-12.3492,2
3.5465,-11.5861,-6.8898,-3.6786,-1.2447,9.9125,-9.7302,-1.4005,3.3115,-14.3228,2
4.5311,-10.8039,-5.2534,-5.5306,-1.1028,7.5064,-10.8403,-0.8646,1.9557,-11.7394,2
2.4992,-12.7225,-6.0384,-3.9654,-2.056,8.3134,-7.5454,1.4331,3.6488,-15.382,2
7.6854,-9.2383,-5.4601,-5.7556,0.1037,7.8036,-9.3012,-2.0941,0.9102,-12.9487,2
4.8649,-9.7878,-5.2594,-4.1063,-1.928,8.9886,-7.7777,0.4343,4.5878,-13.9291,2
1.8852,-10.8307,-6.0767,-4.1322,0.6031,9.7632,-11.1562,2.7286,-1.3397,-10.38,2
2.9246,-11.0995,-6.3257,-3.4313,-1.3183,8.3552,-7.0464,1.2754,1.3342,-12.4955,2
4.1417,-11.6331,-5.0475,-4.2455,-1.6504,8.1819,-12.652,-0.363,3.8422,-13.6401,2
1.4278,-9.3682,-6.6836,-5.8415,1.9911,6.9755,-7.6905,-0.7269,2.9762,-14.9598,2
1.4966,-10.0319,-5.6277,-2.2922,-1.3695,11.8858,-8.6073,1.2772,0.7348,-14.5276,2
4.1351,-10.9415,-5.9541,-5.2339,-1.135,8.7331,-10.7804,1.3909,0.2223,-13.3301,2
6.004,-9.7944,-5.2242,-5.3553,1.3357,10.6204,-10.2752,-0.2851,4.6544,-10.9123,2
1.4586,-12.3208,-6.4513,-7.2658,-1.2893,10.3339,-11.1677,0.6177,1.8998,-11.1466,2
2.5009,-8.5367,-7.1318,-2.8524,-0.94,8.3479,-10.1956,0.9117,2.1116,-14.6411,2
5.5647,-9.9939,-5.2702,-4.5965,-1.5969,8.1824,-8.5039,1.3897,2.7271,-14.7955,2
4.4964,-10.7651,-8.3969,-7.2121,-0.8711,7.3111,-8.3632,-0.7364,2.9722,-14.1741,2
5.9835,-9.3897,-4.2147,-3.9731,-0.0844,8.6928,-6.8054,0.3182,0.6762,-16.6044,2
5.8581,-10.0974,-5.4193,-1.7747,-3.7955,8.0174,-9.3639,1.5404,1.7335,-15.4085,2
1.5401,-9.0911,-7.3495,-4.8372,-0.3662,7.5069,-11.5672,-1.9455,2.6872,-12.8605,2
3.0522,-10.1695,-8.6549,-6.3271,2.063,10.4045,-7.8563,-0.5626,2.4154,-13.609,2
5.3271,-10.211,-5.4468,-4.2606,-0.1289,9.0088,-8.9438,-0.6876,2.6021,-15.2258,2
3.2954,-10.6818,-9.8424,-4.3547,-3.0817,9.3032,-8.054,-0.2125,3.596,-12.7199,2
3.011,-8.5138,-7.3233,-1.8021,-1.6557,7.2903,-9.5371,-1.2221,3.9493,-16.0106,2
5.44,-12.219,-4.9807,-3.9728,-0.9117,7.6702,-8.4806,0.6295,0.5856,-15.0502,2
2.5442,-11.9477,-4.3564,-3.9986,-2.4859,7.8191,-9.7665,-0.005,1.1594,-14.8274,2
4.5055,-10.5372,-6.4642,-4.0052,-1.3862,8.2416,-8.2341,1.0918,0.4148,-13.8038,2
1.0969,-9.8618,-5.0842,-4.9253,-1.493,5.3881,-7.5506,1.4915,4.4976,-11.3767,2
1.5194,-9.4831,-4.0167,-6.251,-1.5747,8.0102,-7.7266,-3.1639,5.4964,-13.7753,2
4.7297,-10.9055,-5.4975,-7.4913,-1.8952,9.8269,-8.5767,-2.0282,2.8646,-14.8346,2
1.9975,-13.0962,-5.3076,-2.3396,1.8623,6.3442,-7.8587,1.6768,1.9017,-14.9829,2
1.727,-11.6062,-5.9317,-1.969,0.3401,6.1322,-10.1931,2.3765,1.6758,-13.6919,2
0.7977,-9.0856,-9.1048,-6.4734,0.2583,11.4354,-9.4457,0.3567,4.1349,-13.1723,2
2.7958,-11.5434,-8.5859,-3.6597,-1.4558,7.8985,-10.5125,-0.9238,3.7,-12.284,2
2.8649,-11.4639,-7.5161,-2.6039,-1.2714,9.1071,-8.4721,-0.0345,1.0244,-15.1007,2
5.0474,-11.9037,-6.8512,-5.7107,-3.142,7.4015,-6.4772,1.4141,1.9823,-11.9822,2
3.1271,-8.7837,-2.9181,-2.4669,-1.1761,9.6042,-8.9872,-2.327,1.7905,-15.0339,2
2.3404,-8.1247,-4.5524,-3.3478,-0.0994,5.7171,-7.9175,1.8365,-0.5872,-12.4586,2
1.2195,-13.7702,-4.2462,-5.5197,-2.3918,10.0397,-9.4676,0.1568,2.4693,-13.0851,2
3.0161,-10.644,-6.991,-3.4814,-0.8471,11.4021,-9.5817,0.1508,3.1307,-12.1598,2
1.7182,-10.6598,-9.9974,-4.4164,0.2912,7.4661,-8.7445,-0.3663,1.4833,-12.1493,2
1.7877,-10.3757,-5.7731,-5.2868,-1.0844,7.1529,-8.2271,-1.5454,2.263,-13.9856,2
5.025,-10.6051,-4.8031,-3.1771,-0.4954,8.0574,-7.4784,-0.1072,0.1777,-13.9287,2
4.0358,-13.2251,-7.5633,-5.855,-0.1378,11.0646,-9.3243,1.2243,3.5307,-11.2758,2
2.3768,-11.145,-6.7468,-3.8961,2.4386,8.6015,-10.2919,-1.3047,4.6514,-14.8954,2
4.351,-11.8347,-8.1357,-3.1013,-2.264,9.1934,-8.2609,1.2464,2.3702,-12.5772,2
1.9718,-14.4963,-5.1753,-3.7608,-2.233,6.3485,-12.0647,0.5046,5.2456,-13.8143,2
2.8136,-10.8517,-2.9669,-2.8813,-2.7183,8.5974,-8.5111,-1.1575,3.9111,-14.8332,2
1.0892,-10.701,-6.3589,-4.0107,-2.4649,7.6176,-7.3171,1.0887,1.3373,-16.5325,2
1.984,-10.5792,-7.1836,-5.0736,-2.2016,8.4462,-7.8328,0.4264,2.8653,-13.9438,2
2.6066,-9.4738,-5.1221,-0.9412,-0.4021,7.8077,-10.3668,1.8565,1.55,-12.3919,2
2.2157,-10.2914,-7.8253,-2.8393,-3.1684,8.9647,-9.3065,0.5797,2.1787,-14.2354,2
3.5878,-12.3184,-7.7477,-4.547,-1.9141,7.0472,-7.6235,-0.0747,2.4324,-15.5978,2
6.463,-7.1746,-7.4063,-2.17,-1.4556,10.9609,-8.5054,0.5767,-0.9765,-14.9244,2
3.3864,-10.5172,-8.0579,-5.1023,-0.4877,6.4805,-8.8092,2.284,3.3506,-13.1033,2
0.3254,-12.0481,-3.1544,-4.9079,0.5788,7.639,-9.4265,1.2004,2.9235,-13.0342,2
2.128,-12.5196,-7.5645,-4.8076,-1.6618,10.1112,-8.8788,1.1539,2.9848,-15.2796,2
3.3815,-10.619,-5.0958,-5.612,-4.3785,8.8197,-8.479,0.158,2.8145,-12.2883,2
2.6674,-11.2331,-6.1171,-5.8389,-1.5457,8.4597,-6.5542,-0.0201,3.0725,-12.2286,2
2.0994,-8.7516,-3.5899,-4.0525,-2.127,10.996,-7.8163,0.55,4.9127,-11.625,2
2.8512,-10.4421,-5.3705,-3.966,-3.4042,7.1479,-11.0472,1.1664,0.9959,-13.3179,2
6.1034,-8.6735,-8.9918,-5.9272,-2.4827,6.8017,-11.4905,0.4108,3.8301,-12.1754,2
2.6439,-11.223,-5.7021,-4.1719,-0.102,9.2008,-9.5742,-2.3579,5.021,-14.6356,2
3.8919,-13.6901,-6.2526,-3.8588,-1.095,13.076,-9.9565,1.658,3.5573,-14.6244,2
4.5641,-11.0617,-4.9228,-1.0677,-1.0917,8.1336,-7.4325,2.522,1.4476,-14.2859,2
4.3687,-11.0132,-7.6672,-3.1981,-0.3107,8.0537,-8.9178,-0.4378,1.1296,-14.3521,2
3.4665,-13.0278,-6.8717,-3.8774,0.4741,8.0864,-10.8786,0.1125,1.9226,-12.7782,2
2.8487,-14.881,-0.6982,-3.7956,-1.1841,6.2432,-11.2066,0.2891,3.2767,-12.5533,2
3.7117,-12.5941,-9.9924,-4.1595,-2.1189,6.6614,-7.7677,-1.9363,3.6979,-15.7217,2
3.5567,-9.4142,-6.7426,-1.4743,1.5589,8.911,-8.1977,2.0181,3.5891,-12.9506,2
2.5695,-13.3462,-8.3208,-0.4356,-0.8342,8.1868,-7.1148,-0.6972,3.6471,-13.4907,2
4.0456,-11.3198,-7.6827,-5.2435,-2.4937,8.5508,-11.344,-1.4441,2.9757,-13.798,2
3.6409,-10.8827,-2.4572,-3.819,-1.8865,8.707,-7.4799,0.3526,3.7995,-13.0124,2
2.92,-10.6489,-3.8373,-3.6445,-2.7969,8.076,-12.1812,0.6331,4.7405,-15.6186,2
3.5802,-9.337,-4.599,-2.0894,-4.1203,9.3127,-11.2681,-1.0705,4.0041,-13.3694,2
4.4451,-12.2089,-4.0253,-2.9766,0.016,6.935,-7.2527,-0.0472,1.8556,-12.6683,2
4.2304,-12.0854,-3.1512,-1.2876,-0.4103,9.2009,-8.5151,-1.898,2.9416,-13.4572,2
2.4916,-11.2792,-9.8076,-5.6551,0.0648,11.1521,-10.4249,0.7013,4.42,-14.3868,2
4.37,-10.8659,-4.4501,-5.9328,-2.9748,8.9746,-8.8655,0.3425,3.6362,-15.0025,2
1.3014,-11.5653,-6.8181,-4.4348,0.5857,9.7109,-8.2099,0.76,2.1212,-14.8874,2
1.5599,-11.8569,-6.3,-5.7416,-1.0636,8.2636,-9.6057,2.1693,-0.9185,-14.1821,2
-0.1731,-10.4573,-5.0924,-6.0358,-3.1525,6.0078,-8.9143,-0.0841,2.3545,-14.1584,2
1.8952,-9.1174,-5.8271,-5.7861,-2.3687,7.2472,-6.9009,1.4939,2.5827,-11.0457,2
5.5337,-11.1613,-6.8515,-4.5527,-2.747,11.1562,-10.5194,1.7295,3.8083,-14.0638,2
6.0707,-13.1538,-6.3552,-4.7427,0.123,9.0856,-11.6007,2.2863,3.5006,-15.1597,2
2.8311,-12.765,-6.4919,-3.784,-1.8199,7.8796,-11.4289,0.9329,-0.1142,-13.5599,2
0.6569,-10.7394,-6.2448,-3.4041,-0.0245,10.1267,-11.4249,0.3397,5.7888,-13.4278,2
2.1086,-10.9347,-6.8112,-5.7738,-0.0142,9.4318,-11.0116,0.2871,1.9227,-16.0089,2
1.2334,-12.7141,-6.3233,-4.6961,-2.7567,7.9675,-7.8885,0.9621,4.2752,-13.949,2
5.7594,-10.2931,-6.969,-3.8697,-3.19,8.096,-8.3648,1.3445,2.1572,-9.5057,2
3.0973,-13.3328,-4.4158,-3.0985,-0.9704,7.8579,-8.4198,2.8556,3.0749,-15.8115,2
-1.8244,-10.2383,-7.7145,-4.1587,-2.5315,7.2339,-10.1577,-0.5853,3.9368,-12.746,2
1.5436,-12.4228,-5.667,-2.4304,0.2378,7.0509,-7.5258,-2.2374,2.4681,-12.8759,2
0.2374,-7.6759,-4.2456,-3.0386,-2.7654,8.4531,-7.8242,-1.257,2.5017,-12.2409,2
1.1137,-10.3165,-8.8678,-5.4249,-2.0748,9.3256,-10.061,0.6154,1.7416,-14.4024,2
5.2316,-12.5405,-5.0969,-4.0107,-2.1812,6.729,-10.7291,-0.6809,2.5474,-12.7012,2
2.9052,-11.1652,-6.3616,-3.294,-0.3507,6.4748,-9.4329,2.2681,0.7983,-13.495,2
3.0993,-11.6652,-3.8495,-3.9539,0.9488,8.5637,-8.3194,-0.4388,1.9233,-12.9925,2
3.9971,-9.9182,-5.6706,-6.0138,-2.5275,9.8302,-11.9475,0.8659,2.6046,-12.3321,2
3.9805,-11.8112,-7.2997,-4.7933,-0.4478,5.102,-8.7737,-0.8975,3.0587,-13.0897,2
0.8621,-11.1555,-6.0023,-3.8772,-1.5012,6.7239,-10.6127,-1.64,3.6035,-13.7798,2
3.278,-13.3734,-6.2861,-3.0587,-4.0807,7.7522,-11.3653,-0.2034,1.4209,-13.0351,2
3.6094,-8.8779,-6.3168,-3.5014,-2.1545,6.9007,-7.7576,2.2919,3.8309,-13.4096,2
1.8944,-9.1027,-5.3664,-0.9718,-3.0495,9.8491,-8.1861,-0.086,4.8182,-13.003,2
1.9502,-10.9927,-7.6589,-4.7119,-0.2622,10.0392,-8.678,-0.6981,3.3448,-12.5214,2
0.3974,-10.6405,-6.5209,-2.5786,-0.7394,9.2818,-9.7327,0.4295,4.188,-13.7038,2
3.6176,-13.1191,-6.3385,-7.0271,-2.0921,8.6506,-7.8592,-1.0717,3.333,-11.4037,2
2.3945,-13.1358,-5.8009,-5.7971,-2.5464,9.9403,-6.1944,-1.074,1.6663,-14.2663,2
2.5339,-7.9152,-7.0315,-4.5908,1.1064,9.4203,-7.5309,-0.9321,1.9772,-15.1661,2
4.5575,-8.9773,-7.1353,-4.5555,-1.7986,6.2344,-10.0205,1.5869,1.4593,-13.467,2
1.3936,-11.0312,-7.0806,-5.8417,-0.1323,9.8252,-10.4641,0.1028,2.8389,-16.3286,2
1.2599,-8.8858,-7.8334,-2.1219,-3.336,9.5435,-9.4767,0.1709,5.5563,-15.4878,2
4.2478,-9.9849,-1.2038,-5.6248,-2.2569,9.7792,-9.3102,-0.2675,4.2087,-14.0063,2
2.0178,-9.7259,-5.6727,-4.4784,-1.8584,7.1829,-7.9221,-0.1131,1.6177,-15.5348,2
3.9438,-11.5781,-9.2547,-5.814,-1.6683,8.247,-9.3751,-0.1471,0.5587,-14.9183,2
5.1313,-9.2608,-5.3687,-3.2749,0.0392,6.8741,-8.9604,-1.2534,1.1181,-13.0544,2
4.7757,-11.106,-3.7622,-3.6915,-2.4831,6.9252,-7.4826,0.6197,3.7865,-17.5934,2
3.7226,-11.5828,-8.3263,-4.1032,0.3198,11.9546,-8.6466,-0.6367,1.6182,-12.1618,2
1.8603,-9.8815,-5.7951,-3.7345,-3.6701,8.0198,-11.197,-0.4553,4.1481,-11.7599,2
3.6765,-11.6707,-3.8535,-4.8845,-3.0214,9.6,-8.3232,-0.3868,2.9228,-12.9432,2
3.6611,-10.1268,-6.9942,-3.2198,-1.2916,7.8476,-9.3786,0.2802,0.6044,-14.5615,2
3.4529,-12.8417,-7.1655,-0.4322,-3.0118,7.9796,-10.2604,0.2517,1.5501,-13.9714,2
2.2778,-9.2325,-6.1132,-5.5136,-0.0567,7.1179,-11.3559,0.4225,5.6333,-16.348,2
1.3591,-9.6864,-7.1991,-3.0912,-2.5741,8.7682,-6.3931,-1.3649,4.3081,-12.5869,2
1.1217,-9.9768,-6.1265,-3.8725,-0.8131,8.0297,-8.9046,0.7892,3.8915,-15.8972,2
5.2919,-12.5481,-5.0932,-3.89,-3.2396,9.3475,-10.4279,2.0302,1.7062,-15.849,2
5.6564,-10.5432,-4.9349,-5.2864,-4.1556,11.0681,-9.0194,1.1641,3.7573,-14.1096,2
3.6949,-8.4243,-6.2843,-2.596,-4.3048,10.2409,-11.2928,1.9411,3.3584,-13.7504,2
3.2062,-11.1943,-7.4667,-4.3181,1.9942,10.5087,-10.3163,0.8286,2.9164,-13.8199,2
1.8514,-10.1463,-4.9666,-5.26,1.6154,10.8383,-8.1875,-1.4205,3.3746,-13.1835,2
4.1253,-8.4295,-6.4996,-0.9374,-0.7081,8.1196,-5.4107,1.6719,2.0903,-13.4802,2
4.3084,-11.0415,-6.0348,-5.235,-3.8457,8.7149,-8.7997,1.2177,1.9082,-15.6173,2
1.9076,-9.2317,-7.2356,-4.6723,-1.7865,7.6264,-10.0496,-0.8797,4.8734,-12.5863,2
5.2273,-8.6412,-9.7605,-3.494,-2.1972,10.2305,-10.122,-1.1542,0.6214,-14.0605,2
4.728,-10.4309,-8.0396,-0.7802,-0.3436,9.7214,-7.0822,-2.0333,1.4053,-12.372,2
2.1395,-11.2277,-6.3523,-5.9253,-1.8591,9.927,-7.9156,2.0966,4.2873,-12.9977,2
3.8456,-10.4352,-7.1762,-5.5541,-2.3523,8.0662,-9.9935,1.0478,3.0753,-13.1425,2
3.8827,-9.0217,-6.2485,-2.4966,-0.543,10.2497,-6.5878,1.292,2.9281,-13.4605,2
2.6503,-11.5708,-4.8825,-5.4547,1.1043,8.3277,-4.7167,-0.6126,3.1477,-14.1343,2
2.166,-9.2195,-7.894,-5.0233,-0.4384,9.6727,-11.0976,1.2995,2.9658,-14.9831,2
2.1723,-13.8654,-3.6595,-2.486,-3.2516,9.7536,-9.8708,1.7992,2.0283,-14.1515,2
2.9231,-11.8012,-4.1368,-2.6614,-1.153,10.0921,-11.4504,-1.4157,3.4843,-12.5032,2
3.7747,-13.6392,-7.8292,-3.3843,2.3218,10.3821,-6.6438,0.9366,3.2712,-15.1567,2
4.7833,-10.925,-5.1966,-3.9631,-0.8992,8.4237,-8.6728,1.9271,0.8731,-15.8459,2
3.9944,-8.6543,-3.6965,-5.8458,-1.9222,6.3365,-9.8357,2.1113,2.7531,-14.1673,2
4.1732,-12.0078,-3.8462,-3.9982,-1.9206,9.4356,-7.6009,2.821,2.4575,-11.9774,2
3.5074,-11.7323,-7.4009,-5.6546,-2.4304,10.2288,-7.9497,-1.4348,0.1529,-15.2749,2
2.1905,-11.2701,-4.4764,-4.8307,1.2028,6.035,-9.5327,1.6054,4.0432,-14.1101,2
4.8582,-9.5969,-7.2588,-3.5368,-0.2625,7.6395,-6.4683,-0.826,2.9886,-15.4812,2
3.5106,-12.4158,-6.6769,-6.389,-0.1182,9.0897,-7.3787,-0.0947,4.4732,-13.5476,2
3.5253,-7.6441,-6.9627,-2.168,-0.5984,7.6974,-10.9833,-1.1226,4.4684,-11.0049,2
3.4927,-10.5994,-5.071,-3.8992,0.3316,8.9927,-8.8065,-0.6218,1.3545,-18.3451,2
5.2068,-11.0351,-6.8363,-6.9367,-2.2781,7.3977,-10.2019,0.9263,2.9558,-15.6484,2
1.4088,-12.7647,-3.5199,-1.7701,-2.5963,5.5904,-8.8177,0.4974,3.2478,-12.4944,2
4.0331,-12.4898,-5.7946,-2.7284,-2.4039,9.0052,-9.839,3.4213,0.7822,-11.8726,2
0.8494,-8.1256,-7.948,-3.7246,-3.7617,6.5303,-7.6632,1.9693,3.1315,-12.4949,2
4.9229,-11.8414,-8.3341,-4.0297,-2.1837,9.1382,-8.1877,-0.5954,3.8286,-12.6253,2
4.4406,-11.4269,-5.0658,-3.2291,-0.3576,11.072,-8.5181,-0.4834,1.1068,-11.9146,2
3.8915,-8.3102,-9.28,-2.6431,-1.7096,8.025,-10.157,1.7764,3.6927,-15.3201,2
3.603,-9.756,-5.9686,-2.3474,-1.753,5.1737,-8.7297,0.698,3.2392,-11.946,2
0.4269,-11.1729,-7.6196,-5.8212,-1.4263,9.608,-8.5584,-0.6043,2.5542,-12.2116,2
4.3803,-11.6443,-7.1619,-6.5839,-1.962,5.9516,-5.9092,-0.8556,4.4359,-10.8793,2
3.6799,-10.9652,-8.2192,-4.766,1.088,9.0822,-8.9673,2.3952,3.8169,-13.8283,2
3.68,-11.9673,-7.0772,-4.3186,-0.4817,6.6842,-8.8954,-0.1578,1.421,-14.1832,2
-0.1265,-11.9516,-7.8849,-4.429,-4.7376,8.8416,-7.6457,0.2511,3.5206,-14.3756,2
1.0237,-10.8126,-5.2151,-5.9957,-2.0157,8.1846,-4.7327,0.7621,-0.0859,-16.8358,2
4.4513,-7.0876,-6.6571,-4.5204,-0.6717,7.3578,-12.826,1.9829,1.8527,-12.0313,2
2.2141,-10.6325,-4.9534,-2.4036,-0.9684,8.8301,-8.0802,1.1233,0.8357,-15.5146,2
0.192,-9.6654,-6.8293,-2.7788,-0.7123,7.0516,-9.1901,-0.2552,1.8586,-12.2336,2
7.1217,-9.1409,-6.2761,-2.1199,1.2515,6.4667,-7.1725,1.5816,4.5546,-12.3866,2
3.014,-7.7659,-5.7263,-4.6606,-0.5589,10.0139,-8.8676,1.0167,2.905,-14.5966,2
2.1229,-12.9194,-3.9586,-4.3443,-6.4593,9.1501,-8.446,-2.3728,1.5238,-14.9209,2
2.2422,-8.996,-6.459,-4.65,0.3657,9.2983,-11.6213,-0.4979,3.2554,-15.0073,2
6.3999,-10.6459,-7.3657,-5.6936,0.0734,7.5835,-8.4399,-1.3002,2.8777,-14.5603,2
2.8825,-12.0096,-4.6972,-4.7457,-1.5331,8.4126,-6.5914,1.7625,3.9585,-15.9733,2
2.371,-9.0323,-7.9921,-3.8831,-2.9158,7.1079,-6.4886,1.5059,4.2471,-12.4309,2
3.1467,-11.8526,-6.8388,-4.2969,1.3465,6.5507,-9.8403,-0.9424,4.3574,-10.8258,2
3.8188,-10.2287,-6.0987,-3.3529,-0.1582,9.1937,-8.2615,1.5902,0.105,-13.6035,2
3.8134,-10.191,-6.492,-3.768,-2.3978,5.893,-7.5351,-1.2745,2.5318,-14.7302,2
5.7361,-10.9347,-6.7013,-2.8873,1.9168,9.1638,-9.5759,1.4719,0.4134,-13.5368,2
6.3465,-10.5786,-6.074,-3.9782,-1.9111,9.027,-7.8469,-0.0707,-0.9637,-12.9081,2
6.5553,-11.3796,-8.4424,-2.993,1.2978,9.3493,-6.4227,1.6175,3.8327,-14.3835,2
3.7837,-10.8594,-6.3313,-4.3899,-0.9795,6.6108,-7.7922,-0.8896,2.397,-13.1106,2
1.9647,-13.7649,-6.8102,-6.1558,-0.2494,6.825,-6.7821,0.4183,2.8612,-16.5774,2
3.5729,-10.9355,-8.1843,-3.8782,-1.9148,8.2301,-8.971,-0.2801,3.1421,-13.7363,2
4.0647,-11.6082,-7.833,-5.0724,0.8461,9.9892,-7.1897,2.3511,2.073,-13.1628,2
3.4693,-9.8259,-6.6694,-3.8697,-1.2095,9.3537,-8.0262,0.5675,2.9584,-13.2676,2
5.8254,-13.4102,-7.6902,-2.9986,-0.9132,8.9494,-8.0085,0.748,1.9335,-12.6633,2
3.3869,-11.4865,-5.2001,-3.0326,-0.9958,11.131,-7.0195,1.9298,6.622,-13.8262,2
2.6584,-9.5246,-6.6146,-3.9913,-2.7968,9.4653,-11.2163,0.2824,2.7494,-14.2605,2
0.7198,-13.4621,-7.3549,-3.2006,-0.8845,8.5306,-10.3367,0.9387,0.0739,-17.2013,2
2.991,-11.6343,-4.7159,-3.7722,1.1582,7.733,-8.2796,0.0486,4.845,-13.9126,2
4.6372,-12.4316,-6.8585,-4.1352,0.5772,5.2595,-9.5088,-0.1227,-0.343,-14.3025,2
1.0446,-14.3112,-6.6291,-4.4534,-1.6853,8.9346,-10.3289,3.1133,2.7225,-11.6768,2
0.8357,-12.067,-5.2062,-4.349,-2.9277,5.7973,-7.91,1.4044,3.1374,-14.3503,2
1.686,-10.8947,-8.2086,-5.1365,0.574,5.779,-7.9935,2.6683,3.9968,-13.0092,2
2.6602,-11.784,-9.6079,-3.9536,-1.9213,7.5082,-9.0399,0.5206,1.8191,-11.1869,2
4.4515,-9.4708,-6.3906,-3.2423,-2.6615,9.5547,-9.3164,-1.1059,2.7383,-14.0446,2
6.8402,-10.1621,-3.8661,-2.3122,-1.2612,7.8897,-11.6201,-0.8794,3.7666,-14.0597,2
3.9193,-13.8606,-5.5554,-2.3644,-3.9815,9.1126,-6.9945,2.9472,2.0172,-12.4366,2
5.5003,-10.2131,-4.308,-4.0629,-0.7264,7.6229,-9.2567,1.0776,1.7275,-13.9419,2
4.4969,-7.7363,-9.3098,-1.0443,-1.7077,10.0026,-7.2681,2.7738,1.6805,-13.9444,2
3.2752,-11.3513,-4.2575,-4.1244,-3.7457,7.6058,-11.3774,0.0845,3.7813,-14.5882,2
2.751,-11.2273,-6.0245,-3.235,-0.107,11.9386,-8.8245,1.5307,0.3911,-14.1753,2
2.95,-12.3412,-7.0396,-4.1704,-2.0749,12.458,-8.2414,3.4286,5.0114,-14.5654,2
3.4119,-11.4674,-6.4784,-5.4738,-1.9802,9.0946,-8.5101,0.8071,2.6829,-12.3154,2
2.97,-8.7279,-9.0071,-3.0239,-0.5853,7.5434,-9.5426,1.1242,4.1463,-16.2307,2
4.298,-11.5017,-4.5477,-6.7681,2.35,7.2261,-6.8648,0.3233,1.5444,-13.2088,2
4.8993,-13.1442,-5.1833,-4.0274,-0.4523,8.5717,-9.8676,-1.2427,3.7814,-12.6056,2
4.349,-10.1738,-4.8186,-1.9,-4.1325,5.0426,-6.4329,-1.5845,1.1431,-14.0379,2
0.8746,-11.3876,-7.6578,-4.3592,-0.8981,8.04,-9.6009,0.814,4.3389,-11.202,2
3.0278,-8.0779,-4.9206,-5.8572,-3.2097,7.6893,-6.8429,-0.325,-0.0661,-13.9498,2
0.3847,-12.3977,-7.1162,-3.7846,0.2183,9.5965,-10.7788,-0.1305,2.887,-13.9998,2
2.9516,-13.3993,-7.9648,-4.6136,-5.9577,9.5162,-11.0688,1.4573,3.6708,-14.422,2
4.8564,-9.7004,-6.6991,-4.6418,0.3279,8.9033,-7.4427,-3.1564,2.9202,-15.9726,2
3.3169,-9.7445,-3.627,-5.4164,-2.1065,8.412,-10.4716,1.8949,2.6673,-13.4236,2
4.1566,-9.9918,-14.2748,13.372,12.6847,9.4139,-4.3662,-13.8323,3.2284,-1.7216,3
2.0746,-9.8367,-12.5678,10.251,15.0037,7.4974,-5.8951,-13.0589,4.6991,0.7455,3
3.7052,-8.5272,-12.822,14.3966,14.595,9.6336,-4.2009,-11.8351,8.9547,-0.3546,3
1.517,-10.1491,-12.4528,13.5333,14.9993,10.4474,-7.901,-10.1482,4.7818,-2.6893,3
2.3277,-8.6714,-13.4491,12.4712,13.333,6.5599,-7.1248,-13.9292,5.1232,-0.7991,3
4.0572,-7.9992,-11.4975,12.6737,13.9976,9.2031,-9.0882,-13.8957,5.2761,-2.0548,3
3.9948,-9.1888,-15.7045,14.2445,14.2368,10.187,-4.2613,-12.2842,7.3954,-3.1295,3
1.8077,-9.2411,-13.6016,13.859,16.9584,9.8422,-5.5433,-13.3737,2.977,-1.9042,3
4.8267,-10.3687,-12.4463,15.6063,16.0712,9.8951,-5.6064,-14.3478,4.5817,-2.2166,3
1.9478,-9.5116,-10.181,15.7432,14.3348,10.4211,-6.9545,-9.8737,3.184,-0.4262,3
3.9697,-11.0181,-13.3616,11.7652,12.3315,6.8653,-4.7103,-10.2618,2.2843,0.962,3
3.2083,-9.4495,-15.2571,15.4478,14.2693,10.9602,-4.0303,-10.0675,4.5546,-2.1074,3
2.3088,-8.5416,-12.5491,15.0703,15.6381,6.661,-3.8354,-10.6435,4.9732,-1.2707,3
3.0408,-8.9602,-13.6055,14.185,14.0699,8.6036,-5.5764,-8.0101,4.4987,-2.1703,3
2.2242,-10.7291,-11.8248,14.5404,13.9602,10.7914,-4.6714,-12.3133,3.2262,-0.5508,3
3.4808,-9.8509,-13.7475,14.5835,14.4917,8.8967,-7.6998,-10.4679,6.4343,-1.4123,3
-0.7588,-9.9411,-13.4103,12.5388,15.1003,10.3242,-5.2063,-10.513,3.9935,-2.4759,3
3.3385,-10.8173,-11.9577,12.6833,15.9165,7.8552,-2.6636,-9.0259,5.3849,-0.0762,3
2.6257,-8.3643,-13.3124,11.5384,8.6697,8.8489,-5.443,-10.0744,5.5819,-0.2911,3
2.5454,-10.3902,-11.4674,9.7696,13.9884,8.652,-3.8207,-12.8622,6.3019,-0.4131,3
0.9875,-10.0933,-13.6959,14.886,14.9816,8.9021,-7.4327,-10.5126,5.4255,-4.223,3
0.9278,-9.2278,-14.9622,16.256,12.5634,9.2514,-5.6229,-13.1639,2.1673,-1.5091,3
2.0965,-9.7095,-13.2319,13.8615,16.3118,8.4326,-6.5649,-14.5685,5.2342,-1.1806,3
2.5011,-9.2596,-13.3147,11.5132,14.4369,8.9432,-5.6775,-12.9203,4.5439,-1.5593,3
2.8804,-7.2979,-11.8504,14.2841,13.7027,6.2129,-7.073,-13.0408,5.1145,-1.8455,3
4.2105,-9.4746,-11.3096,12.9987,14.3547,9.7677,-5.493,-10.147,6.7327,-3.7745,3
3.0548,-9.9052,-9.8211,12.9719,12.4952,9.9094,-5.1161,-12.1805,5.1966,-0.3721,3
1.9459,-10.3957,-13.8317,15.1074,14.3972,7.6544,-7.3083,-9.2597,7.1518,-0.5331,3
3.2447,-7.6216,-14.7036,14.596,13.3041,8.8786,-4.7729,-12.2852,4.8749,-2.5382,3
0.2468,-8.7395,-14.5584,16.2542,13.5375,11.2161,-8.5751,-10.9726,7.0098,0.1599,3
0.9343,-10.9384,-12.1837,13.6892,14.409,8.7115,-3.5354,-8.1571,5.683,-1.1153,3
3.3107,-7.9582,-11.8048,11.867,13.0499,7.738,-1.8194,-11.1169,4.6335,-2.8088,3
4.4342,-8.5269,-11.8513,12.8282,14.4277,9.4183,-7.266,-13.4596,6.1449,-1.5007,3
4.0564,-8.6977,-10.7994,12.3027,14.9143,10.3757,-6.3298,-11.887,5.0972,1.3675,3
3.3836,-9.207,-13.4444,12.7471,12.016,10.9017,-4.7089,-12.5215,4.1764,-1.5256,3
2.4798,-10.2173,-14.9438,13.7922,14.3245,10.894,-6.0877,-12.5702,3.1918,-0.144,3
4.5656,-9.8412,-15.0423,11.6448,13.1483,10.6998,-5.4261,-14.3099,6.1333,-3.0541,3
2.443,-8.4267,-11.9002,15.1062,13.9343,10.5765,-6.7408,-12.4562,5.0376,-1.7596,3
1.2966,-10.2218,-10.871,11.8278,11.975,7.3789,-1.8688,-11.3726,5.1216,-1.6929,3
3.5678,-10.845,-13.8243,13.23,12.8818,8.6565,-5.3319,-13.5656,9.4419,-0.6657,3
1.3212,-13.6011,-14.0797,14.4931,14.7047,9.0856,-6.7638,-13.426,4.9231,-3.314,3
2.628,-7.8878,-14.2053,14.3829,15.1141,7.6325,-7.1266,-10.4664,4.1383,-1.8817,3
6.2863,-8.4145,-12.9206,14.7277,13.8851,10.7793,-8.931,-12.2787,2.3975,-1.5534,3
2.8721,-7.8432,-11.9807,12.6774,13.3596,9.823,-6.7204,-12.1184,7.502,-3.0391,3
2.5548,-10.3454,-8.3113,14.3789,15.6671,10.4041,-4.6085,-11.3595,6.0749,-3.9715,3
3.7631,-10.0468,-12.2303,13.3603,15.1137,10.6618,-10.2298,-12.7207,2.7409,-1.437,3
2.7753,-7.8505,-12.7376,12.7383,15.3768,8.7746,-6.6086,-11.4794,7.9464,-0.5151,3
4.0767,-5.7579,-14.1471,12.3345,14.1873,11.5245,-7.2741,-9.438,3.3683,-1.9773,3
3.4865,-11.2082,-13.9803,14.6615,16.1313,6.08,-5.5912,-12.2398,5.6881,-2.2706,3
1.2906,-7.5708,-11.3095,13.3106,13.2365,8.3378,-9.7401,-11.5391,6.6975,-1.5886,3
3.0968,-9.6842,-14.3283,12.7172,13.7195,10.2969,-3.7933,-12.4136,3.9598,-1.742,3
6.2436,-11.321,-11.7197,15.4705,13.4289,8.2008,-4.9992,-11.54,6.5692,1.3151,3
3.4769,-11.6726,-12.9485,13.8289,15.8697,8.9568,-6.4752,-14.1266,6.3481,3.2269,3
2.8925,-9.2063,-13.8702,11.5446,14.6203,9.2942,-9.4399,-9.6548,6.1509,-1.6846,3
2.5934,-9.2763,-12.3714,14.0685,15.571,11.1948,-2.8532,-13.3251,4.6669,-1.2537,3
2.0577,-10.8113,-12.3356,14.8178,15.8829,8.963,-5.1669,-11.7057,5.5535,-3.0194,3
1.8115,-8.8843,-14.2977,10.8012,13.9213,11.4348,-10.0539,-12.5023,6.5398,-4.5307,3
2.9063,-11.5935,-14.5592,12.8629,12.2842,7.4425,-5.9504,-8.7291,6.6636,-0.2796,3
4.4222,-10.9305,-12.5822,15.1131,15.2115,9.5437,-5.0815,-8.3755,6.7862,-2.2682,3
3.1153,-11.4655,-9.5279,15.8724,14.0938,12.5232,-4.913,-12.7161,6.8867,-1.1975,3
4.4831,-11.9379,-14.2639,15.6993,16.5087,11.3746,-2.5336,-11.2038,6.2876,-3.1652,3
2.3555,-12.8667,-13.5307,10.3788,15.5904,9.8345,-8.9008,-12.3546,8.4785,-1.9839,3
1.7288,-12.5625,-15.6819,14.2699,13.3182,8.7254,-6.5062,-12.2802,3.6862,-1.3213,3
1.0923,-11.018,-11.5322,14.0309,14.9975,12.4775,-5.9511,-12.0376,5.1305,-2.4605,3
1.7105,-9.7582,-12.5159,14.0827,14.0655,10.6412,-5.8174,-12.6838,4.1365,-4.1189,3
5.417,-10.9329,-14.437,12.8403,13.5514,11.7097,-6.3538,-8.1198,5.6225,1.2901,3
4.5672,-9.3427,-10.6817,15.1499,14.921,12.7283,-6.6092,-13.5622,4.5126,0.833,3
5.4025,-10.6722,-16.5804,13.1578,12.4491,8.511,-7.4432,-14.4841,8.3518,-2.8209,3
5.3453,-10.2163,-14.7447,14.2302,13.3824,8.9413,-5.6442,-13.2882,3.0953,-1.8723,3
4.6722,-11.2367,-12.8175,15.7248,13.8343,9.3811,-5.7788,-13.0934,4.037,-3.2793,3
3.7786,-8.7475,-11.8408,12.8988,15.6089,9.713,-5.7555,-17.0789,4.3009,-4.0771,3
4.167,-9.7417,-14.6564,13.9231,11.8337,7.6863,-6.9269,-11.2596,7.6262,-2.6744,3
5.21,-9.8132,-12.6942,13.3709,13.673,9.9109,-4.7511,-13.3968,5.243,0.7085,3
3.4921,-9.4542,-11.2975,12.7147,13.918,10.4772,-4.0032,-15.6176,4.422,-3.293,3
3.0406,-11.2683,-12.0523,13.7252,15.3027,10.6814,-4.843,-12.5735,5.6834,-2.4867,3
1.1792,-8.4536,-13.1745,11.2126,14.7744,8.916,-8.9513,-14.1304,4.4761,-1.4797,3
4.4084,-8.7536,-12.1442,13.415,16.5523,10.3017,-5.5284,-11.22,4.9284,-1.8813,3
0.1034,-10.4644,-10.4086,13.6891,14.1291,10.7498,-5.3248,-13.2496,5.5625,-3.4983,3
3.5018,-11.1409,-11.656,12.7012,12.7319,9.0827,-5.3135,-13.8808,4.7451,-1.6377,3
5.2339,-13.6773,-12.1257,12.8912,13.227,8.2302,-6.4074,-11.1386,4.7218,0.6925,3
4.1621,-9.5873,-13.2975,15.2513,15.973,7.5098,-6.9144,-11.1179,6.932,-2.2459,3
2.1127,-9.7664,-10.8334,13.5281,12.073,9.4163,-4.6875,-12.2219,7.4142,-0.4967,3
3.1337,-9.8196,-15.8111,15.2819,13.4747,8.652,-6.6864,-11.3848,3.834,-3.2717,3
3.1476,-10.824,-12.5456,12.5817,16.3615,10.2921,-4.8403,-12.9773,9.1355,-2.4539,3
2.1556,-8.8242,-12.7556,12.239,17.2627,10.7153,-5.8556,-8.4682,6.7432,-1.8133,3
6.6485,-8.8958,-12.1256,12.887,14.0431,8.6359,-3.702,-14.484,7.5758,-3.1114,3
3.1395,-10.3271,-13.8287,14.5012,13.9612,8.2504,-5.6306,-13.114,4.7203,-4.0413,3
2.5509,-9.143,-12.9928,16.1892,17.8882,8.5556,-7.1116,-10.3751,6.0298,-0.0916,3
3.8246,-10.1758,-13.3315,14.1157,13.6523,11.0812,-7.8151,-10.2486,2.7169,-1.5778,3
2.7298,-12.1588,-16.1385,11.8203,14.0375,8.3486,-7.423,-10.0414,3.6787,-0.7767,3
1.8929,-11.5685,-13.9542,14.3964,11.9118,9.6831,-7.3027,-13.241,6.128,1.4648,3
1.8598,-8.8045,-13.5175,12.7545,15.576,7.9866,-7.5928,-11.3796,7.9192,-0.6704,3
1.1158,-10.8073,-11.5791,15.8382,14.312,8.3832,-3.3926,-12.1817,4.6183,-2.9578,3
1.4338,-5.6339,-10.917,12.4821,16.5667,10.0519,-5.1504,-13.1467,4.7558,-1.8591,3
0.278,-10.6145,-13.0417,15.4308,13.0441,10.4701,-8.9523,-10.3193,4.1765,-1.6,3
3.8359,-9.569,-13.2086,11.6043,12.6346,10.7466,-6.7577,-12.2248,3.2889,-0.5076,3
1.2471,-8.5103,-14.6425,14.9883,13.9843,8.4138,-3.461,-12.1731,4.9843,-0.4317,3
1.0057,-13.675,-11.3115,12.2121,15.2659,9.3212,-7.6076,-11.1589,4.9117,-3.4114,3
1.6494,-12.4835,-12.4439,12.0635,13.9169,8.9793,-7.2739,-14.3542,9.3276,-1.8682,3
5.9614,-8.1369,-13.5302,13.738,14.1968,12.0182,-4.6168,-13.2807,6.0544,-0.589,3
1.4634,-9.1431,-11.0302,12.1804,12.89,10.9926,-6.3929,-13.5428,6.8504,-0.9301,3
3.3679,-8.1974,-11.255,13.3423,16.9305,11.627,-8.838,-13.615,2.1441,-2.2825,3
1.4095,-11.1058,-11.4126,10.8343,14.1636,9.4374,-5.9852,-11.8737,2.1786,-3.0098,3
5.5408,-11.6796,-10.5485,11.3563,11.6784,7.8243,-4.168,-12.889,6.0451,-1.685,3
3.1447,-7.9731,-11.8912,11.7522,13.5556,11.8671,-5.3822,-14.3316,3.3714,-0.4602,3
4.28,-11.2663,-11.927,15.8657,16.1557,11.6583,-5.0284,-12.3363,4.9233,-1.8215,3
1.9123,-10.4232,-11.1358,11.053,11.658,10.4977,-6.3868,-14.9583,5.435,-2.1016,3
2.5797,-8.8557,-15.0482,13.486,13.6525,9.3087,-8.4599,-12.8538,5.5566,-0.9837,3
5.9959,-8.6754,-12.3567,15.3738,13.5132,11.5828,-4.1827,-12.7387,8.4129,-1.125,3
6.5158,-9.4295,-13.8913,12.3153,13.4353,8.395,-3.9545,-12.1133,3.106,-1.4759,3
3.4146,-10.5872,-12.6471,13.4004,14.9196,10.1144,-5.3142,-14.0181,8.7055,-4.1294,3
3.0333,-11.5259,-12.4539,13.6742,13.7158,11.5286,-4.1988,-12.5605,6.7332,0.5516,3
4.8784,-10.0886,-15.4339,13.9535,14.9719,8.0975,-5.8278,-12.1942,7.6086,0.9853,3
4.9892,-10.0126,-11.3269,14.4397,13.8566,12.3905,-6.9686,-11.164,6.7863,-2.2267,3
4.0651,-8.466,-12.6815,14.1753,14.1271,10.4482,-6.2051,-12.5375,5.5578,-0.0199,3
0.6053,-11.2483,-9.6348,13.8793,13.3584,10.4442,-7.0391,-15.224,6.0592,-2.8916,3
3.3784,-9.3902,-12.8353,10.9031,14.0084,9.9188,-7.9617,-14.3486,3.9235,-0.6753,3
0.2289,-8.6396,-12.4604,13.0803,11.748,8.0572,-4.6887,-10.1847,3.9799,-0.0826,3
4.2552,-9.8945,-14.1552,12.5945,16.7033,9.5196,-3.8668,-11.7075,4.8479,-0.9193,3
6.4631,-10.8505,-11.6776,13.7523,11.7947,7.0441,-6.5396,-11.5486,6.8446,-4.1518,3
4.2054,-10.0618,-13.0435,14.3495,16.5881,9.7074,-7.8967,-12.3505,6.8052,-0.4679,3
4.2251,-10.6493,-15.1002,14.3508,12.1476,10.2914,-4.8217,-12.7714,5.3583,-1.4974,3
2.3041,-11.9568,-13.1073,13.5641,16.0105,8.0789,-4.2588,-13.7904,3.5101,-2.2467,3
1.815,-11.9222,-10.132,12.7891,17.4359,7.7598,-8.4244,-10.1329,4.437,-1.5871,3
1.1929,-9.9414,-15.1059,13.3557,13.2581,9.5973,-4.923,-11.7082,6.2036,-1.959,3
2.5734,-9.1791,-13.2156,13.3566,14.5656,7.7021,-3.7172,-12.4439,5.7133,-1.8622,3
4.2055,-9.3755,-13.1233,15.6397,9.1639,11.1159,-4.4813,-14.8236,6.9209,-0.2077,3
4.069,-12.2229,-12.0245,14.9774,13.1107,9.9136,-6.3914,-10.7418,5.0567,-2.6656,3
3.1674,-11.8968,-13.2563,14.0097,15.2739,9.6254,-8.0105,-10.0414,7.6812,-1.6266,3
2.0984,-10.6817,-13.3537,13.8846,13.5122,7.9643,-4.3271,-11.6839,3.9484,-1.3585,3
3.4692,-10.9614,-11.2559,13.6689,13.644,9.1267,-5.1957,-12.1781,5.4062,-0.1965,3
1.0987,-11.7616,-11.883,17.0903,15.2837,12.0482,-6.5131,-13.0255,6.2118,-0.365,3
1.259,-10.2041,-13.089,12.4483,13.1256,10.5165,-5.1571,-10.8722,6.0323,-3.1053,3
3.861,-11.3124,-13.5161,11.9122,13.0526,9.3876,-6.5478,-13.3946,7.2337,-1.9748,3
2.4345,-11.5079,-15.8564,13.1335,11.9016,10.32,-5.8174,-9.7323,5.8616,-2.8854,3
0.4063,-8.6745,-14.9969,12.8543,16.4801,10.1684,-5.2768,-10.6534,6.8876,0.576,3
2.3231,-10.4493,-14.432,13.4175,13.7706,6.6195,-6.8424,-9.9112,5.8933,-0.7223,3
3.0455,-12.7149,-13.2414,15.0291,12.1904,10.3725,-8.4143,-12.0395,6.3438,-2.2636,3
6.9351,-10.6241,-13.9161,13.7733,12.8365,7.0899,-7.5081,-10.9329,5.0696,0.7576,3
2.5645,-8.8185,-12.2822,12.7823,12.6507,6.6542,-5.0319,-10.2724,3.1421,-2.3511,3
2.226,-9.0572,-13.5414,15.451,13.3924,7.3973,-6.5648,-12.6078,6.3161,-2.3557,3
3.8865,-11.07,-13.4905,12.289,12.699,11.1642,-6.9343,-12.5912,7.0939,-0.6704,3
5.6882,-9.1601,-13.9491,16.5523,14.8421,9.0199,-5.7754,-11.8009,5.1718,-3.8592,3
5.6664,-9.917,-12.7732,16.5838,12.944,10.2351,-7.05,-11.5883,5.8292,-0.6095,3
5.0386,-10.7536,-10.9234,15.6978,13.594,9.242,-6.6031,-12.528,3.7218,-0.6291,3
0.1509,-10.9299,-13.1177,15.4163,13.1511,9.8937,-5.9831,-10.6522,6.0904,-0.5501,3
2.4004,-11.4053,-12.4978,12.735,14.0144,9.7278,-3.9987,-10.89,4.5055,-3.513,3
5.7874,-12.2583,-13.7272,14.4344,16.4271,8.9674,-5.8206,-13.3824,5.7169,-3.5207,3
2.1009,-8.7384,-13.6988,14.8424,13.7387,7.1987,-4.109,-14.0428,4.6243,-2.095,3
4.7351,-10.674,-14.4385,13.7106,13.648,8.5508,-5.5369,-13.8752,2.9442,1.4127,3
3.3826,-9.623,-14.2214,14.8131,13.1687,5.0727,-6.7121,-12.492,5.2719,-2.0939,3
2.259,-10.9966,-13.4954,10.9984,11.0326,9.399,-5.6895,-10.7507,5.1436,-3.5859,3
0.3169,-11.2196,-12.4147,15.6287,14.0501,7.4315,-7.1815,-13.3429,4.918,-0.1141,3
5.0247,-10.1427,-12.7738,12.2702,11.4041,11.9344,-9.3453,-14.8236,8.2216,-1.7705,3
1.5375,-8.8602,-11.8889,11.4675,13.1697,10.5663,-7.0869,-11.6466,7.6642,-5.3842,3
2.7145,-9.4918,-15.7365,12.6721,15.5357,8.1954,-8.0881,-10.3736,6.1937,-1.8987,3
3.0788,-8.3419,-12.6067,14.435,12.9301,6.3759,-4.9287,-10.4184,5.1901,-0.4638,3
2.7235,-10.0203,-10.4198,13.0293,13.4431,6.447,-4.8265,-13.1346,5.7478,-2.268,3
2.5577,-10.0609,-13.1097,15.2307,16.2493,10.228,-3.9543,-10.7886,6.2689,0.3873,3
1.2636,-10.911,-14.2798,13.0145,14.9978,7.5793,-5.1074,-12.9504,5.0064,-1.4948,3
5.7482,-10.9528,-13.1686,11.8492,12.886,7.6209,-5.4944,-11.4319,6.5576,-2.9259,3
3.9883,-9.7146,-13.1351,11.6044,14.1988,9.5294,-5.709,-11.4698,6.5689,-3.4425,3
2.9013,-9.1106,-13.451,14.9057,14.1042,6.3195,-4.6024,-12.2455,2.8724,-2.1739,3
1.3238,-8.7546,-13.1022,12.0809,15.1852,9.9397,-6.2152,-13.9382,4.2633,-3.0816,3
4.3461,-12.4056,-13.1193,13.0911,15.5223,9.601,-5.0588,-12.8579,3.6805,-2.2836,3
4.3921,-8.7219,-13.6943,12.1755,12.3839,9.047,-5.6568,-9.86,5.712,-0.8748,3
2.0556,-9.8217,-12.8383,13.2558,13.9362,9.4412,-5.14,-10.3162,2.1287,-0.1248,3
0.6601,-9.4211,-9.515,13.4028,14.239,8.7865,-4.8607,-11.5265,4.5129,-1.967,3
1.5487,-10.0627,-13.6775,13.6714,12.9041,8.9303,-5.8484,-11.9522,5.9384,-2.0567,3
2.0463,-9.7612,-13.3167,15.0035,15.6951,7.1938,-4.9359,-10.8432,3.5082,-0.9262,3
4.5703,-11.3087,-13.403,13.746,14.8246,7.7693,-4.1261,-15.1139,7.5126,-0.97,3
2.2937,-8.5877,-14.6202,13.639,14.3267,9.6061,-7.1212,-12.814,5.7171,-2.8855,3
3.6335,-10.8055,-11.5485,15.8106,13.5228,10.6323,-6.18,-13.4745,4.8884,-1.6671,3
0.5459,-8.9458,-12.9194,14.9674,14.8812,9.4318,-6.3953,-9.7855,8.7818,-2.3041,3
4.7898,-10.9444,-13.93,12.8872,14.996,7.6396,-3.5366,-10.663,6.5193,-2.2361,3
4.4706,-14.2603,-12.3871,13.7067,11.1396,9.8613,-4.9752,-14.8504,3.7468,1.3012,3
2.9468,-8.4208,-11.3582,14.0575,15.4948,6.0826,-6.2074,-16.6907,2.9079,-2.6144,3
2.2283,-9.8222,-13.0794,13.6672,14.231,9.7513,-7.3002,-13.157,5.4717,-1.8274,3
1.6035,-8.2619,-11.9613,12.177,13.6564,12.2662,-5.6207,-11.4763,4.6136,-2.2651,3
5.4933,-9.7143,-13.1548,13.478,17.787,9.3116,-7.1067,-13.0529,6.6981,-3.9381,3
3.9022,-10.97,-15.8366,11.9965,14.0103,11.3447,-4.4916,-12.5104,6.9853,-2.3306,3
1.0266,-9.8526,-15.3074,14.6537,15.1778,7.932,-5.6432,-11.8658,6.8349,-3.663,3
4.1256,-11.8594,-11.8827,15.0606,12.9646,11.0806,-8.2226,-10.4205,7.6847,-1.2767,3
2.9331,-9.4156,-13.9541,17.4035,13.0892,11.228,-6.9734,-9.6746,8.5455,-1.2164,3
3.6563,-11.3191,-14.662,13.9134,16.1562,8.4296,-2.5497,-12.9851,5.8711,-1.4474,3
3.074,-12.95,-13.9771,13.766,13.825,10.2062,-4.7263,-12.43,4.0833,0.5271,3
1.1932,-10.7772,-14.3234,14.5863,15.9445,8.9914,-5.5169,-11.4267,8.233,-4.4558,3
4.3427,-9.3195,-13.6047,13.9559,15.0802,10.1267,-2.6238,-11.8786,5.5673,-2.0674,3
4.0558,-9.9324,-13.0286,13.4933,13.767,8.3389,-5.2344,-12.4974,6.4475,-1.6293,3
2.6465,-7.537,-13.2019,14.4008,12.919,6.2136,-6.7121,-15.276,5.1717,0.4075,3
1.8684,-13.0433,-10.7981,12.7535,13.9454,10.4343,-5.0768,-10.9441,6.8776,-4.4146,3
1.1048,-8.1275,-14.2211,12.4576,12.0747,8.6445,-6.3856,-13.476,3.9474,-1.3174,3
2.0148,-10.7937,-16.3279,16.3739,15.3817,8.5097,-7.2102,-12.0535,5.5022,-3.7094,3
-0.5995,-10.6734,-15.3935,13.7236,14.2361,7.7921,-6.6635,-9.4253,6.6897,-2.4738,3
6.6643,-11.6797,-14.2675,13.3008,11.6725,11.9374,-5.5869,-13.2548,6.1987,-1.5763,3
2.7694,-11.697,-15.2028,16.7468,11.9399,11.7989,-7.1287,-10.8848,6.2251,-0.7973,3
4.3244,-12.3016,-14.063,11.4145,14.2529,7.2669,-8.8332,-12.4261,2.2134,-1.4073,3
1.3399,-11.1451,-16.4691,15.9417,11.7746,8.7059,-8.5492,-13.3233,8.1547,-1.3492,3
2.1409,-9.9355,-13.8893,13.3279,15.0848,8.7553,-5.5316,-11.7151,5.0378,-2.8993,3
2.4386,-8.8355,-11.8748,11.7599,13.5775,8.1225,-4.6617,-12.7766,8.8284,-1.4686,3
4.9993,-11.4062,-13.0309,14.3908,12.419,9.2824,-4.2838,-12.561,4.2494,0.909,3
1.4687,-9.6504,-14.1109,12.0613,15.0814,8.9436,-5.2528,-15.4526,6.2817,-2.8763,3
0.4081,-7.0572,-12.1469,13.8075,15.8431,9.6233,-7.0595,-12.3323,4.5094,-2.546,3
1.3398,-11.3393,-11.7066,13.9647,13.2144,7.7099,-6.4697,-14.5956,5.7169,-0.3772,3
6.7768,-11.5392,-11.6927,12.4057,12.2763,7.5586,-5.6505,-13.466,4.6167,-2.456,3
2.1164,-11.1032,-16.6922,13.597,14.0705,8.0559,-5.321,-9.9745,5.5624,0.2,3
6.5835,-6.0885,-14.8308,11.692,13.3023,9.445,-3.4816,-11.129,3.7221,-2.7129,3
3.1633,-12.118,-13.0279,11.6839,11.4929,7.8314,-5.2451,-11.4637,5.672,-0.308,3
4.5547,-9.5777,-12.9489,13.6609,13.7475,5.9904,-4.1584,-11.4736,3.7025,0.3463,3
2.3414,-10.0459,-11.5131,13.7968,15.972,8.7238,-3.3248,-13.2365,7.5034,-5.1931,3
1.5761,-9.4373,-13.6491,13.3544,14.0314,7.4656,-7.5355,-11.7217,4.5275,0.2161,3
2.9384,-8.8061,-12.3842,12.5648,10.9985,11.0293,-7.33,-12.6755,5.3007,-1.8719,3
4.6693,-9.8755,-13.2395,14.9943,14.8699,8.1486,-7.5823,-13.3054,5.4532,-3.6645,3
3.3625,-10.0781,-16.8622,11.3573,9.6403,8.7361,-4.2506,-14.9058,3.5436,-2.041,3
1.6307,-11.4873,-12.2361,12.7242,11.7389,6.1203,-2.549,-10.3774,4.8495,-1.6636,3
2.4935,-9.1186,-14.3298,12.6518,14.6521,11.4327,-4.7495,-10.219,5.0584,-2.7299,3
0.3188,-9.776,-12.4799,13.0166,12.8039,11.117,-4.9139,-10.1006,4.0966,-2.8578,3
5.0311,-9.9553,-13.9021,12.7173,13.9523,10.7563,-6.1024,-10.884,6.2281,-3.1129,3
1.9077,-10.5597,-15.0537,12.6954,16.2391,9.2048,-7.0113,-9.1962,4.1311,-3.2382,3
5.0706,-8.8923,-13.2435,14.7144,14.4199,7.4726,-9.458,-12.9209,7.1544,-2.4381,3
3.9165,-9.6075,-15.5887,12.857,14.5073,8.0712,-6.4054,-11.4822,5.6359,-0.2251,3
3.8019,-11.3181,-13.7648,13.497,15.9766,8.5416,-8.4604,-11.409,4.3936,-3.7234,3
3.2546,-8.425,-13.9093,14.2114,14.9918,10.4396,-6.96,-13.7515,4.0499,-0.609,3
4.2274,-11.32,-9.8495,11.852,15.4682,11.5314,-5.697,-13.2244,4.4052,-2.1886,3
4.8477,-11.6841,-15.8066,14.0096,14.8414,12.2039,-7.9351,-12.272,7.2697,-1.6141,3
2.9332,-8.6994,-13.9475,14.7437,12.0886,6.9728,-6.272,-15.9148,5.654,-4.3943,3
3.65,-9.6061,-13.1504,14.1212,14.2753,8.8124,-3.1151,-11.4799,6.6849,-0.1858,3
4.2286,-6.79,-12.7994,13.4561,12.9946,8.8675,-6.9584,-11.054,4.1585,-1.6847,3
4.0657,-9.6588,-14.3923,14.515,13.841,4.9429,-7.3366,-9.9681,7.7535,-1.0063,3
4.4024,-11.0517,-13.4387,15.3196,14.6078,9.3493,-6.1418,-10.3081,7.21,-0.8209,3
3.3258,-10.4194,-12.0089,11.8137,12.6271,7.0753,-4.0087,-13.1508,6.133,-1.9838,3
7.5727,-9.2214,-15.8417,15.2297,13.3882,8.9505,-6.8704,-11.7764,5.8008,-2.7636,3
2.4641,-9.7323,-16.5625,11.3043,16.4739,9.7437,-6.649,-14.614,5.4425,-0.3176,3
7.1852,-7.0462,-14.3789,12.7229,11.7617,7.9894,-6.1809,-12.6205,8.6088,-3.7685,3
3.1587,-12.9795,-12.5521,11.454,15.6229,8.8154,-7.9646,-15.2239,4.059,-1.4364,3
3.8586,-10.6319,-11.6598,11.763,9.5784,9.6758,-3.9264,-10.1208,3.5773,-2.6125,3
4.3121,-10.8249,-12.8904,12.3919,12.3349,7.9074,-4.428,-12.0492,7.4348,-1.0148,3
5.636,-8.6572,-11.9094,13.2858,18.4828,9.421,-8.8217,-11.6678,4.0536,-0.2699,3
4.3151,-10.1715,-14.3803,13.6862,13.0071,10.4336,-5.0276,-7.6659,4.8593,-2.2506,3
2.9942,-10.0508,-11.5078,13.052,16.9275,10.1253,-6.5902,-13.1817,7.0883,-1.7526,3
3.2399,-10.782,-13.1406,12.5081,16.0115,10.3275,-6.1237,-12.354,5.6653,-1.8037,3
1.7909,-12.7354,-14.245,13.2738,12.8622,10.4809,-6.2053,-9.2595,4.6847,-1.5843,3
2.7931,-9.2246,-11.4498,14.379,10.9228,10.0017,-7.3779,-12.5345,6.561,-3.4751,3
4.9603,-10.4144,-9.792,13.5696,16.527,11.0484,-6.7782,-14.0224,5.6974,-2.6694,3
5.5959,-10.2546,-13.4991,11.3727,14.5978,7.4906,-5.1979,-11.1997,4.4025,-0.3606,3
2.814,-12.0911,-10.7305,12.0814,14.7296,9.8906,-5.2778,-11.512,4.0717,0.7416,3
4.6607,-9.1717,-15.0479,11.999,14.9551,6.2464,-5.3535,-14.0666,4.2249,-3.912,3
3.5955,-8.2097,-12.5264,14.1533,14.2209,10.276,-5.161,-16.1425,6.8865,-0.5937,3
2.6829,-12.8456,-12.6847,13.9566,13.3082,9.532,-4.2538,-8.4736,5.7473,-1.2946,3
1.9907,-10.6364,-13.2525,15.2331,15.1974,12.146,-8.0969,-14.0554,7.1801,0.3779,3
3.276,-16.5827,-14.1637,13.9698,12.6198,9.5296,-3.0138,-9.9306,6.7403,-1.8921,3
2.4843,-8.7476,-13.0104,13.5561,11.6421,8.1801,-4.7338,-13.7214,5.9256,-1.1767,3
3.9327,-9.0439,-12.1069,12.5309,11.7675,7.9416,-4.7667,-13.8711,3.9661,-3.3646,3
0.4574,-11.6048,-11.5479,12.3914,11.3456,8.4845,-5.0958,-14.816,6.957,-3.9569,3
2.6331,-10.4967,-13.8906,13.3694,15.1368,9.1907,-6.7701,-11.3838,5.8379,-2.7997,3
3.2898,-11.0128,-14.3471,14.6753,14.6394,10.4075,-4.9089,-13.4007,7.0289,-2.2418,3
4.6202,-10.072,-12.5787,13.9814,15.1888,6.8001,-8.2262,-11.0623,6.0615,-2.9589,3
3.7728,-11.9962,-8.152,15.4339,14.9024,9.3654,-6.7897,-14.0351,5.3563,-3.0851,3
2.0242,-12.0094,-12.674,12.9011,14.7716,9.9376,-5.5174,-8.0807,6.7625,-3.6863,3
3.9145,-9.9653,-15.0607,11.3341,14.6488,10.2982,-7.431,-10.6146,5.9544,-0.0016,3
4.8608,-10.1219,-10.5951,11.7804,17.5544,7.9337,-5.9336,-12.9206,4.9618,2.5899,3
2.5323,-8.6076,-13.4016,14.8714,13.1527,9.6361,-4.9185,-13.1526,9.6636,-0.774,3
2.8874,-10.9301,-12.9109,11.6426,16.6424,9.8988,-5.9936,-10.5009,4.4447,-3.5294,3
3.0311,-9.693,-12.2526,11.2521,13.2845,4.6267,-7.6351,-10.9969,6.9685,-3.5084,3
2.7394,-9.8459,-11.4313,15.7602,14.1986,8.861,-8.0271,-11.9077,8.6394,0.1399,3
3.4886,-9.4292,-14.0812,12.9309,14.1904,9.4779,-4.3455,-10.6267,6.3078,-3.2941,3
1.7842,-11.2161,-12.6952,10.4271,13.9595,11.3649,-4.8613,-12.5959,4.4796,-0.5869,3
3.6854,-10.2539,-13.932,13.5811,13.5144,10.4285,-3.9998,-14.1207,3.6883,0.2267,3
3.4751,-11.5818,-11.5736,13.9791,17.2738,8.899,-4.1985,-14.2431,7.621,-0.3792,3
5.6329,-8.2184,-13.197,11.7099,13.0659,6.6102,-7.2429,-11.431,5.4554,-2.1308,3
2.0367,-12.5429,-12.7753,14.0353,12.4816,8.4518,-3.5484,-10.3306,3.3004,-1.9224,3
5.4088,-10.2089,-13.4519,15.1057,15.4496,10.6549,-6.2546,-11.0755,7.7691,-1.8702,3
2.6212,-8.0392,-9.9803,16.6391,13.4072,8.8409,-7.4053,-11.8928,3.9158,-2.5854,3
4.278,-9.2993,-15.7645,15.822,12.3385,7.8105,-7.72,-13.0618,4.1818,-3.1041,3
-0.4701,-9.6894,-12.7004,16.8332,14.6985,8.507,-7.6627,-12.2143,6.2001,-2.5504,3
3.3179,-7.0382,-13.6246,10.6364,15.2792,9.7234,-8.4251,-11.4284,4.0302,-1.1334,3
6.0872,-10.1497,-11.4235,11.6238,11.6898,12.278,-5.3999,-11.1148,7.255,-2.5871,3
4.464,-8.874,-14.9907,15.736,15.9293,7.3263,-5.5612,-12.4165,7.6545,-3.9113,3
8.63,-10.146,-11.9408,15.5478,13.675,9.0795,-6.6158,-13.398,5.9348,-1.9983,3
2.4623,-10.5607,-12.1841,12.2702,13.5985,10.5999,-5.4907,-13.6442,5.4912,-1.1399,3
4.7103,-11.0173,-13.8862,12.4238,13.0007,9.8594,-4.9699,-10.4935,5.3902,-3.9034,3
4.2306,-9.6456,-12.9585,11.5415,13.6752,7.4614,-5.1386,-12.7147,4.7477,-4.1012,3
4.767,-10.2721,-12.918,12.3633,11.4931,8.4545,-6.4189,-11.6307,4.9944,-2.8729,3
0.9713,-9.8116,-14.2433,15.4478,14.1942,10.0951,-6.2348,-11.7679,4.1909,-3.5628,3
3.249,-9.0287,-15.9672,12.7179,16.7321,9.9708,-3.5551,-13.0209,4.8401,-0.3453,3
4.1616,-10.0259,-14.9422,15.2018,17.7343,6.8941,-3.7562,-12.7723,5.0268,-1.391,3
1.4181,-9.94,-15.4653,14.1807,17.3195,8.2926,-6.1147,-12.2491,7.0067,-1.1871,3
4.6069,-10.6436,-12.3981,8.4149,14.9702,7.4252,-6.353,-10.952,3.2229,-0.1613,3
3.0399,-7.7046,-14.4027,10.7474,13.9255,10.1325,-4.8552,-13.7731,3.09,-2.2639,3
4.001,-9.1856,-10.6903,12.9064,11.2016,11.0469,-5.5688,-11.6466,6.6776,0.1,3
3.1918,-8.1194,-12.2202,12.4832,13.6191,10.177,-6.9248,-10.7401,5.7643,-1.223,3
5.3871,-9.3494,-12.9413,13.3427,13.767,9.7204,-3.8166,-12.9875,4.4958,0.1321,3
2.3771,-9.5601,-13.9361,10.9473,14.2663,10.9247,-5.9547,-14.2923,5.6906,-2.9294,3
-0.7029,-10.0056,-12.2719,15.2331,16.6042,10.2283,-4.4612,-13.9967,7.9597,0.1056,3
2.6757,-8.8618,-12.1768,15.6719,13.7423,8.1326,-6.5966,-10.7246,2.6472,-6.291,3
4.5677,-9.4721,-13.0208,11.5082,11.4041,8.3001,-5.319,-12.9485,6.8771,-3.2265,3
2.4473,-8.8295,-13.6138,12.9755,13.0037,8.0085,-5.3303,-11.3443,5.8677,-2.7197,3
2.9241,-7.4904,-15.1801,16.2954,14.1185,8.9817,-4.4315,-15.1707,7.5975,0.9912,3
4.8583,-13.0377,-11.9022,15.9356,16.2831,7.1398,-4.3371,-9.3765,5.5712,-3.9745,3
4.4693,-8.3035,-13.2573,11.6805,15.4418,8.0987,-5.2656,-9.7326,3.0388,-0.4338,3
2.9165,-10.1553,-12.277,12.3095,12.2064,6.5756,-4.0139,-12.6273,6.3819,-2.523,3
1.4837,-8.9058,-12.5565,13.1112,14.4218,7.8112,-4.2707,-10.1312,6.6659,-2.3534,3
3.3154,-7.531,-11.1267,16.4574,12.7982,7.9466,-5.66,-11.4595,5.3136,-2.38,3
5.1274,-10.0204,-14.8713,11.817,14.3396,13.7559,-7.3255,-12.5421,9.1342,-2.5218,3
3.9095,-7.0704,-14.4757,13.0027,13.2424,6.9751,-3.5075,-12.9479,4.2126,-2.4621,3
4.6196,-9.7149,-14.236,14.0803,15.1879,9.2163,-6.2137,-10.546,5.2582,0.6169,3
2.0899,-11.0556,-14.4041,13.1083,13.9727,7.2635,-5.7165,-11.2218,3.3288,-2.5772,3
4.0776,-11.5184,-13.5224,15.0988,16.6617,9.9118,-6.1155,-12.8219,6.8931,-0.0953,3
1.4917,-8.5186,-13.959,12.1772,13.7385,10.7393,-5.3975,-11.6463,6.0557,-1.0939,3
3.0551,-8.9364,-14.038,14.4431,15.2544,10.3006,-4.735,-11.3725,7.2872,-5.2028,3
4.507,-6.9211,-13.9813,12.366,15.8984,7.8618,-6.8617,-11.8149,4.3286,-0.4829,3
2.0401,-9.3433,-12.6217,15.9624,15.7169,8.4576,-7.7583,-10.8129,4.5469,-2.2989,3
1.6366,-8.8658,-14.0182,13.414,13.9397,9.5273,-4.8691,-12.4341,4.4148,-4.5847,3
3.3803,-10.1198,-14.1142,13.5604,15.2529,10.9198,-8.1643,-12.6111,6.9685,0.5986,3
2.0005,-7.8168,-15.0736,15.189,13.5463,11.5962,-6.5576,-12.5347,5.3269,-4.101,3
0.5826,-9.119,-11.5658,14.3779,12.088,9.9722,-7.3469,-11.4584,7.2239,-1.2442,3
5.4291,-10.1093,-13.3734,13.5676,11.955,8.6475,-6.3343,-12.4958,5.9294,-4.0159,3
1.5079,-8.1862,-16.0593,14.3911,13.4086,9.4921,-3.5244,-12.2666,6.4651,-1.7076,3
3.0623,-10.234,-11.9969,12.3692,12.2709,9.3636,-5.5724,-14.8061,5.5113,-3.6357,3
4.1666,-12.5898,-10.1608,12.9593,12.6715,8.8275,-5.0272,-10.7341,5.1155,-3.9535,3
1.4079,-9.4547,-11.5675,15.1428,14.2211,10.7029,-2.9931,-10.2843,6.91,-3.0053,3
4.6703,-9.1924,-12.0725,15.3582,14.5068,9.0981,-7.4664,-12.5146,5.8463,-1.379,3
3.5922,-8.445,-11.7504,13.3734,12.6981,9.827,-2.4921,-11.588,5.0831,-0.9917,3
4.1199,-9.0073,-10.9891,14.0457,15.9571,9.5973,-3.5928,-10.2597,6.9097,-0.6116,3
6.6786,-8.2693,-14.3224,13.8354,13.5719,12.3486,-3.9844,-9.0219,4.387,-0.1429,3
1.1796,-12.2725,-13.6439,15.7351,12.48,9.2267,-4.0783,-10.8002,8.8513,-1.7904,3
2.5639,-11.526,-13.6005,11.8112,11.2743,12.197,-5.7882,-8.1826,4.2681,-2.4386,3
2.0633,-10.8454,-11.738,14.3161,15.2821,11.2653,-4.2006,-13.5826,4.7413,-1.6132,3
8.8181,-8.7257,-12.8884,14.4765,13.0643,9.6456,-4.4296,-12.1133,4.3922,-1.9122,3
2.747,-11.92,-13.9058,11.3773,12.1138,7.5405,-4.4314,-9.8361,3.2229,0.5749,3
1.5365,-8.764,-12.6606,14.4203,12.2203,6.5334,-7.0659,-11.4295,8.4623,-3.34,3
3.0781,-11.0079,-13.0743,10.5704,16.216,9.288,-4.4858,-12.4181,5.8129,-0.1021,3
3.4239,-9.6327,-14.2394,12.6649,12.4497,8.1449,-3.9847,-9.3569,3.6561,-1.2027,3
2.7498,-7.7888,-12.8462,13.4554,12.8518,6.9543,-4.7202,-11.5404,6.0932,-2.6944,3
3.0077,-8.6977,-11.5753,11.6989,13.0189,7.1671,-5.5597,-10.7433,5.1089,-2.7897,3
2.7234,-6.4248,-11.2606,14.5631,14.4491,9.2328,-7.2215,-13.6624,4.6751,-3.2261,3
2.3146,-10.0371,-13.0864,12.536,14.7118,8.9684,-5.5395,-13.1867,6.5663,-2.5977,3
5.6392,-10.2218,-13.1905,14.3569,15.1867,10.6313,-3.1982,-11.077,5.4265,-2.5899,3
3.0256,-7.6583,-15.1289,12.2381,13.6405,8.0034,-6.4747,-9.3605,5.0799,-1.178,3
0.7391,-11.5379,-11.6494,15.9686,14.3011,8.7929,-5.1173,-15.966,5.8707,-3.3646,3
4.4175,-13.1727,-13.991,13.4051,12.8263,8.6887,-4.5049,-12.1066,4.1311,-0.3848,3
3.6028,-9.4455,-14.3872,9.6452,12.6098,7.7401,-6.7815,-13.3326,5.696,-0.4741,3
4.8406,-8.6285,-14.3949,13.5549,16.3167,6.8748,-3.8392,-13.564,5.9676,-1.1762,3
3.5112,-6.5416,-13.4997,11.0073,14.5036,8.9969,-5.0294,-10.7467,5.4765,-1.141,3
3.4427,-7.1964,-13.6043,12.436,15.2901,7.8582,-5.2734,-12.3242,5.375,1.8605,3
5.0775,-8.3519,-12.2526,12.4293,14.3612,10.1269,-5.5631,-11.9277,4.9308,-1.3852,3
2.438,-8.8291,-16.0721,15.5047,12.0015,7.651,-5.2483,-11.2599,8.6444,-1.351,3
3.1657,-9.5973,-10.6627,17.1032,13.6918,10.0661,-5.9732,-12.2112,8.3456,-3.184,3
-0.2751,-9.4081,-11.2469,13.7964,14.7223,10.3805,-5.6952,-11.2354,6.3364,-4.7333,3
3.3971,-12.2435,-13.1057,12.7236,15.52,9.6185,-5.1518,-12.357,7.1053,-4.1914,3
1.8831,-7.9548,-13.7019,10.2478,16.1479,10.8673,-4.7951,-11.9282,8.0181,0.0925,3
5.5481,-8.841,-12.8643,12.8678,12.0656,10.005,-4.9836,-12.5945,6.4475,-2.2937,3
4.5275,-11.2074,-14.6311,13.1057,15.2121,7.5137,-4.2871,-14.5337,5.1569,-3.915,3
-0.6885,-9.3346,-13.3152,11.3709,13.194,9.9147,-6.4138,-12.3679,4.9293,-2.6689,3
2.3333,-10.8213,-14.1782,11.9406,13.3994,8.292,-7.4691,-10.9208,7.3759,-1.7956,3
3.3261,-10.9231,-11.4479,16.0738,13.7233,8.4698,-5.3494,-11.8764,4.7768,-1.0886,3
4.6336,-11.063,-9.2354,11.1672,12.6914,9.6029,-2.4913,-12.9137,3.9284,-0.9716,3
2.8535,-8.8864,-13.1546,12.1808,17.4923,4.8203,-3.1312,-10.6699,4.4086,1.0132,3
1.1692,-8.3721,-16.1724,11.7477,12.2464,8.1259,-5.8442,-13.3088,2.4724,-1.1002,3
3.2998,-9.2709,-12.7906,14.8979,13.8557,10.7707,-7.0251,-13.1478,7.591,0.2381,3
4.087,-11.2179,-14.5029,15.4587,15.878,9.1566,-2.3488,-11.3815,3.8662,-2.2089,3
3.2346,-9.7547,-11.1734,12.0321,11.9717,10.1554,-6.6221,-8.4346,6.9418,-2.5835,3
5.0456,-8.7887,-12.0979,13.2832,14.5996,6.0975,-3.886,-17.2239,4.8638,-4.189,3
2.4751,-9.9955,-14.8436,9.3049,14.2796,12.3816,-6.3885,-10.6308,7.7836,-4.6455,3
2.5404,-11.7989,-14.2579,16.0196,14.3045,10.4352,-5.9274,-13.8857,6.5442,0.0834,3
3.7024,-9.1506,-14.9007,14.5269,15.988,9.8588,-8.5568,-9.6164,4.1098,-1.2137,3
4.6558,-8.2648,-15.7485,13.6424,14.0455,11.4105,-5.1735,-9.8977,6.3369,-1.9067,3
3.5171,-7.5989,-14.9938,14.8255,13.0275,7.9882,-4.3264,-13.3945,6.0926,-2.5288,3
-0.3091,-9.1677,-12.859,10.6014,12.9211,6.5414,-4.7641,-9.9878,6.8012,-0.3117,3
2.4496,-9.0639,-13.0621,13.7445,15.4051,11.0152,-6.4462,-14.1813,5.2459,-2.1243,3
3.6532,-8.6348,-15.9203,12.4602,12.5231,11.1283,-6.1741,-12.8392,6.3344,-2.6849,3
3.2036,-7.1632,-10.369,12.8555,13.6954,8.3234,-8.7504,-10.5156,9.159,-2.4606,3
2.0012,-10.2935,-12.9209,11.7633,13.2812,10.7743,-5.6705,-10.1643,6.0741,-3.4288,3
2.3623,-9.5117,-14.7323,11.5881,12.1807,10.0256,-6.4109,-10.2962,4.1824,-5.4815,3
3.0303,-7.4129,-12.9966,11.4084,11.5325,11.0488,-7.0727,-9.7571,6.5081,-2.9498,3
4.9771,-11.2701,-15.2195,12.1664,15.1221,10.9589,-6.4556,-14.8723,3.1918,-3.3969,3
1.2854,-9.4861,-10.1413,14.6602,12.2766,8.2104,-6.6105,-11.486,7.8839,-2.4965,3
5.5345,-6.7284,-13.5733,12.9031,13.428,9.3457,-6.3989,-10.7436,3.2037,-2.5974,3
3.7201,-8.5791,-9.7555,11.533,12.9909,5.8523,-7.5264,-14.7232,4.745,-2.138,3
3.9305,-10.3322,-12.3435,13.6377,12.419,6.7225,-4.9861,-9.6001,9.3301,-0.3922,3
5.4126,-9.1921,-12.5954,13.6331,13.8102,10.1625,-6.6425,-12.291,3.76,-1.083,3
1.7877,-9.8337,-12.2977,14.3454,15.1262,8.932,-5.1325,-12.7998,2.5707,-1.0,3
3.6741,-8.3643,-13.0864,11.0618,13.8315,10.5818,-5.1475,-12.29,3.0317,-3.3345,3
3.9422,-12.382,-13.5258,13.5242,15.6939,10.1737,-4.4174,-11.6171,4.2589,-2.7159,3
1.8274,-8.9981,-14.0893,12.8756,14.0027,11.7139,-4.8759,-13.2291,5.7548,0.6815,3
4.1491,-12.2817,-14.4213,11.9787,16.1301,11.1363,-6.7991,-13.0397,5.594,-1.6834,3
1.7829,-10.258,-15.2289,15.375,11.3285,6.5948,-5.209,-13.9252,4.7755,-1.7007,3
4.2393,-10.2159,-10.3797,13.4659,15.7552,9.6698,-2.6648,-10.4823,5.5922,-0.8522,3
2.8351,-10.2906,-15.0036,12.2542,17.0604,7.4459,-6.8448,-12.2104,5.4364,-1.2198,3
2.5227,-9.2162,-11.3349,15.3665,13.5677,10.1689,-7.5808,-13.1524,3.7664,-1.864,3
1.9375,-12.1653,-13.6275,10.8737,15.9598,8.4156,-4.3836,-12.8079,3.7346,-0.0321,3
3.3594,-7.0539,-13.7482,12.7992,15.4761,10.7695,-5.6314,-7.0669,5.1061,-3.6996,3
1.7225,-10.2964,-10.7703,13.1871,16.318,9.9036,-4.2365,-11.4891,6.0959,-0.6664,3
2.3763,-10.7178,-12.5241,16.3782,11.6578,6.2081,-6.2572,-10.5236,5.6041,-3.5494,3
3.345,-12.4837,-12.1051,13.0029,13.8459,9.8927,-5.5531,-12.8817,7.0774,-0.6,3
0.5649,-10.2296,-14.6689,11.5645,14.7717,8.623,-6.0757,-13.0744,6.0823,-0.7779,3
6.4817,-10.1557,-15.2211,12.7107,15.2396,8.093,-8.0848,-13.1976,4.7269,-3.4194,3
3.5526,-10.0028,-11.8639,12.7978,14.8061,8.5135,-7.556,-12.8844,3.0996,0.8869,3
3.4401,-11.0774,-13.6149,9.7909,16.1205,11.2567,-5.7003,-11.5906,3.6255,-3.5879,3
0.6804,-10.1259,-11.4569,12.8917,14.4905,10.7202,-8.2977,-9.3015,7.263,-1.0246,3
4.6125,-8.4277,-12.6095,15.609,13.29,9.9446,-3.8791,-16.1066,6.1839,-0.7085,3
0.6637,-9.4615,-14.239,14.0618,13.8265,7.8324,-4.1971,-12.6974,5.9319,0.1756,3
1.8513,-9.8722,-13.7914,13.0583,17.2031,9.9371,-5.3912,-11.2837,6.1724,-4.5341,3
6.6715,-12.0808,-10.4496,14.3936,14.2401,8.7937,-1.9538,-11.1631,5.5535,-2.5983,3
2.2436,-9.8084,-14.4444,14.486,13.0005,10.7594,-4.3877,-12.153,6.3974,-0.8499,3
1.0328,-7.2867,-13.4321,14.5099,15.0544,5.5176,-6.847,-10.8093,5.6204,-0.762,3
3.3649,-8.0402,-12.8774,15.6027,12.4989,9.0605,-6.7517,-11.4869,5.109,-2.1397,3
2.1692,-10.5754,-13.0639,10.4345,10.5163,9.3406,-10.0154,-12.3595,4.9612,-0.9824,3
2.2183,-7.53,-11.7762,11.1981,13.5424,11.5427,-6.908,-12.1492,7.6332,-2.6063,3
4.9108,-11.2493,-17.3799,15.3094,14.6271,10.0088,-7.501,-13.5899,7.2526,-1.4306,3
3.0502,-9.5529,-10.7857,14.5521,13.257,7.1467,-4.9795,-13.4558,3.7534,0.1782,3
4.535,-9.3057,-14.906,16.1505,15.5123,8.7962,-6.6345,-11.9521,4.8094,1.5224,3
2.6481,-11.4861,-10.6658,12.613,15.1486,10.265,-5.9494,-13.5293,5.4547,-3.5502,3
3.1908,-8.7251,-10.4718,11.8348,13.5933,8.4647,-5.451,-14.3525,4.134,-4.3335,3
1.0689,-10.8749,-10.5421,13.988,14.0665,11.2722,-5.2862,-11.3535,4.8175,-2.7514,3
1.2597,-10.7859,-13.4692,13.9836,13.9138,8.7043,-7.2291,-11.4711,4.7803,-1.2647,3
0.3564,-9.3796,-11.9281,14.3959,13.6739,10.6249,-7.771,-12.2036,5.2369,-0.2408,3
0.1956,-11.4715,-10.4276,9.8207,15.1906,8.2014,-5.4795,-9.9492,5.9668,0.3564,3
2.4878,-10.4245,-11.8682,12.8074,14.865,11.0276,-4.5591,-14.4382,5.0149,-1.3727,3
2.8605,-9.7652,-12.6058,12.6767,13.6788,7.4804,-6.5783,-14.3599,5.7017,-2.0853,3
1.8527,-7.2064,-13.4166,13.8964,13.011,8.6304,-5.375,-12.5682,5.5319,-0.5852,3
2.4493,-11.8825,-15.3378,15.6242,15.3657,10.2356,-6.5157,-14.0695,5.1035,-1.9355,3
1.529,-12.0888,-15.6439,14.4527,12.1609,9.716,-6.4583,-11.1854,6.0307,-2.1433,3
3.422,-10.0498,-13.9715,14.9367,13.3344,9.1216,-7.9843,-11.6588,4.6111,-2.5107,3
1.967,-10.0703,-16.0582,14.4901,13.911,8.551,-8.1839,-11.4202,4.5755,0.1637,3
3.9558,-7.5823,-12.843,15.0833,14.6631,8.5754,-5.5808,-13.3208,8.6302,-1.9467,3
3.2657,-9.2993,-14.6789,15.4486,12.431,7.3747,-6.1114,-13.9888,7.8699,-2.1415,3
-1.6054,-9.5844,-12.2182,12.8344,11.9351,9.097,-6.5841,-13.5332,3.9313,-1.5611,3
4.5809,-9.192,-15.6404,14.3898,15.1277,11.3425,-7.2864,-12.1547,6.3783,-2.5868,3
4.0542,-9.9203,-14.3181,12.3247,15.8429,7.7573,-7.6136,-11.5533,5.4811,-3.7629,3
2.4472,-11.1094,-14.011,17.254,13.5151,7.93,-2.8289,-10.7375,6.6142,-3.0451,3
5.0136,-8.6599,-12.8278,10.8921,13.9391,11.8468,-5.531,-12.6345,5.1843,-2.0343,3
2.0269,-9.9461,-10.8844,15.4607,12.8375,11.1658,-4.7199,-11.1198,6.1749,-3.191,3
2.618,-8.6349,-14.8588,11.9054,14.4283,8.0676,-4.6257,-13.2012,5.8936,-1.3033,3
2.5032,-10.2437,-14.0685,13.4387,12.5264,8.9167,-4.7389,-13.775,4.7964,-1.018,3
0.1099,-7.1009,-11.4806,11.1591,10.8127,9.2963,-7.542,-10.6276,6.118,-1.6104,3
2.371,-7.4843,-11.9183,14.3713,15.769,7.7236,-3.9345,-12.4667,6.0291,-2.0301,3
0.4095,-8.4483,-15.7852,12.0168,13.2897,6.3215,-7.5125,-11.7026,5.007,-2.1917,3
1.8538,-9.815,-13.5363,11.0051,13.6676,7.3891,-4.515,-12.6571,9.3093,-0.3451,3
3.0309,-9.0151,-16.1832,14.9101,12.7385,9.3865,-6.953,-13.0018,5.2553,-1.6802,3
3.186,-9.8873,-15.487,16.9646,14.3169,9.9083,-6.3716,-13.3811,5.7535,-1.3615,3
5.1791,-6.7678,-10.8329,10.8168,13.2783,9.7556,-6.462,-12.1356,2.3093,-0.4241,3
0.4132,-12.243,-14.5705,13.3203,11.5349,7.6613,-4.1382,-12.2384,6.1773,-3.6498,3
3.1456,-10.0881,-14.2414,13.39,11.1308,9.9098,-6.4608,-12.4557,6.8046,-1.1474,3
2.7488,-11.5592,-11.0555,11.4564,14.913,6.8558,-4.4848,-10.5539,2.6581,-1.1214,3
3.7761,-8.8297,-12.5006,12.0231,13.6431,11.7489,-7.5233,-11.5855,7.2539,-3.2816,3
1.1012,-11.7834,-12.456,11.5547,13.7659,11.3088,-5.9385,-13.2366,5.7151,-1.8984,3
3.9053,-7.4556,-12.4533,16.5172,14.6519,8.1009,-2.4291,-12.2571,3.9447,1.6902,3
2.1267,-11.0429,-13.8757,13.7135,15.3653,5.2787,-4.4718,-12.9016,4.9076,0.7774,3
3.5463,-9.2127,-13.1213,14.612,16.396,5.5393,-4.2347,-9.7493,6.2786,-2.8115,3
1.4979,-6.3415,-14.4059,15.743,14.5547,12.3207,-6.339,-14.4812,5.5302,-4.0251,3
7.2419,-8.94,-11.8813,14.6347,12.9286,9.0539,-5.696,-9.154,3.7914,-2.8883,3
2.6819,-10.8947,-15.2368,9.4095,11.2287,10.9005,-5.8739,-10.8165,4.6532,-1.9429,3
5.6461,-7.5552,-11.6355,13.7702,14.7459,9.8079,-6.112,-12.6764,7.2105,-3.7389,3
5.4574,-10.2974,-15.0195,12.6483,12.6573,8.3884,-6.7525,-13.0204,5.0651,-1.8926,3
4.3721,-10.2517,-12.5594,13.4779,14.7798,9.3219,-6.8318,-13.4471,5.8423,0.1146,3
2.8827,-10.9356,-13.4327,12.6245,12.9685,7.0865,-6.2282,-11.7162,3.9041,-3.1129,3
1.8043,-11.9643,-14.4818,13.1698,11.9559,9.0456,-6.9168,-13.4633,6.0928,-2.7556,3
2.5213,-7.9373,-14.4285,15.8154,13.4473,7.5477,-6.6925,-11.9667,7.4087,-0.5972,3
3.3222,-7.9943,-15.87,13.8407,14.4339,9.7351,-8.2768,-13.5952,5.2773,-0.1232,3
6.0992,-10.8809,-15.0132,14.6902,17.8905,10.9123,-6.9845,-7.7781,6.5572,-2.9819,3
6.1278,-11.1893,-13.9801,14.5565,13.9316,9.3074,-5.8035,-10.3981,2.0404,-1.3687,3
2.791,-11.013,-14.1812,9.5109,12.7713,11.1876,-4.6135,-12.3569,3.4101,-0.5626,3
5.1911,-8.333,-14.5015,12.1692,16.4528,7.438,-5.1443,-14.7364,5.0765,-0.9177,3
3.1814,-9.0984,-14.8878,12.2366,14.6917,10.2973,-5.5319,-10.6492,3.0412,-2.4947,3
5.9604,-7.9591,-12.098,13.2335,15.5212,9.8956,-8.1377,-10.5762,4.2279,-0.6559,3
0.8024,-7.4857,-13.4608,11.8026,12.9362,8.7466,-5.8702,-10.0926,5.6322,-5.0518,3
1.3817,-5.748,-12.8454,14.8928,13.5064,7.745,-6.5835,-11.8773,4.8366,1.0823,3
2.302,-11.4665,-11.8352,14.8646,14.0139,8.3487,-8.7126,-10.2388,6.8298,-2.4553,3
3.3157,-10.2243,-10.6054,11.9097,13.0389,8.1768,-5.3963,-11.9856,5.8271,-3.1163,3
5.4537,-10.5653,-11.2671,18.1752,12.659,9.7655,-6.059,-9.0235,5.106,-1.4224,3
3.5666,-10.0349,-11.9152,13.6067,14.6917,9.5723,-6.7684,-12.4733,6.3601,-0.9684,3
5.0939,-7.0954,-13.8301,13.6689,13.6789,7.591,-5.0148,-10.9031,3.9115,-2.3572,3
2.5182,-12.1469,-13.103,11.7487,14.2075,9.6556,-5.2721,-11.4079,7.8234,-3.0084,3
2.0886,-8.9015,-13.2464,15.1546,14.8115,12.1291,-5.9986,-14.2929,6.038,-1.9029,3
4.0281,-8.8904,-13.8503,11.9531,13.75,5.6801,-5.7406,-12.681,6.8195,-4.7742,3
3.2359,-7.5199,-12.0354,14.9376,14.4786,6.7596,-5.6118,-11.4571,3.9097,-1.9853,3
-1.1253,-10.3854,-13.703,15.5699,13.0641,8.8524,-5.9804,-12.9553,6.6067,-4.784,3
4.9312,-9.9021,-11.096,9.3457,10.3146,8.814,-5.1027,-12.9022,6.4028,-0.3235,3
4.2253,-9.7294,-12.905,12.5444,13.8859,7.7156,-7.0387,-11.2983,4.8327,-2.9018,3
3.9002,-9.3144,-13.3714,13.2432,14.5929,10.7054,-5.56,-13.8579,5.1948,-2.4061,3
1.6469,-9.1374,-12.1862,14.5559,12.4826,9.4881,-5.871,-11.6087,5.7216,-1.8142,3
3.0273,-8.224,-14.3412,13.2068,15.591,8.0353,-7.0017,-10.9689,3.3911,-0.8045,3
2.4919,-9.2693,-14.8796,15.2442,12.1431,10.3393,-7.6248,-9.3574,5.4199,1.1309,3
1.998,-10.5483,-11.2324,11.3273,12.9201,9.9945,-7.3898,-11.2871,5.7826,-4.0659,3
4.678,-11.7779,-11.8915,13.6593,13.2864,7.5938,-5.3677,-13.3786,7.3389,0.0713,3
5.6894,-9.4629,-13.6549,13.0212,13.4138,9.6239,-5.2067,-10.2225,5.5572,-3.9003,3
2.6152,-7.5505,-15.3833,14.5753,13.3831,7.9267,-5.2682,-9.7284,6.0377,-2.1892,3
1.2823,-10.0326,-15.0467,13.0017,13.8744,5.7111,-3.7791,-13.9276,5.2481,-0.9947,3
5.1892,-11.0725,-16.8122,15.0846,12.0947,9.7911,-5.2292,-16.9479,3.1047,-2.4866,3
-0.6498,-11.8914,-12.8641,13.3338,14.4229,9.9258,-8.3843,-13.9971,6.669,0.4911,3
1.7752,-9.4959,-11.8378,13.8229,13.5958,8.2909,-2.8837,-11.9255,6.1104,-1.3089,3
2.0077,-9.808,-13.5318,12.9563,14.4444,7.8785,-7.6688,-11.3157,4.7296,-2.3129,3
0.3332,-8.4397,-12.2624,14.5287,14.5499,6.978,-5.5181,-12.9835,4.0827,-1.0454,3
5.7141,-7.6443,-12.1152,13.4212,13.6456,7.8952,-6.2662,-10.7071,8.2617,-3.0201,3
0.2338,-10.6806,-11.6925,16.575,15.934,11.1798,-7.1359,-13.3019,3.5413,-2.7936,3
4.5975,-7.4475,-12.5302,13.0839,12.3689,9.0831,-5.5569,-14.2644,6.9092,-2.4313,3
4.5185,-9.9007,-12.6026,12.4136,13.452,10.215,-6.0588,-13.7273,5.6944,-1.2169,3
5.2857,-8.1554,-13.1454,12.6456,13.6265,8.4663,-5.1023,-10.5073,7.3867,-2.4137,3
2.4583,-10.5149,-15.9465,11.6623,13.9171,9.8208,-5.1248,-13.2406,4.7903,-2.1997,3
2.6547,-8.8522,-15.0107,11.7426,13.5213,7.2035,-8.7123,-14.3101,5.1629,-0.8496,3
4.2034,-7.5024,-12.896,13.8209,13.5934,8.9492,-2.7408,-11.6778,6.0494,-3.5131,3
3.842,-8.8968,-11.383,14.4117,13.7789,8.9978,-5.9697,-11.9091,7.4285,-0.1865,3
4.3557,-6.8405,-17.0328,12.7765,13.9521,8.2436,-7.2562,-14.6456,5.06,-0.4544,3
4.3873,-11.0125,-12.7181,15.503,11.6889,9.0137,-5.4318,-12.0548,6.8029,-4.0422,3
1.7176,-8.8612,-15.6018,14.6842,14.6437,10.3648,-6.5655,-11.3051,3.7686,-2.4172,3
3.2809,-11.2324,-12.7213,11.7503,14.3719,11.8647,-7.7466,-12.1037,3.1,-3.0449,3
4.2793,-10.5302,-11.9348,14.0004,13.8722,7.7078,-4.8334,-11.6136,3.2349,-3.2422,3
-0.9272,-11.9327,-13.5185,11.8828,12.7215,11.3378,-4.3184,-13.1118,6.7173,0.0269,3
4.1542,-9.4359,-11.401,14.6208,12.1493,8.9685,-6.6897,-10.3411,4.6564,-2.9237,3
4.7664,-9.4948,-9.8808,12.1732,13.1907,10.9349,-7.7802,-10.0903,3.7158,-0.8801,3
0.4618,-9.8166,-15.1027,16.356,12.3615,8.0086,-5.0584,-12.9713,6.5769,-2.8618,3
2.0444,-9.9256,-14.8738,14.0611,15.2849,10.0814,-4.8967,-14.9571,4.8345,-2.136,3
5.408,-10.7562,-16.5011,11.9606,12.9772,6.0172,-4.4085,-14.4242,6.196,-3.434,3
5.4868,-10.2985,-13.7671,14.2589,12.458,10.1152,-6.5841,-12.9617,5.3956,-3.4299,3
2.94,-9.375,-16.5116,15.1035,15.1929,6.4701,-8.8772,-10.807,6.6738,-0.8609,3
1.086,-7.1413,-14.181,13.8258,14.3466,11.6413,-5.6738,-11.4461,5.4113,-3.5903,3
-0.2516,-9.8354,-15.167,13.9918,14.1921,9.4386,-7.441,-10.515,6.2391,-3.568,3
6.3292,-10.2005,-15.0499,12.329,11.7056,11.2911,-4.2409,-10.9606,6.3537,0.0771,3
2.8634,-9.2503,-14.2663,13.2364,14.6441,4.6302,-6.7912,-11.8224,5.4107,-2.474,3
4.1101,-10.9458,-14.8813,15.2422,15.5329,8.3532,-5.9646,-10.8009,5.593,-1.0001,3
3.9397,-10.363,-12.2746,12.0192,14.5604,9.1408,-6.4027,-13.9399,5.7245,-1.7376,3
1.9669,-12.2796,-15.5152,13.0855,14.4287,12.0269,-5.9293,-14.5079,5.2166,0.0816,3
2.2022,-8.2064,-12.7849,14.4369,16.7572,6.496,-4.5168,-12.2119,4.1032,-1.9464,3
5.7628,-7.8819,-16.0495,12.3118,15.3833,9.2193,-5.8886,-14.4223,4.4088,-3.8327,3
0.7464,-11.7709,-14.4406,12.3249,12.7058,10.7826,-7.2223,-9.9306,4.801,-1.1366,3
3.9331,-11.231,-13.5406,12.7122,14.5276,9.0587,-6.9842,-11.8912,6.0364,0.9796,3
3.3285,-9.8693,-12.4059,12.0425,11.3807,8.7838,-4.2534,-10.2195,2.7079,-0.7963,3
-0.0509,-9.1955,-12.4494,10.8806,15.469,11.8677,-5.9553,-11.8583,7.7457,-3.4849,3
1.5747,-11.1434,-12.9928,13.5182,13.139,8.8012,-6.6709,-12.8075,4.3742,-2.9361,3
0.2249,-10.2198,-15.9818,14.5924,13.1291,9.0728,-6.4214,-12.436,7.4221,-3.8227,3
0.7914,-9.7052,-13.7923,14.006,15.0438,7.5924,-4.9565,-13.6028,5.6389,-3.6508,3
3.4246,-9.9156,-14.7028,11.4289,15.0949,8.5724,-4.3435,-12.8849,7.4803,-3.218,3
5.4355,-9.6227,-12.4488,11.9605,15.0628,10.3978,-6.3482,-15.2708,3.857,-3.4656,3
3.9004,-10.5818,-13.7169,12.6171,16.1729,9.3199,-5.565,-12.9989,5.4825,-3.259,3
3.7419,-11.6041,-11.9321,12.3641,15.3916,12.1129,-5.8599,-10.1024,6.6542,-3.9446,3
3.3927,-9.1325,-12.1519,13.7339,14.2169,9.2596,-5.6618,-13.9054,5.1727,-3.9749,3
2.4799,-10.7705,-14.0304,11.8886,14.3729,8.7748,-6.4922,-14.1812,5.0802,-0.0771,3
4.9676,-9.324,-13.4912,14.305,12.9679,8.803,-6.9754,-10.7073,6.697,-1.8474,3
5.8232,-9.2655,-12.5141,13.8402,12.0755,7.9105,-5.9435,-12.1394,6.4116,-2.7972,3
3.3324,-9.7514,-12.8562,13.4912,11.8632,5.8601,-7.2742,-12.8665,3.7593,-1.8789,3
4.8615,-8.7952,-12.349,14.9445,12.582,8.5667,-4.9393,-12.7816,4.8973,0.9982,3
3.3695,-7.2388,-15.7834,12.5203,14.5822,9.3925,-8.9449,-12.4142,9.2365,-1.4251,3
4.133,-10.8502,-12.6835,13.4481,15.6472,10.8824,-5.2503,-11.9634,3.0083,-4.3664,3
3.3492,-8.5723,-11.0508,12.132,11.7051,10.6514,-7.0836,-14.4354,4.7865,-2.5621,3
5.2066,-8.5858,-14.1545,15.5635,14.1565,10.8432,-3.8708,-12.4637,6.384,-2.4056,3
4.6215,-9.7489,-11.608,15.7537,14.7898,9.1117,-5.9768,-16.5054,4.4578,-0.3966,3
4.6812,-10.9861,-12.8016,13.1827,15.0034,12.5648,-4.7989,-13.0751,5.4094,0.3075,3
1.1133,-10.8069,-11.9835,15.4081,14.8824,8.3419,-5.0568,-11.4484,6.0532,-1.941,3
3.3058,-11.2455,-9.3281,13.7021,14.7917,8.9251,-4.5936,-14.0175,2.9086,-1.8411,3
6.3074,-8.0718,-14.2611,14.2407,13.015,9.8915,-5.105,-10.6801,3.1785,-3.6938,3
3.113,-11.4329,-14.713,13.8744,12.5949,12.6384,-6.6613,-12.4752,5.9733,-4.0574,3
3.9891,-9.3721,-13.5724,13.8775,14.6114,11.4047,-2.1112,-13.6621,3.581,-1.6413,3
0.108,-8.9102,-12.8788,14.0175,13.5136,9.6344,-5.1532,-11.7698,3.5093,-1.5374,3
6.0073,-9.5229,-12.8429,15.8066,12.8505,10.5864,-6.6568,-10.44,6.7241,-2.4138,3
2.8274,-8.4176,-15.8316,12.8037,14.8996,8.7898,-5.6593,-15.1316,4.2453,-0.7762,3
2.0998,-11.838,-11.456,14.2401,12.3362,9.4597,-7.4455,-12.2985,5.791,-3.0082,3
4.3398,-8.5382,-12.6531,14.0875,11.7897,11.2952,-5.9986,-13.4727,5.7457,-0.6772,3
3.9949,-11.5113,-11.912,13.3756,14.7208,8.0496,-4.2927,-11.7958,7.3102,-4.0977,3
1.1242,-10.2443,-10.847,16.4108,12.6363,9.3315,-5.6289,-10.9926,6.8544,-3.467,3
3.3232,-12.8971,-11.8323,12.9586,12.1609,9.7507,-6.4164,-10.1776,4.1881,1.539,3
4.5082,-7.9527,-14.5917,16.1493,12.1501,8.9372,-3.9046,-11.3097,3.6682,-0.0923,3
3.7363,-10.5086,-15.3615,14.1187,13.7238,9.4864,-8.2394,-12.6978,6.2474,1.0193,3
2.9184,-7.7193,-11.8674,13.8172,12.4504,7.7962,-4.9353,-12.8596,4.6039,-2.0663,3
2.9806,-8.5331,-13.8067,14.6684,14.6285,6.7409,-5.4198,-16.0715,4.1842,-1.1008,3
3.2104,-12.5361,-14.7272,9.5532,11.9551,10.1205,-6.6977,-11.8149,5.5475,-1.7466,3
4.761,-10.1886,-11.6824,9.7506,15.6361,7.3168,-7.471,-13.1268,7.1528,-3.1294,3
2.2425,-11.3268,-12.6654,14.582,16.5254,12.8516,-4.8863,-11.5214,3.701,1.0685,3
3.5495,-10.3179,-12.4672,12.512,10.4625,10.1096,-3.8479,-11.2345,5.5164,-1.7755,3
3.4848,-9.6718,-13.1395,13.5046,16.3015,9.9603,-5.7039,-11.081,6.5159,-0.3764,3
2.091,-10.6051,-14.2688,14.6167,15.0458,7.3421,-5.2753,-10.0115,5.174,-1.3245,3
4.3221,-11.8651,-12.8205,15.3747,13.0791,10.5006,-5.8208,-13.0816,5.3822,-2.5846,3
1.8939,-10.2658,-12.9458,13.2175,13.5709,9.5909,-5.0645,-13.786,5.1484,-4.7557,3
2.9831,-9.6585,-12.1938,13.6977,14.7912,9.3498,-6.8749,-13.7437,5.1325,-2.9448,3
3.0468,-10.6221,-12.4198,13.54,14.6402,9.9155,-6.1311,-12.2473,6.2794,1.8735,3
1.7426,-9.8216,-14.842,13.4352,12.9579,9.0721,-5.6286,-12.8039,2.8514,0.3429,3
4.4853,-10.0801,-14.3906,13.5941,14.5104,10.4069,-4.5683,-10.4938,2.9157,-2.2524,3
4.716,-11.2697,-11.2196,16.1821,15.7558,10.2443,-6.5328,-11.6474,3.5078,-2.9671,3
2.1601,-9.7913,-13.6367,13.859,15.2857,8.1873,-5.6387,-12.6938,5.8122,-0.7662,3
4.6082,-8.8788,-12.4275,11.3362,12.3471,8.0157,-5.3237,-14.0063,6.0333,-1.3987,3
0.3228,-11.5157,-11.4826,14.5127,12.6934,7.6996,-9.5371,-9.8629,5.5886,1.0302,3
2.9388,-9.4604,-11.7115,15.9248,14.7205,9.2555,-5.8197,-13.6386,4.9542,-1.7186,3
5.2992,-10.5293,-11.4545,13.3438,15.8343,10.267,-4.9478,-10.6016,6.7767,-0.1997,3
6.424,-7.4589,-12.3488,12.8039,14.5186,6.3626,-4.6181,-13.6599,7.2107,1.175,3
1.0499,-9.9597,-14.6451,10.8741,13.8095,10.2047,-4.73,-11.8389,3.0306,-1.6104,3
0.9875,-12.0248,-14.5437,15.0413,14.7868,9.7358,-7.1555,-12.6515,3.4718,0.251,3
6.5222,-9.0494,-11.9508,13.2281,11.5398,7.986,-6.5597,-12.6477,4.6039,-1.7238,3
1.9511,-6.6327,-15.0965,14.7975,13.5762,9.9461,-5.0994,-11.8343,3.8269,-2.2935,3
3.48,-9.7246,-14.5832,15.4034,10.2286,8.8767,-7.2436,-11.7966,7.0521,-3.9059,3
6.7568,-9.5815,-12.4759,11.3069,13.8991,10.7094,-5.5467,-11.8595,5.4492,-3.8624,3
1.1508,-8.1303,-11.725,15.012,12.7347,9.0156,-4.0139,-13.9128,7.2218,-2.6752,3
1.9435,-9.9322,-14.724,10.6212,14.083,10.0533,-4.0387,-11.1594,8.4751,0.2462,3
4.3335,-9.1813,-11.2033,10.147,13.2489,6.4642,-4.8669,-13.184,10.0565,-2.5723,3
3.3859,-10.4877,-13.7817,11.5968,12.0487,5.9827,-5.0434,-12.7068,8.4274,-3.6616,3
5.4408,-7.5259,-11.1329,13.8188,13.4617,11.166,-7.0488,-11.6638,5.4614,-3.1326,3
3.6434,-8.7715,-14.4447,14.1567,10.6254,7.6782,-6.5476,-11.5338,6.831,-1.6712,3
4.0762,-10.1251,-12.4413,13.9944,13.2054,8.7189,-4.9614,-9.3517,7.3372,-3.4891,3
1.538,-10.6877,-12.9001,13.539,15.8294,11.1946,-5.8531,-12.4114,6.3021,-0.2006,3
4.055,-10.5316,-13.9668,11.8007,14.2592,10.1866,-4.7593,-10.3422,7.7475,-3.8579,3
3.8335,-9.2254,-13.1594,12.224,16.1359,8.369,-9.1504,-12.0397,5.1702,0.9911,3
3.9609,-10.3422,-13.3437,13.154,17.2947,10.2651,-7.9723,-12.4365,5.4915,-3.4568,3
0.5519,-8.9909,-14.2554,15.3397,13.9813,8.5405,-9.4867,-10.2364,5.9673,-2.4677,3
1.8909,-7.4856,-14.6448,12.9136,14.8236,11.4281,-6.1861,-13.1721,5.3669,-0.4387,3
4.9204,-11.947,-12.876,11.3152,15.2953,9.8855,-7.2434,-9.7686,6.0295,-1.4576,3
2.9577,-9.8963,-13.6207,12.3548,15.8127,8.5128,-6.6512,-12.2638,7.6638,-0.0987,3
2.6341,-8.0441,-12.8863,12.2014,13.2548,11.3118,-2.7373,-11.5901,4.6772,-1.9828,3
2.0827,-10.8094,-14.121,13.3476,14.15,9.0297,-6.1936,-10.9291,5.1832,-2.0429,3
2.9615,-7.5693,-13.7853,14.361,12.8464,9.7768,-5.0422,-10.4434,4.9506,-3.4664,3
2.0504,-8.4375,-9.9258,14.7182,12.0758,10.4529,-7.2773,-12.5936,5.8078,-1.2624,3
3.3245,-10.7859,-11.4585,12.6752,15.8507,7.2129,-5.5383,-13.9091,4.2759,-2.5649,3
5.5073,-7.9222,-11.7371,13.5165,14.251,11.1516,-4.8096,-12.0428,7.757,-0.5736,3
3.59,-10.5727,-13.8723,12.9623,14.6544,10.5056,-8.028,-14.9897,4.0998,-2.4069,3
5.0203,-10.3049,-12.6663,14.0934,12.4336,11.4418,-6.8588,-9.7301,5.3377,-2.3017,3
1.5602,-9.5883,-9.6669,14.0869,14.3746,8.252,-4.9736,-11.8334,5.4327,-1.0532,3
0.5026,-10.0351,-14.844,13.5099,12.8827,8.2682,-7.8617,-10.3963,4.5104,-2.7318,3
5.5223,-9.0323,-16.1004,15.5446,16.4408,11.5835,-4.8593,-13.7224,5.4532,-3.9681,3
1.9273,-11.5506,-13.989,13.7125,13.3016,8.5201,-6.2979,-9.8206,8.7726,-2.4715,3
3.7305,-11.1462,-11.897,12.7519,12.9023,12.2543,-7.8957,-15.7491,6.6292,-2.3469,3
2.2574,-5.7868,-11.9531,13.3788,12.9071,9.9206,-8.4609,-12.844,5.4713,-1.4752,3
3.0127,-10.9241,-11.6675,10.9891,13.5521,8.475,-4.3438,-12.7582,6.1835,-1.2959,3
0.4737,-9.9827,-15.6626,13.9935,12.8735,11.0319,-6.1327,-13.2249,7.3268,-3.1033,3
4.5684,-9.183,-13.5966,11.4626,15.8315,10.0026,-7.0195,-11.7029,7.0362,-1.6274,3
3.5839,-8.3363,-10.7426,13.2872,11.9628,7.2981,-6.8981,-13.4722,3.0033,0.9763,3
4.0185,-10.67,-13.0972,10.787,15.7049,6.3275,-5.0965,-14.8275,4.906,0.0686,3
0.7754,-10.1073,-12.1068,14.1628,14.0742,9.9956,-6.7778,-9.1706,3.1111,-0.0523,3
3.5106,-8.9586,-11.8566,14.3,12.7524,8.8225,-8.039,-12.5176,6.0108,-0.8847,3
3.8135,-12.5169,-13.8917,12.4732,12.0037,7.998,-5.8597,-9.9492,4.0974,-3.4887,3
2.3271,-9.3781,-11.2129,13.3368,11.8001,7.4023,-5.5792,-10.577,8.2506,-3.569,3
3.436,-11.429,-14.3964,11.9916,13.4676,7.9285,-2.1433,-12.7594,7.0087,-2.7847,3
6.5762,-9.3757,-11.7931,12.5799,15.4336,9.7543,-6.4301,-13.6897,5.1707,-2.2801,3
4.5299,-10.2326,-15.9308,14.4358,15.9087,6.7528,-3.1545,-9.9749,4.5807,-3.4712,3
4.8058,-11.9388,-14.051,11.4939,13.9778,11.4497,-5.2992,-10.5427,4.9993,-1.6495,3
1.3867,-10.0296,-14.1674,13.2262,13.6254,8.7803,-2.7003,-9.4185,7.6512,0.8972,3
5.3553,-9.9178,-13.2358,13.8197,13.6529,7.6919,-5.4167,-14.419,5.7335,-3.2876,3
3.1048,-9.5975,-13.5777,11.0058,12.1869,9.9393,-6.6978,-11.2286,5.5415,-2.0922,3
3.7478,-10.8966,-12.4479,12.8373,17.7734,7.551,-6.3975,-12.5452,3.4992,-0.7067,3
2.5833,-13.4539,-12.0058,12.5123,13.8116,10.2672,-6.4086,-12.6292,9.224,-5.026,3
1.2974,-11.5224,-10.3649,12.4996,14.3293,8.5408,-4.9568,-12.0889,5.9066,0.1354,3
3.8868,-10.9869,-12.5804,17.0945,14.8164,9.4798,-7.9174,-10.9832,6.8353,-1.3263,3
3.3975,-5.6355,-11.7653,15.3266,14.0693,9.0545,-4.9134,-12.2687,5.4513,-1.1006,3
2.4571,-9.5537,-12.9283,14.9171,13.052,6.252,-6.3275,-11.4739,6.9732,-2.8347,3
4.0395,-8.1815,-11.9216,12.2806,12.9441,9.9044,-3.4236,-12.0486,5.279,-3.8499,3
2.6799,-10.9571,-13.0077,11.1973,13.4761,7.7385,-4.4512,-13.3586,4.6685,-1.3722,3
2.5458,-6.3451,-11.6527,13.4924,14.5211,5.7188,-4.014,-11.302,5.4173,-0.9467,3
4.2581,-10.5088,-12.4782,15.0397,14.6513,8.873,-5.4166,-9.9965,6.703,-3.54,3
4.1064,-9.203,-11.3023,13.5158,13.415,7.1997,-6.9035,-10.2579,5.8239,-1.9451,3
5.1698,-8.2499,-14.1521,15.2681,11.4811,9.9412,-5.3496,-10.3452,6.0985,-2.1623,3
2.978,-5.8444,-12.9245,14.3622,10.9372,8.0109,-5.0834,-14.4916,6.3511,-2.8831,3
1.6756,-10.9775,-10.7571,13.9667,12.6033,10.4149,-4.617,-12.6418,6.9658,-0.2853,3
4.5033,-10.8949,-14.817,10.9273,12.9857,8.7002,-6.2912,-12.1406,8.1265,-2.3048,3
3.1532,-12.6107,-9.7065,11.4927,12.9087,10.2955,-5.4923,-9.6051,6.607,-1.9174,3
4.7925,-8.1423,-14.0387,14.9111,13.6356,9.0967,-5.6472,-12.641,4.8751,-0.3183,3
0.9329,-11.4767,-12.0364,13.3572,15.4562,9.7888,-7.8621,-11.9756,6.3288,-1.4444,3
2.5239,-10.2952,-13.8886,11.4788,11.7749,9.837,-7.1688,-11.2064,4.6344,-3.7651,3
2.6144,-6.7427,-13.1919,14.4354,14.2222,7.1441,-3.6881,-12.4416,3.5612,-2.5638,3
2.917,-8.7601,-14.0696,17.3971,12.5632,10.1699,-8.8225,-12.2554,6.0778,-3.4748,3
5.4749,-9.2326,-13.5249,14.1021,13.079,11.129,-4.3386,-11.5098,6.4445,-4.0112,3
5.4268,-10.0333,-11.5109,14.5913,15.4835,7.6803,-7.2423,-8.6974,3.248,-3.4418,3
3.2912,-9.8168,-13.8585,14.3907,15.3221,9.2247,-6.2643,-12.1032,4.7809,-4.3428,3
3.6777,-8.7355,-13.2793,10.0689,13.1114,10.6105,-8.019,-11.026,4.8589,-1.8236,3
2.1975,-11.5877,-10.8971,14.6903,14.936,10.6148,-5.1075,-10.6536,4.5311,0.2711,3
5.159,-9.3136,-13.4804,11.6313,14.3119,11.7793,-7.6028,-10.5427,4.8198,-2.3746,3
1.4632,-11.013,-12.0783,14.6233,14.3227,8.5007,-7.5169,-11.9772,4.9796,-1.4787,3
2.7445,-10.3278,-12.81,13.9949,15.8048,8.7464,-5.0433,-9.3644,6.3851,-0.049,3
2.2954,-10.9648,-13.2875,13.3872,15.5752,8.1574,-5.9945,-10.4576,5.8503,-1.8117,3
3.5841,-11.5756,-14.7641,11.0842,14.279,10.6302,-4.7132,-10.3544,7.7083,-1.5785,3
3.1294,-7.6703,-14.1,11.6988,13.4606,8.5683,-5.7891,-13.3449,6.0816,-2.6491,3
5.0687,-11.6761,-13.2577,12.9642,14.3153,10.642,-5.4623,-12.2627,6.5639,-0.5309,3
3.6301,-9.3029,-12.0785,11.0007,13.4428,9.8163,-6.299,-12.5021,6.0893,-1.199,3
3.9269,-11.0726,-15.1752,14.6731,12.8553,8.0346,-7.2142,-10.3433,5.845,-1.2816,3
4.2607,-9.9478,-11.5294,11.6714,12.3406,7.5408,-5.2291,-11.3102,4.8181,-2.1441,3
5.1285,-10.9259,-12.6053,12.438,15.6129,10.1946,-7.96,-12.461,2.4085,-0.4447,3
6.2973,-13.1549,-15.1891,13.7175,13.9413,8.6357,-8.468,-11.5847,6.8583,2.4751,3
5.1873,-11.8324,-13.0663,14.3547,12.9366,10.4219,-4.8065,-10.2138,6.7304,-1.3677,3
2.2694,-11.8239,-12.7199,12.8608,13.5082,10.9346,-3.8082,-13.9229,5.2113,-2.4452,3
3.6987,-13.2837,-15.2397,13.2903,15.1481,9.3649,-4.8543,-11.7739,7.4414,0.4334,3
2.0857,-8.5588,-12.2863,17.2236,12.7722,9.0768,-7.41,-13.5292,6.1053,-1.4871,3
4.0385,-9.1046,-13.4019,13.1028,12.5128,8.2002,-5.9468,-11.7743,6.5932,-0.8821,3
5.562,-11.3433,-13.3973,12.1386,15.8849,8.4982,-4.129,-9.8907,6.1471,-1.3558,3
3.2843,-10.3599,-13.7045,13.2454,16.7055,7.6891,-5.5547,-11.0029,5.1004,-1.1713,3
0.9694,-7.8967,-11.3517,13.3189,12.6492,10.4413,-7.5838,-13.5768,5.4466,0.4816,3
4.1872,-10.8548,-15.5716,13.5288,14.3461,9.1428,-3.152,-12.2677,2.1038,-2.4061,3
3.9083,-9.3039,-13.3135,12.9532,10.9695,9.3806,-6.3695,-11.696,6.2639,0.0662,3
1.793,-11.8252,-13.9094,12.3632,12.7308,11.4193,-5.639,-9.1112,5.5224,-3.5532,3
2.0141,-8.3476,-14.7492,14.3034,13.4338,7.8572,-3.7818,-12.9527,4.2856,-1.9138,3
2.464,-6.5618,-11.4579,12.5805,13.256,6.2227,-5.6555,-13.1904,5.659,-4.7448,3
3.1862,-7.3363,-12.9672,12.3045,13.9383,9.1555,-2.5738,-12.5691,3.7221,-1.7632,3
3.5196,-9.0408,-11.9148,16.3999,13.0755,8.2221,-8.6428,-11.0774,4.196,-0.4578,3
2.4889,-7.2953,-15.1987,15.001,15.3247,10.0418,-7.5375,-11.2731,5.7173,-4.5408,3
5.5638,-10.4027,-10.8266,13.3651,15.4425,7.9626,-5.5399,-11.8539,5.0416,-3.0993,3
-1.3739,-11.1529,-11.9977,11.3737,12.1868,7.0996,-5.5483,-13.4099,7.3575,-0.6935,3
3.5265,-9.4284,-14.1929,12.3225,15.0355,10.622,-4.8082,-12.7757,4.94,-3.1931,3
4.3787,-12.8265,-16.3548,10.4593,10.7549,11.2876,-4.6814,-13.8677,5.3681,0.4033,3
3.9766,-6.7127,-13.2199,12.4838,12.3473,9.2874,-4.4575,-11.9211,4.9897,0.0894,3
4.0197,-10.0544,-14.1983,13.0849,14.6781,8.0814,-7.7121,-12.7901,5.4532,0.2495,3
1.4863,-9.5442,-13.4648,13.1247,16.278,9.3737,-7.2319,-10.7367,6.7499,-3.2972,3
1.4369,-9.2685,-13.0979,12.7607,15.5534,8.3635,-5.2292,-10.3079,5.0183,-4.5391,3
2.6217,-9.6004,-11.5439,12.6848,16.5536,7.3037,-5.6154,-12.4286,7.5476,-4.0059,3
3.8648,-10.2506,-10.7547,12.2237,14.5919,7.9946,-5.5795,-12.6239,4.9491,-4.7766,3
3.8482,-11.5076,-14.7235,11.1336,12.3849,10.0026,-5.1848,-11.0743,3.9865,-1.4733,3
2.3033,-8.4522,-12.4094,12.4818,15.5298,10.0129,-7.9421,-14.5771,3.5055,0.6783,3
1.7032,-7.0701,-14.6494,11.7058,15.2889,10.6402,-5.0278,-11.0557,4.3246,-0.5459,3
3.5863,-10.4322,-12.9065,15.0575,14.5567,6.0152,-4.5247,-10.8479,4.9584,-1.6203,3
3.3955,-12.8535,-13.651,12.9221,13.7309,8.4631,-4.8673,-13.2835,6.8921,-0.8718,3
5.267,-7.2836,-10.4378,11.6881,14.4852,8.1752,-0.9411,-11.1487,7.6515,-1.1424,3
-0.7268,-11.0596,-14.0768,12.8814,14.5083,10.0039,-9.8026,-12.4252,4.7982,0.2761,3
4.1147,-10.1589,-12.7129,10.936,14.961,8.6586,-7.0727,-10.0985,5.9374,-2.7936,3
2.3198,-9.3354,-12.6162,13.5107,12.1639,7.6687,-6.9841,-12.3641,5.465,-2.0354,3
3.055,-7.0624,-11.7746,15.2489,14.6654,9.3605,-5.2466,-11.7311,6.739,-3.2581,3
4.3135,-9.6337,-15.7591,13.5951,12.0096,8.4494,-6.1004,-14.3305,5.4464,-1.6927,3
4.359,-10.5649,-12.6367,13.3234,13.3416,6.7461,-6.029,-10.9531,4.1264,-2.1221,3
3.1206,-8.2306,-13.0033,13.8987,13.956,8.5135,-7.5633,-12.4974,6.117,-1.6108,3
5.4456,-8.4655,-11.1876,10.4182,16.338,9.6521,-5.2482,-10.7258,5.559,-3.401,3
5.3975,-11.0366,-14.527,13.1151,13.39,9.2576,-6.0089,-10.0491,6.216,-3.0821,3
2.1456,-10.4666,-13.6248,12.6944,12.3163,9.6875,-6.545,-13.4975,6.2552,-0.5237,3
2.8579,-7.212,-9.7252,14.2119,13.2657,9.6554,-7.6983,-13.3776,3.003,-2.7381,3
1.3776,-8.9482,-14.1722,13.8815,15.0908,11.0089,-6.3917,-11.6039,6.0407,0.1127,3
4.4017,-7.9293,-15.5454,12.4702,15.5167,10.123,-6.0492,-12.7809,6.71,-4.7648,3
4.4146,-9.7482,-13.7817,14.2202,13.3899,9.2954,-5.931,-10.953,5.7658,-4.6591,3
1.1382,-11.5105,-12.3636,14.3018,16.4745,7.7303,-3.8977,-14.9767,5.5536,-1.4276,3
3.5887,-10.3487,-12.8716,11.6137,15.2667,9.6266,-5.3182,-12.4884,5.035,-1.0083,3
5.6113,-11.9747,-15.2146,13.8659,13.4707,9.4381,-5.8973,-11.1368,5.0977,-3.6077,3
2.0416,-10.125,-14.9309,13.4113,14.0601,8.7152,-5.5478,-14.4913,4.0972,-3.5095,3
4.5461,-6.425,-14.3697,13.1137,12.9288,9.5838,-6.7742,-11.6457,6.5245,-3.6312,3
3.6336,-12.5754,-13.4333,12.981,13.6253,8.7838,-6.604,-12.4685,5.8842,-1.396,3
3.3991,-10.7447,-11.4279,15.7546,12.0363,9.4983,-6.5638,-10.6814,5.5081,-1.7157,3
3.9688,-10.3306,-10.5322,14.2312,15.3664,8.9211,-6.0459,-10.8524,6.5938,-3.6684,3
3.4178,-9.1735,-13.2439,14.035,13.837,5.8818,-7.8279,-10.6074,5.1604,-1.5109,3
3.2209,-11.1222,-13.7491,13.96,14.6155,12.5345,-6.5782,-9.5639,4.2364,-1.0625,3
3.4932,-10.0731,-13.0569,12.5326,15.3248,7.988,-5.3853,-10.936,7.6033,-0.3378,3
4.085,-10.8409,-14.2271,11.7587,12.1176,9.2498,-6.9527,-10.271,4.6585,-1.654,3
2.8294,-11.9901,-11.4143,14.5098,15.1847,10.1443,-7.0008,-13.1799,6.205,0.519,3
3.8053,-8.4166,-13.8373,15.1133,13.3398,9.6122,-6.4108,-10.7361,6.8811,-4.0106,3
5.2143,-6.3197,-13.5815,13.2764,15.8281,9.3521,-5.8675,-9.2244,3.4955,-2.9789,3
3.8531,-12.3136,-13.608,12.8933,15.4116,10.2912,-8.3864,-13.1095,4.4919,-2.1203,3
1.58,-9.2068,-14.0897,14.3495,13.9647,7.7923,-3.7792,-9.9432,5.9625,-2.1542,3
1.6419,-8.2776,-11.8145,12.2456,12.9387,9.9373,-7.6248,-13.0084,3.9661,-3.3079,3
2.1462,-8.5253,-15.6803,14.1168,14.3559,10.7044,-5.476,-12.6381,4.304,-0.3098,3
3.9718,-10.624,-11.6851,12.7977,13.9675,8.3452,-5.0608,-13.5611,5.0791,-2.7773,3
3.6219,-9.3015,-14.7047,14.0762,11.7539,12.5399,-6.6288,-10.4959,5.8287,-1.4327,3
1.4772,-8.6191,-12.9755,14.1718,13.8329,9.447,-7.1923,-12.2992,4.8972,-2.8538,3
3.4281,-9.3392,-12.6723,13.3132,14.5856,9.6152,-5.7153,-11.8206,7.3015,-3.603,3
2.7485,-9.377,-15.4226,15.5404,14.3512,10.6873,-4.1819,-11.4512,2.1781,-1.5739,3
3.5442,-11.5146,-15.733,14.1591,12.0952,12.344,-5.4669,-10.0426,5.5737,-0.6681,3
3.3062,-8.3759,-16.106,14.7988,14.9721,9.0207,-6.4753,-12.5185,5.9511,0.0256,3
2.4251,-12.4369,-9.3216,14.4739,13.3821,11.0352,-4.461,-11.3314,4.8114,-0.7944,3
4.8607,-12.4644,-12.7117,13.9138,14.3681,9.3212,-4.0825,-12.3868,5.5228,-1.3219,3
2.9592,-11.9633,-12.7273,13.8048,13.4212,9.0534,-10.6314,-10.2572,6.8785,-3.8022,3
2.2131,-7.7115,-14.7807,14.1843,13.2309,9.8671,-5.7864,-12.4947,6.1098,-2.535,3
0.55,-11.2759,-14.6202,11.0604,14.5231,8.9928,-5.3307,-11.2887,6.6617,-1.185,3
1.7569,-9.015,-12.7157,16.7517,13.9808,9.8263,-6.0038,-11.9965,5.4991,-2.4474,3
3.4924,-8.9516,-13.6777,14.7199,15.0404,7.9315,-7.3071,-11.3976,4.6457,-3.364,3
5.8017,-11.3338,-15.3338,12.291,14.3164,9.3622,-3.0308,-13.2224,5.8812,-0.1027,3
2.2378,-8.8287,-15.7967,16.1047,15.4611,8.2309,-4.6169,-10.1001,3.594,-2.6952,3
5.2455,-9.7831,-12.3942,13.5719,15.3062,10.0213,-5.7023,-15.2224,6.487,-0.7016,3
1.367,-11.6417,-12.2721,13.7581,11.0068,8.0189,-5.3908,-11.0548,4.6505,-2.0166,3
1.9073,-7.8984,-12.7866,12.465,12.2345,7.3516,-3.1443,-12.3301,4.9277,-2.1153,3
2.281,-10.0448,-12.9961,13.4891,12.0751,10.5906,-6.691,-13.0578,4.4713,-3.3741,3
3.628,-8.5418,-14.1329,10.7019,12.4283,8.5795,-7.7087,-12.9679,4.6997,-1.8187,3
1.0439,-9.0141,-10.557,15.6102,13.0929,10.2549,-5.0362,-12.1351,5.7925,-0.7709,3
4.5514,-11.1018,-11.9269,15.9663,15.2922,11.5566,-9.7369,-11.1763,5.9234,-0.2548,3
1.5379,-10.6435,-11.6976,11.8771,14.3324,9.2265,-6.1555,-11.2108,3.8537,-2.9656,3
3.0175,-11.686,-11.2021,12.2684,15.1485,7.9387,-4.8053,-14.4831,7.6399,-0.0927,3
2.3975,-11.1227,-12.3617,11.1774,14.0211,8.0405,-6.2431,-13.0356,4.3294,0.7618,3
4.3972,-12.1041,-14.3622,14.7527,15.422,7.1743,-4.8137,-11.6723,2.6145,-2.4002,3
3.0221,-9.8115,-15.0293,12.322,13.0345,8.4484,-6.6401,-12.2688,5.9914,0.8659,3
4.5327,-7.909,-13.7696,11.9607,15.1711,9.2276,-4.7661,-13.3933,6.4999,-2.0583,3
2.535,-10.4344,-12.3128,14.6278,13.4193,9.7684,-5.3504,-10.9623,7.0074,0.9214,3
2.5286,-7.6943,-12.8728,11.8244,12.9932,9.9509,-4.7759,-13.5942,4.3812,-2.5951,3
1.9313,-12.7044,-16.3774,12.8939,14.3471,10.2353,-7.9051,-14.0878,4.7351,-1.7904,3
4.7395,-8.8077,-13.6002,14.0068,12.7037,9.3634,-5.9552,-9.9634,6.2673,-2.9516,3
2.0855,-10.3839,-15.3952,13.1215,13.7535,9.9517,-4.9434,-11.9215,3.082,-3.627,3
2.3187,-8.9058,-12.1207,13.0924,17.5086,11.5943,-4.0017,-11.0188,6.2148,-1.2171,3
0.5188,-11.4612,-13.3817,13.6584,13.7823,9.6603,-9.0165,-11.3113,5.6202,-2.0766,3
4.6173,-11.4526,-13.4038,13.8932,12.6894,6.2469,-7.5911,-12.1669,5.1535,-1.8228,3
2.2374,-11.8527,-12.8429,13.2168,14.9257,8.1304,-8.8929,-15.9765,4.9248,-1.6036,3
2.8779,-10.732,-15.4355,10.6325,14.5199,8.9105,-6.4069,-14.3825,4.0776,-1.7278,3
3.6533,-10.1306,-10.9796,12.6033,15.8993,9.5772,-5.6994,-10.6711,4.5908,-2.2892,3
1.391,-8.4815,-12.5452,15.1133,14.2763,10.9065,-6.9825,-10.589,4.9303,-1.7916,3
4.3189,-6.3925,-11.8184,14.8381,13.1509,9.4874,-6.0054,-9.9583,5.3081,0.1974,3
1.2739,-7.7861,-14.3406,14.7474,12.6725,10.1794,-7.3055,-10.5151,6.7949,-2.6965,3
4.0935,-8.4631,-14.4334,11.9156,12.362,7.4324,-7.4757,-10.6827,6.3638,-4.3394,3
2.4611,-11.621,-11.7562,12.7921,11.6523,9.5072,-4.9518,-13.5004,5.1296,-3.149,3
5.0924,-10.5313,-14.1312,13.3896,13.6576,10.2847,-4.0375,-10.2344,4.9541,-1.3378,3
5.4591,-7.5938,-14.3623,14.3549,14.6038,10.6415,-3.9962,-13.6313,4.491,-0.434,3
3.4484,-13.2251,-15.5479,14.4604,15.2276,7.2277,-4.2128,-12.3656,3.9933,-2.6359,3
1.3922,-10.8081,-15.8518,13.3558,14.8496,7.2308,-5.8361,-13.2768,6.5302,-5.267,3
4.2942,-12.6109,-13.3634,12.4032,13.4279,6.9578,-3.3714,-13.9997,3.7155,0.8968,3
3.7104,-11.7657,-13.2416,13.113,11.4375,8.1145,-5.9012,-10.1702,5.2437,-1.9659,3
2.0036,-8.2404,-11.695,14.6506,14.1367,6.8541,-4.2316,-11.9838,5.0641,-1.1227,3
3.5626,-11.4881,-13.5296,10.6104,14.098,11.2471,-8.555,-11.8769,6.5297,-0.5709,3
2.1071,-11.5376,-13.929,15.2529,11.4046,7.428,-6.5497,-13.5333,5.4645,0.3264,3
1.4206,-10.1038,-13.0608,12.9647,11.6013,8.2952,-6.8138,-11.1196,6.1564,-4.1233,3
2.6456,-10.6347,-10.1164,13.905,12.3528,8.0867,-6.4294,-11.5263,6.2544,-1.4947,3
2.9117,-10.0883,-13.2419,10.7922,13.877,8.386,-8.3408,-8.443,5.9939,-1.7758,3
2.6697,-8.7889,-14.7919,12.9975,12.5407,10.3343,-7.1017,-10.4178,5.3781,-0.6337,3
3.8261,-8.2954,-14.4512,14.825,11.1751,9.3166,-6.6805,-14.1766,4.1867,-2.7564,3
2.9315,-10.6716,-12.9284,12.2213,13.2537,8.8183,-5.5884,-10.7966,6.8075,-1.4392,3
3.8717,-9.4165,-13.5204,14.8174,12.5972,6.1797,-7.4238,-9.9652,5.0838,-1.3842,3
2.8154,-9.0418,-12.9424,13.3637,14.8896,8.5534,-5.3035,-12.3319,5.3659,-3.0233,3
2.9024,-10.6961,-11.3536,10.9405,15.3029,6.6355,-5.0558,-13.3264,6.3765,-1.9775,3
1.0778,-7.8463,-11.8835,14.2213,13.0084,10.4685,-7.7865,-15.4113,3.1835,-3.1784,3
2.0941,-10.5365,-13.6341,12.4918,10.7945,9.5401,-6.2586,-13.1144,7.624,-2.1587,3
3.3141,-8.6905,-15.2832,13.4327,15.1578,9.1149,-7.8166,-12.7935,5.8105,-4.9557,3
1.1974,-6.924,-12.3216,15.6918,15.2684,9.8429,-6.3252,-11.498,7.7019,-0.5571,3
3.4766,-10.1428,-12.301,12.6685,14.7167,8.205,-6.3925,-13.6114,4.8673,-2.821,3
5.7642,-11.226,-12.4712,12.0462,14.0393,9.6868,-8.6382,-14.1664,4.095,-3.7503,3
3.3525,-9.5204,-14.6431,13.6529,13.3328,9.1027,-6.8042,-11.3384,7.9794,-0.6339,3
5.3164,-11.9885,-14.062,14.3144,16.2314,10.2276,-7.4009,-12.7218,6.0271,-2.0424,3
2.0282,-10.3197,-13.0701,11.8392,15.4457,8.5925,-5.9705,-10.5173,5.3395,-0.3249,3
1.6825,-9.2348,-11.7895,12.2218,13.7014,9.0154,-5.5471,-11.3576,4.1602,-1.8855,3
5.6133,-8.3035,-11.8577,13.1774,17.1622,10.7966,-5.8055,-11.7392,4.8387,-1.2054,3
4.116,-8.8304,-13.3195,11.256,14.3316,10.3121,-7.3294,-12.2061,7.5392,-3.6006,3
2.8007,-7.6536,-12.8119,12.6775,13.9584,10.4908,-6.1668,-11.1735,5.8795,-1.3198,3
4.2187,-10.3265,-14.4652,14.1782,13.7704,8.5798,-5.072,-10.1538,5.2951,-1.7828,3
1.4537,-10.2183,-12.7165,13.4359,13.4257,10.3407,-5.7746,-8.1866,5.8386,-5.9152,3
1.5583,-9.0861,-14.0134,12.5947,12.1101,8.5368,-5.5707,-11.4911,3.9971,-0.5873,3
1.4393,-9.2273,-12.5429,12.065,12.389,9.8254,-6.7014,-12.3556,6.558,-1.0767,3
1.8524,-9.9646,-14.4505,14.7715,16.2737,7.9843,-5.9083,-10.6936,5.5633,-0.9532,3
3.3038,-11.4695,-12.8701,15.1575,14.4404,11.6874,-8.5188,-11.5013,4.555,-3.1089,3
5.228,-10.2668,-13.5758,13.9819,10.7402,11.2842,-3.0049,-10.6972,6.145,-2.1203,3
1.6135,-8.0932,-11.6739,14.1417,14.4694,9.7028,-6.6505,-8.3181,5.0986,-2.4355,3
4.9073,-9.9281,-13.0769,15.5884,14.9869,10.346,-7.9882,-11.469,4.0186,-2.4779,3
3.4898,-9.9386,-12.0671,14.6226,15.2374,7.2356,-2.3176,-12.1067,7.3464,-5.5669,3
2.8284,-12.0753,-14.3405,13.5424,13.4668,11.2229,-3.2081,-13.5201,4.7953,-3.3421,3
4.9602,-9.6457,-13.0,13.9353,13.5022,7.9672,-5.785,-12.4703,6.0475,-4.2434,3
3.5059,-10.9181,-12.8215,14.8242,13.1346,11.047,-8.4727,-9.7541,7.3847,-3.1253,3
1.909,-12.1267,-11.6664,12.9709,13.3633,7.5677,-3.1436,-13.529,5.5632,-1.4715,3
2.6283,-10.7856,-13.6023,14.3146,13.4484,11.6902,-7.0271,-10.9387,2.8924,-2.9608,3
2.0019,-11.5401,-12.6232,13.3013,10.5507,12.2452,-5.5976,-12.0681,7.4922,-0.3121,3
2.7791,-12.813,-12.2019,12.0223,15.8279,8.0877,-6.5394,-14.0846,3.6335,-1.959,3
2.923,-10.5981,-9.9689,14.372,13.9843,5.1159,-4.6229,-7.578,5.2451,-3.0112,3
3.4713,-12.0314,-12.3554,15.7169,12.9626,8.294,-5.9811,-12.8217,3.2585,-2.3733,3
2.3458,-7.8344,-11.3154,15.5625,15.1715,9.5606,-7.1732,-10.0807,6.0487,-3.6675,3
1.8555,-11.7799,-16.1265,14.0493,12.1121,8.118,-5.8033,-12.3517,4.4568,0.483,3
0.9364,-12.1093,-12.3617,12.5274,12.9711,7.6334,-5.3543,-11.7314,5.7057,-2.6699,3
2.0998,-10.1289,-11.5986,15.8188,15.636,10.0105,-4.3883,-13.8427,4.4563,-1.0088,3
3.0491,-9.378,-11.5793,14.7026,12.3325,9.2697,-7.2428,-13.2358,2.9607,-1.595,3
0.5492,-9.2931,-11.0108,14.2621,14.0468,11.5536,-5.3704,-13.364,5.7147,1.1441,3
1.5874,-11.9545,-12.1261,13.1305,13.171,7.3632,-8.7868,-14.2545,7.9494,-1.8087,3
0.2828,-8.1081,-11.1962,15.3104,13.3352,8.8487,-5.6551,-9.9683,4.6946,-2.927,3
4.2699,-8.0704,-13.1276,14.4722,14.1376,8.8751,-7.1055,-13.8006,4.6048,-3.2595,3
3.6516,-8.058,-12.7424,12.0855,15.252,9.6972,-5.1193,-12.8489,7.2271,-0.103,3
2.9502,-8.8066,-11.3962,12.7685,13.8471,9.3716,-7.5083,-11.4073,7.0608,-2.0113,3
3.7361,-7.7864,-13.6562,14.007,13.1142,8.3563,-5.3487,-11.7078,6.3596,-1.6812,3
3.9241,-7.386,-11.4586,13.9741,14.7263,8.8036,-6.1004,-11.3311,5.6585,-0.6059,3
5.127,-10.0369,-16.0623,16.5178,12.9902,9.5447,-4.7703,-9.9564,8.236,-2.3412,3
5.0109,-9.5873,-8.9336,15.1172,13.7027,8.0623,-9.8015,-11.0578,7.0397,-0.6772,3
-0.3038,-11.7713,-12.3272,16.1449,13.8856,10.8892,-7.4132,-11.7591,5.115,-0.014,3
2.4166,-7.3688,-13.51,11.8618,12.4145,8.3183,-5.3057,-12.9848,4.2963,-0.4607,3
-1.5905,-10.5291,-15.0498,12.1637,14.3346,8.9441,-6.3049,-10.2856,5.5066,0.9137,3
4.2946,-11.3343,-10.1473,13.8837,16.7766,8.8528,-5.4532,-11.4217,5.2748,0.1125,3
6.1252,-13.3244,-11.8262,12.1248,10.0797,10.0274,-5.0827,-11.0496,6.0835,-0.4829,3
2.3218,-9.4893,-12.0012,15.496,14.0347,8.9312,-5.9444,-13.8602,6.6814,-3.9814,3
3.8128,-9.7574,-15.3749,11.2256,12.6884,8.736,-3.6409,-12.2359,6.3467,0.1045,3
4.8361,-9.8949,-14.1067,14.2148,12.9406,11.9741,-4.5599,-11.7568,6.296,-1.528,3
2.6739,-9.1364,-13.4128,16.3716,12.9299,10.0151,-7.0357,-13.2596,2.8479,-1.1782,3
2.4276,-8.2592,-12.4285,13.6889,11.8532,10.1293,-6.8548,-14.2191,6.1728,-3.6829,3
0.0897,-7.9386,-13.8896,10.8498,12.5251,8.1703,-4.1452,-14.5643,3.5186,-0.3248,3
2.5517,-9.5423,-13.7848,16.4974,12.0344,9.6751,-3.6072,-12.6323,4.3963,-0.6448,3
4.7324,-11.0841,-10.8552,13.5434,14.7321,11.4843,-4.7084,-12.0702,4.5196,2.2673,3
2.0428,-9.4071,-12.2835,14.3025,17.161,9.3233,-6.0042,-9.7414,5.3232,-0.4814,3
3.5179,-8.5028,-11.9603,12.8619,11.2029,6.7411,-8.6222,-12.2066,1.9981,-2.0354,3
3.427,-8.5999,-12.2919,14.8194,14.5898,8.7666,-6.0206,-13.3473,5.8691,-4.1717,3
4.8254,-11.3192,-12.8177,13.9488,15.713,6.7302,-6.3498,-11.2451,8.1538,-1.8537,3
2.3348,-6.8438,-11.8446,15.527,12.1546,10.0336,-7.4866,-14.0274,6.3998,-0.8177,3
2.5033,-7.7362,-13.602,13.0616,13.9149,8.8875,-3.9457,-13.6324,4.3955,-3.5825,3
6.0516,-10.3711,-14.2012,13.0356,15.2425,10.2476,-6.7244,-12.6692,3.3438,-1.5873,3
5.1498,-10.7569,-12.0947,12.5934,12.3255,10.2723,-2.3401,-11.2547,4.9062,-2.3195,3
6.0901,-9.4238,-14.1973,13.3732,14.2917,9.9557,-3.5935,-10.156,5.8243,-1.8577,3
3.8203,-10.7966,-11.5784,13.1614,14.7053,11.8218,-5.0324,-11.7238,4.7509,-1.9125,3
1.5223,-9.0845,-16.25,14.9192,15.0665,9.3992,-6.6611,-12.0942,2.8659,-0.5597,3
2.9806,-7.6114,-12.4605,13.8137,14.5704,7.7887,-6.5381,-11.8704,5.0731,-2.6602,3
2.8028,-9.8181,-9.5703,12.9785,12.9528,9.0228,-3.6092,-9.7102,8.4506,-1.704,3
4.1887,-11.4593,-13.5786,11.7939,14.6788,9.3095,-5.5223,-13.3392,6.803,-5.406,3
2.8483,-10.0442,-16.0809,14.0428,13.7091,10.0936,-2.8618,-11.5829,6.986,0.276,3
3.9644,-11.1831,-15.5087,14.0281,13.3686,11.1773,-6.5743,-12.0913,3.7885,-2.3112,3
1.8121,-11.1616,-13.1277,12.5562,17.9128,10.5058,-4.2346,-12.2362,5.6856,-2.4398,3
7.1629,-10.0476,-13.9541,12.3356,14.472,11.3835,-4.2311,-13.2043,4.3556,0.074,3
6.3784,-10.1018,-11.2385,11.2674,12.7037,7.7375,-5.2433,-12.3383,5.8841,0.0332,3
2.2466,-9.7433,-15.0554,15.2122,15.6136,9.7948,-5.6817,-12.8336,3.4337,-1.3371,3
4.3606,-6.8552,-13.6388,13.8718,15.6406,10.9687,-6.7953,-12.4886,4.7393,-3.1482,3
5.4338,-9.7902,-13.1598,13.8381,14.0496,8.9205,-7.0039,-9.7219,4.6716,-3.1912,3
3.1055,-6.648,-14.2808,14.531,13.5995,9.6191,-4.4783,-14.6494,4.1825,-0.4334,3
3.3725,-9.5665,-11.9814,12.1322,15.5516,10.4816,-5.5041,-11.3676,7.2745,-2.6862,3
4.2184,-7.2677,-12.0875,13.133,17.4463,9.5981,-3.7637,-12.7021,7.1287,-2.6151,3
3.7114,-10.7944,-10.1967,13.1349,12.3071,9.3946,-5.0559,-12.1097,4.307,-0.2394,3
5.1151,-12.3562,-14.364,13.2274,13.1726,10.0409,-3.1024,-12.6412,7.8921,-3.9979,3
3.9101,-10.7763,-12.3324,10.8314,12.0409,9.9649,-6.8066,-12.5545,8.2814,-1.5891,3
4.5786,-11.0232,-15.0603,13.3455,11.7333,8.204,-5.505,-12.2367,6.0288,-0.8949,3
1.4328,-11.2972,-16.3163,12.9108,15.0741,11.4888,-5.5759,-10.01,6.1027,-1.6343,3
2.3094,-13.462,-11.2137,13.3867,16.0514,7.8275,-2.2184,-12.443,4.4887,-2.1172,3
3.482,-9.9891,-13.8214,10.7614,12.7625,10.8636,-7.1812,-14.6453,3.9437,-1.9284,3
2.0875,-10.304,-14.2461,14.9812,14.7052,12.5789,-6.4342,-12.4972,7.3022,-1.2089,3
1.8141,-9.0496,-12.4537,10.7759,12.992,9.5374,-3.6922,-11.0228,4.6809,-2.8577,3
4.4229,-13.5238,-14.2598,15.5805,14.4142,8.1139,-7.6647,-10.8102,5.6437,-2.1235,3
3.7873,-9.6374,-12.9166,11.4803,12.4293,10.3743,-5.0229,-11.4967,4.6472,-0.6476,3
2.6702,-7.932,-14.1687,12.6786,13.7418,10.5229,-5.9142,-12.0133,4.9396,-1.3933,3
3.1202,-11.0607,-12.8575,13.6928,17.4937,8.3354,-7.1207,-11.6513,4.0377,-3.405,3
1.071,-11.0461,-14.1733,11.5417,13.5935,5.7029,-5.1239,-12.905,4.9123,-0.9151,3
3.784,-10.8291,-12.3708,15.7899,12.4507,10.3826,-7.5312,-10.3067,4.4591,-2.9206,3
4.9502,-8.8019,-14.0671,13.6576,12.904,6.8628,-5.5777,-12.6045,4.1082,0.1616,3
1.8583,-9.6683,-11.4286,13.0825,12.8677,9.6985,-5.178,-10.755,8.3338,-2.4814,3
3.5201,-11.7881,-12.0489,13.7421,13.7009,8.3248,-6.3842,-11.7153,4.0777,-2.2561,3
3.2514,-12.1937,-14.6254,12.4766,16.3213,8.0058,-5.9453,-13.6307,4.3624,-3.9569,3
4.2318,-11.8726,-11.6879,14.1684,13.8559,10.662,-1.2068,-11.3535,3.8469,0.4381,3
3.5055,-6.7176,-13.8075,15.3895,13.9687,13.237,-6.284,-7.5673,6.1867,-0.525,3
5.7768,-11.0659,-11.5948,13.0274,14.1956,9.3765,-5.003,-11.2746,4.6642,-1.6081,3
-0.2752,-8.399,-10.5075,13.7525,11.5599,10.3663,-7.0072,-11.7964,6.5553,-0.9757,3
4.8476,-9.6647,-12.7884,14.5718,13.8619,8.2201,-5.1836,-13.7631,5.4057,-3.8621,3
2.3941,-10.6543,-14.5248,15.1174,15.4959,11.2229,-6.1434,-12.7202,6.7324,-1.6028,3
3.4116,-13.7,-11.9137,14.4025,13.9608,10.4757,-4.959,-13.1149,5.1973,-3.3071,3
5.4197,-8.4185,-14.2693,14.3949,14.3868,8.223,-5.6751,-10.7823,6.9369,1.7026,3
3.3678,-10.241,-12.2052,13.1921,13.0916,7.8632,-11.0031,-10.9676,3.07,-3.1152,3
3.665,-10.3665,-9.8245,11.2027,17.327,11.3228,-4.4979,-9.9109,6.1339,-4.3503,3
3.9986,-12.1053,-13.841,13.3494,12.6024,10.671,-6.1822,-11.4559,5.5129,-1.6062,3
1.896,-11.6453,-13.2791,12.0174,16.0593,7.1873,-2.3561,-11.6168,5.631,-2.6058,3
4.2117,-10.1907,-12.5977,14.7293,14.9729,11.1117,-5.0548,-13.4967,2.4073,-1.4789,3
3.5645,-6.9954,-13.2222,14.0283,15.1347,10.022,-4.5957,-13.2972,4.0624,-2.2163,3
-0.0348,-9.9436,-14.0378,13.9499,13.5714,7.7288,-3.8953,-11.9461,6.8213,-1.5202,3
3.9223,-11.9258,-11.1313,14.7846,13.9407,9.6839,-4.3577,-12.6278,3.1524,-2.3253,3
3.4549,-9.9329,-11.0721,12.0267,12.719,7.6649,-5.2185,-14.3589,6.6426,-3.1948,3
2.0667,-7.2289,-11.1996,13.6454,12.0024,12.2736,-6.1561,-11.6985,6.8949,-4.7398,3
2.2663,-9.9864,-12.8524,11.5112,14.4585,9.3025,-3.3606,-10.5694,5.1231,-2.0895,3
4.7481,-9.4588,-15.1052,16.6073,12.4842,12.9704,-5.2197,-13.023,1.9764,-0.6303,3
0.9009,-9.3483,-10.148,11.76,15.076,8.0345,-4.1619,-11.9711,5.4984,0.0155,3
4.1643,-11.0913,-10.3678,11.1628,14.3825,8.0176,-8.0924,-13.7711,5.4531,-1.2708,3
4.8147,-7.6702,-12.6319,12.8018,15.5275,8.33,-8.255,-10.6613,7.5129,-3.0281,3
6.1676,-9.0097,-12.3975,12.6915,15.4949,6.9654,-6.3713,-13.1696,3.5636,-0.5009,3
3.7381,-8.6772,-13.4659,14.9442,14.0847,8.5437,-6.8199,-15.0442,7.2735,-0.2191,3
7.6174,-10.3862,-14.0486,10.9144,15.4089,10.3467,-3.5339,-13.4448,6.6015,-2.5785,3
5.2419,-9.08,-15.382,13.2698,11.0468,7.507,-7.5158,-13.0312,5.133,-1.5486,3
3.3982,-9.9201,-12.5499,11.5919,14.0787,11.4036,-6.1103,-11.3278,6.1294,-0.502,3
3.6571,-8.6162,-12.2875,14.4525,14.6322,7.7417,-7.6177,-12.5997,7.8545,-2.0529,3
3.6907,-12.8352,-12.7578,13.5954,9.959,9.6883,-8.3381,-13.1579,7.0187,-1.5592,3
2.5537,-10.6854,-13.6754,13.7079,12.168,10.9385,-7.5829,-14.6604,7.0137,-2.4508,3
3.332,-8.9023,-14.1276,13.6723,14.9413,11.7168,-6.6282,-12.7643,6.372,-1.4825,3
3.0208,-7.4952,-15.5721,11.3339,11.4626,11.0544,-5.0895,-14.126,5.3424,-1.8369,3
-0.0875,-9.6019,-14.8148,14.5266,12.2485,9.5807,-3.9197,-10.608,6.2877,-1.9174,3
0.9762,-10.5429,-13.3875,13.0198,11.6687,9.9036,-7.633,-9.7507,5.749,-0.3265,3
4.6642,-6.7674,-12.7756,12.8815,13.4128,11.4961,-7.8419,-13.387,5.8825,-2.0246,3
4.6778,-11.8923,-13.1489,13.186,12.3606,10.5699,-5.9993,-12.2709,4.2899,-2.3502,3
1.6939,-8.5886,-11.4992,15.9867,14.62,8.7431,-6.565,-11.3339,5.8283,-2.0567,3
2.8332,-8.1275,-13.6962,15.4866,14.2422,8.7001,-7.0395,-12.3016,6.282,-2.3609,3
4.5018,-10.5247,-13.2356,11.5365,14.8082,8.8512,-3.4933,-11.0126,5.6537,0.0423,3
3.834,-8.3719,-14.342,14.1583,14.723,6.9348,-3.6016,-13.8103,3.5785,-6.0685,3
3.9371,-12.3489,-13.8238,14.7234,14.257,8.3164,-8.2476,-12.2313,6.8099,-0.7442,3
5.9065,-10.8645,-15.024,13.9315,14.2861,9.2446,-6.9812,-16.0499,4.0171,-0.9598,3
3.6523,-8.4364,-12.5307,14.5706,15.1161,9.2826,-5.8203,-16.4331,4.5421,-2.7155,3
3.0631,-11.2798,-11.6421,12.1443,15.6226,7.8102,-6.7673,-13.0896,4.7826,-0.0275,3
2.7357,-10.3368,-14.1611,13.0769,14.2936,8.9292,-6.087,-10.5458,5.9375,-3.5218,3
3.0984,-10.6918,-12.2669,13.621,15.6644,8.1419,-6.1502,-13.666,5.4643,-4.1003,3
3.7086,-9.9675,-12.8157,14.6488,14.3062,7.3368,-6.6954,-12.1901,5.0348,-2.1044,3
5.6585,-9.7337,-12.4751,10.4534,15.088,13.5299,-3.8431,-12.7301,8.9486,-1.7542,3
3.6862,-10.2854,-13.4884,10.0944,15.1502,8.8064,-6.1437,-11.6598,4.9051,-1.3997,3
5.0309,-9.2771,-13.2787,13.2813,14.2699,8.0037,-5.5498,-11.043,5.6583,-2.4316,3
2.7957,-8.906,-14.6987,12.2419,11.5586,9.3029,-4.5688,-10.0726,7.85,-2.8311,3
3.6014,-10.4877,-10.577,15.4217,14.2211,8.3229,-11.0337,-14.2202,2.7486,-3.9648,3
6.0446,-11.8268,-14.6399,12.0858,17.8668,9.1582,-4.3703,-11.8067,2.5504,0.5035,3
3.828,-10.0668,-10.4083,12.9467,13.7523,8.7343,-4.2471,-10.8491,5.9449,-3.3731,3
2.671,-11.4624,-11.3079,11.1045,16.3605,11.1834,-7.2394,-12.6946,4.4583,-1.1501,3
5.345,-8.1058,-13.6978,15.3488,15.7267,8.9687,-5.8758,-9.7573,7.1145,0.0418,3
7.1044,-9.0634,-12.56,15.5035,16.9507,8.3348,-6.1644,-13.5977,6.0411,-0.4615,3
1.803,-8.1836,-13.7284,12.6644,15.6639,8.3142,-7.9668,-10.9544,5.3294,0.0017,3
4.4758,-12.5067,-11.0752,16.3162,15.5194,10.8627,-6.2331,-12.7849,5.8457,-0.4156,3
4.5684,-10.541,-13.8572,11.2313,14.9393,8.6672,-6.3132,-9.478,6.4246,-1.3111,3
4.4716,-7.7534,-15.4747,12.6181,13.6208,7.7844,-6.2594,-14.3965,6.9103,-2.5717,3
3.5278,-9.8073,-12.2123,9.7752,14.6444,8.8393,-5.2513,-13.839,6.1475,0.1523,3
3.511,-10.9601,-14.0587,14.3309,14.8234,9.7867,-5.9179,-11.7654,5.4296,-2.3667,3
4.3626,-9.4191,-11.1126,15.1419,14.3852,10.145,-7.2974,-12.1862,6.041,-4.1695,3
3.8705,-11.3231,-14.3228,12.6723,13.9232,7.2599,-4.5766,-11.8037,8.4145,-1.3453,3
4.0826,-11.1651,-14.8212,14.3953,12.329,10.2147,-3.3018,-10.6512,6.3827,-1.3912,3
2.6504,-10.0561,-13.8966,11.4935,14.0221,10.9138,-7.7948,-9.9721,7.3528,-1.1999,3
3.8339,-10.1636,-12.9854,12.7712,14.0164,9.4617,-3.0397,-11.2214,5.2129,-1.9438,3
2.1565,-10.7069,-11.6824,12.7256,13.0427,8.3632,-6.9554,-10.3791,5.741,-2.2189,3
3.2703,-9.5583,-14.1694,11.3822,15.9767,10.734,-5.2949,-10.691,8.3985,-2.5985,3
1.5463,-8.892,-15.2487,13.5235,13.5213,10.2628,-6.585,-10.2702,4.4067,-0.7367,3
2.2267,-9.0616,-14.5704,13.4304,15.9521,9.4244,-4.087,-12.1092,4.7694,-1.5375,3
4.1539,-12.7426,-12.265,12.0568,12.1863,10.0598,-3.8538,-11.7452,3.4939,-2.8013,3
2.5989,-9.5901,-13.1563,14.2094,15.4689,9.769,-4.5145,-12.4744,10.4708,-0.9657,3
4.2524,-7.2478,-12.9162,12.4983,15.9286,11.2996,-5.6313,-9.4304,5.4021,-0.397,3
5.4996,-9.7368,-12.3633,15.0056,13.4197,8.0307,-3.8621,-11.6097,4.7686,-1.6543,3
3.9891,-12.2382,-11.9745,14.0792,16.4516,8.9234,-3.7959,-12.1368,5.7358,-1.374,3
6.3662,-11.7435,-12.3058,13.5299,13.9262,10.1264,-4.2026,-11.2724,7.3798,-2.1719,3
3.1535,-11.3856,-10.0741,13.1865,13.5231,10.1619,-4.201,-13.108,7.307,-2.2504,3
5.3723,-10.6956,-11.9453,13.5306,12.2794,7.128,-6.976,-10.581,2.6123,-1.2945,3
3.5967,-12.4077,-14.2438,12.2684,14.048,11.4514,-4.2491,-12.6103,4.2829,-4.133,3
2.6584,-11.2325,-13.1027,13.4692,13.2556,8.57,-6.9023,-12.8386,7.6809,-1.0187,3
4.0234,-8.3664,-11.6632,15.6037,14.8516,9.5596,-6.7477,-13.3061,6.8504,-1.962,3
1.1865,-13.0238,-9.827,11.9877,12.9396,11.094,-7.6744,-11.2727,8.26,1.3753,3
2.5552,-9.9023,-13.643,13.4396,15.9164,7.153,-4.8897,-12.3631,7.5797,0.1777,3
2.6156,-10.0504,-11.7093,14.9415,10.2602,10.5862,-3.3919,-11.6864,6.9523,0.1227,3
3.5587,-8.6629,-13.0294,13.3883,12.9766,9.5115,-3.0313,-13.4236,6.4523,-1.314,3
5.4386,-7.3899,-14.4349,12.6052,13.1896,8.5256,-6.4593,-11.5492,4.2499,-2.8616,3
2.0405,-9.1453,-13.1441,13.1046,12.7061,6.8458,-3.4143,-12.5029,9.5927,-0.6362,3
5.9702,-8.394,-12.8107,12.5701,12.5037,10.9314,-5.464,-11.1451,6.7489,-1.2615,3
2.5186,-8.3652,-13.3457,13.6024,15.045,9.1635,-8.5884,-10.509,7.4094,-4.5421,3
1.6614,-6.8485,-12.7004,13.4719,13.3294,7.7059,-6.1532,-10.6082,5.5035,-0.88,3
5.8749,-10.755,-12.5941,14.9732,12.5696,9.519,-3.0531,-12.5802,7.1295,-2.0071,3
5.9257,-12.3525,-12.951,11.2483,12.9176,8.1917,-6.262,-13.8523,5.4194,-1.1047,3
-13.6367,-1.0971,-10.1569,12.7735,-9.9632,2.775,-5.3098,0.753,0.5201,-6.1644,4
-7.4108,-0.5413,-12.6589,13.6644,-5.6528,3.9155,-2.7395,0.4991,2.0343,-9.4513,4
-11.5484,0.2729,-15.7472,9.3229,-7.5567,3.555,-4.8274,1.2527,1.4215,-7.232,4
-11.3482,-2.3319,-14.3038,14.0361,-10.063,4.7346,-4.7855,4.5804,3.2137,-9.2554,4
-10.5577,-2.9912,-15.5429,13.256,-6.9948,5.3088,-5.5975,0.5944,1.5557,-11.0384,4
-11.6822,-2.0108,-14.8977,14.0735,-7.5077,5.7694,-5.4757,0.0247,-0.1115,-10.0544,4
-11.0641,0.7255,-13.7848,13.2538,-9.5169,6.1757,-7.3411,2.0773,2.1549,-12.2597,4
-10.2334,1.348,-12.0815,11.1267,-6.9675,5.9173,-4.5442,1.2163,0.7614,-7.9725,4
-9.8481,-0.3761,-15.1437,11.1878,-5.1894,6.3017,-5.6787,0.3033,-1.251,-9.581,4
-13.1255,0.0938,-12.1905,10.8089,-6.8787,6.3723,-5.3182,-0.1839,1.4169,-8.0185,4
-10.945,-0.1497,-12.2341,13.052,-9.041,5.8228,-4.2243,-1.2539,-2.0018,-11.0173,4
-11.4926,1.37,-15.3048,13.1123,-11.5752,5.1461,-6.2588,3.7499,-1.4368,-9.4761,4
-14.1862,-0.9693,-16.5201,15.7308,-7.7699,4.5591,-5.7128,-1.0964,2.9842,-8.4941,4
-9.9619,-1.9716,-12.2654,13.8094,-7.5852,6.2182,-5.2397,-1.789,1.1271,-10.1766,4
-11.2107,1.387,-16.4304,11.6142,-8.4694,3.7073,-6.8833,0.7043,2.1861,-8.9319,4
-11.0604,0.7879,-10.3979,12.4834,-5.7049,6.3219,-2.982,1.4428,0.1348,-8.997,4
-10.9621,1.0781,-15.2784,14.1791,-7.2287,6.1347,-5.1842,0.7859,1.7521,-8.4464,4
-8.4009,-3.1708,-13.1583,12.3456,-7.5023,1.3308,-4.7784,0.4146,0.1497,-9.3906,4
-11.778,-2.7583,-13.8361,13.1497,-8.0605,5.2682,-5.4865,2.1703,1.2458,-8.2527,4
-11.8089,2.8063,-14.6236,11.2521,-7.3873,3.7836,-7.5217,1.6934,-3.1927,-10.5307,4
-13.3515,0.0686,-17.252,13.1014,-6.2525,2.4267,-5.3628,1.3761,2.8118,-11.6578,4
-13.7532,2.1093,-15.2012,11.4885,-6.287,3.1219,-6.0474,1.9397,-0.7303,-10.2044,4
-13.0289,-1.3056,-12.1899,14.3872,-6.8498,5.674,-4.8914,-0.4065,1.7585,-11.3973,4
-12.7767,-0.2749,-15.5598,10.3705,-8.3044,6.5952,-3.313,0.5532,2.2746,-10.2996,4
-14.4373,-1.485,-14.4309,12.4911,-7.3881,4.4532,-6.5106,1.1178,-0.6445,-8.2513,4
-12.2184,2.956,-14.4413,11.5593,-8.0806,4.1704,-4.7378,0.5386,2.8819,-8.7577,4
-11.2916,0.4147,-12.1738,13.2647,-6.8158,5.5098,-7.3777,4.4596,2.1935,-8.5125,4
-11.3819,-3.591,-14.3664,12.3935,-8.4709,3.6283,-6.1575,1.7593,3.2849,-9.1979,4
-12.1899,-0.6883,-13.819,12.6067,-6.5842,4.2166,-4.8547,1.2774,0.8087,-12.0336,4
-12.6663,2.2067,-16.5087,14.2559,-9.8295,3.7159,-6.2107,3.2755,1.4405,-9.7754,4
-12.7419,0.6382,-14.7374,11.9361,-7.7741,5.9555,-4.506,-0.7335,0.4604,-10.5432,4
-11.0638,1.2153,-13.6733,8.9936,-6.097,2.8522,-6.7215,0.8997,1.2755,-8.1453,4
-12.255,-1.5946,-14.4358,13.7451,-6.2921,5.0064,-3.6597,2.3193,2.584,-11.2213,4
-10.164,-0.4482,-14.5608,11.2558,-7.4942,3.937,-5.394,0.3426,1.7321,-8.6245,4
-11.7804,-1.2506,-16.9779,13.4356,-7.1185,4.6114,-3.8908,-1.3307,1.4857,-10.9005,4
-10.3548,-3.4839,-12.7623,13.4236,-8.6211,4.9752,-7.001,1.2434,2.6317,-10.9618,4
-13.284,1.5,-11.0566,13.0213,-6.3839,4.3776,-5.3786,1.1281,1.1274,-7.4296,4
-11.0737,0.3137,-14.2113,12.1891,-5.4085,5.0945,-5.3947,0.8753,0.8545,-11.5663,4
-8.98,1.4577,-12.0948,10.6708,-5.0692,7.826,-4.0814,3.0738,2.5981,-10.7243,4
-10.5774,-1.6752,-14.8644,12.754,-6.9636,5.5703,-8.3368,0.3707,2.2248,-8.3318,4
-10.1182,0.2322,-14.5372,13.0318,-7.6862,6.2273,-5.0077,0.5095,0.2478,-7.7752,4
-10.5003,3.0098,-13.179,13.1945,-9.4345,5.3414,-6.1235,1.8417,1.9033,-7.9765,4
-8.14,-1.3422,-12.5483,13.305,-4.2677,5.9337,-4.7466,1.8792,2.7832,-7.2728,4
-12.5679,-0.7332,-11.3654,9.3415,-7.3637,5.1,-5.914,2.9735,2.1152,-10.0353,4
-12.2905,0.278,-12.2194,12.4872,-7.4382,3.8327,-5.0876,1.0799,0.315,-7.9147,4
-8.7798,-0.0712,-13.5151,10.6222,-6.1308,5.5719,-6.1378,-0.5132,4.1727,-8.8802,4
-12.7154,1.1386,-13.6239,12.368,-5.7688,0.9565,-8.3592,2.6709,1.2079,-10.0945,4
-13.3455,0.1461,-13.4925,14.4408,-6.6779,4.4215,-5.0402,2.2663,2.7381,-8.5222,4
-10.927,-1.0167,-15.5175,10.4931,-6.6457,5.6231,-4.0072,1.4446,2.9776,-9.6502,4
-10.1826,-1.6469,-14.0586,9.5324,-7.1892,6.7128,-5.5434,1.6848,1.8111,-10.31,4
-11.6188,1.6248,-12.8933,11.3532,-9.3178,5.1859,-6.5215,0.3359,-0.7803,-7.8932,4
-11.4843,-0.0627,-15.2177,11.8635,-7.0529,3.9558,-5.9725,2.6815,-1.2238,-9.1775,4
-12.5171,1.86,-14.2394,10.7089,-7.56,5.4001,-1.4852,-2.5627,-0.3974,-7.4965,4
-13.6023,-0.1302,-14.6934,11.319,-7.4949,4.3766,-4.0631,2.5945,2.0408,-9.8085,4
-10.9511,1.0628,-12.4658,12.8347,-4.9451,3.9509,-3.9387,1.6586,0.4863,-9.1053,4
-10.8867,-0.3577,-14.1977,9.9924,-8.2705,4.5181,-6.5075,-0.6815,2.9929,-9.6103,4
-8.0887,0.1894,-12.4081,11.9674,-8.2291,5.2699,-3.7054,0.4684,2.0715,-9.068,4
-11.4859,-0.2149,-15.4661,12.263,-6.2567,5.3192,-5.3724,1.6896,1.6937,-9.4335,4
-10.2361,0.0602,-14.3232,12.982,-7.2894,4.4534,-5.4155,0.8527,-0.2541,-8.9545,4
-8.5691,-1.6141,-14.7222,16.4497,-8.4698,6.8053,-5.9917,0.6923,1.2046,-8.8158,4
-13.7085,0.1347,-14.5734,9.485,-5.5553,1.7144,-2.426,1.5275,-0.6402,-7.4472,4
-12.4644,-1.2019,-16.6698,10.9837,-8.3559,6.1029,-3.8979,-1.2591,1.8071,-12.2147,4
-10.9273,3.0984,-16.6381,10.7576,-6.1457,6.1435,-7.0603,2.8124,0.1779,-6.9442,4
-10.6359,1.7621,-13.4121,13.2651,-6.1714,6.5928,-5.6979,-0.7478,1.2829,-10.4556,4
-12.242,2.3375,-13.0343,13.1447,-5.6276,5.8019,-2.8481,-2.5399,-0.0951,-10.5054,4
-13.4024,0.0247,-13.7284,15.2426,-5.8809,4.1144,-4.9071,-2.1384,1.6147,-9.3212,4
-12.692,-0.4465,-15.0072,10.8808,-6.2249,6.4265,-4.8837,-0.0551,0.4075,-10.0649,4
-11.6689,-1.4528,-12.3876,11.9762,-6.0893,2.7758,-6.6812,1.8911,2.7116,-11.2582,4
-10.8842,0.3493,-15.0307,12.8151,-9.6073,3.4853,-4.7502,0.6463,1.5234,-9.717,4
-10.5335,0.733,-12.7811,12.4681,-7.8192,4.0401,-7.2339,-0.0021,0.4917,-7.052,4
-12.9093,1.4114,-14.37,11.9699,-6.6348,2.7479,-6.8486,-1.2597,0.8309,-10.8182,4
-9.3631,-1.0197,-17.5361,11.778,-6.0254,7.3211,-5.9929,-0.1733,1.3796,-8.8318,4
-13.0322,-0.5114,-14.0426,12.3483,-7.4534,3.472,-5.1406,0.5352,1.3308,-11.0782,4
-10.3786,-1.5666,-11.5437,10.5107,-6.0933,2.0134,-9.0361,-0.2301,-1.9882,-8.3598,4
-11.3716,1.9569,-14.2191,12.6443,-7.6389,3.5648,-6.2588,-1.2039,1.9824,-9.9161,4
-11.4892,4.0909,-14.5729,12.7503,-7.3178,6.6121,-5.291,0.1949,4.8401,-10.7439,4
-11.6296,1.23,-15.1955,13.428,-7.9558,6.3805,-4.1832,0.4669,-0.0994,-10.0416,4
-11.3611,1.1877,-13.4875,13.0865,-6.7126,6.145,-5.9493,0.8494,1.4439,-10.1113,4
-9.8213,1.3413,-12.1597,11.1341,-6.7104,6.5142,-3.3943,-1.6609,1.397,-9.7382,4
-8.9526,-3.4587,-15.5393,14.4292,-7.9412,2.9235,-3.3806,-1.5457,2.9344,-11.7948,4
-13.5026,0.1555,-15.2408,12.6881,-4.5335,4.6431,-3.207,1.0885,2.8351,-12.9842,4
-10.3844,0.5795,-14.5084,15.1229,-7.9764,2.4624,-4.4757,-1.5335,1.5162,-7.4446,4
-10.5911,-0.5158,-14.495,14.1776,-9.0665,6.0383,-2.3583,1.4172,1.0443,-9.6945,4
-12.0594,-1.1213,-13.7917,13.2988,-4.8204,1.9409,-9.3072,3.0472,1.487,-9.2901,4
-10.5869,-0.425,-11.0056,13.0174,-7.908,4.3384,-5.864,-0.5636,3.9355,-9.2684,4
-13.0946,0.4631,-11.8098,13.8708,-8.3763,3.2121,-3.5077,-1.8344,1.9577,-10.3072,4
-9.3684,-1.7268,-15.163,13.2052,-6.0433,6.9151,-4.9393,1.1263,2.975,-11.5103,4
-12.6583,-2.0749,-17.9969,13.5428,-5.0921,5.7097,-5.0786,0.7295,1.484,-6.9115,4
-9.0151,-1.0222,-12.3051,14.1238,-6.261,5.457,-5.1188,-1.621,-0.9547,-8.2794,4
-12.9894,-2.2286,-17.0816,11.5661,-6.6751,5.558,-4.3728,0.0148,1.5622,-8.1856,4
-10.6429,-1.022,-13.5189,9.3033,-7.2364,3.9481,-3.3708,-0.8638,1.5763,-10.0976,4
-12.1762,0.4213,-14.5956,15.0576,-10.1985,5.8224,-5.7759,0.5266,1.8545,-7.9577,4
-10.9412,1.3573,-13.8987,10.7284,-7.3703,6.6051,-6.2647,-1.0222,2.3305,-8.9494,4
-12.4952,-0.4943,-14.2409,12.2892,-6.2668,4.2679,-4.6013,-0.1982,3.9008,-6.9226,4
-12.6235,-1.9829,-12.501,12.6664,-6.4091,3.8935,-5.8473,0.0848,1.8576,-11.3229,4
-11.4879,-2.0284,-14.7417,12.1336,-6.4754,5.7611,-4.5073,-1.6221,3.2974,-10.4216,4
-12.1965,0.2584,-14.4738,12.8224,-6.4155,3.7309,-5.9243,0.3709,2.8387,-10.1521,4
-12.1019,-1.6771,-15.3326,10.2537,-8.2912,7.266,-4.6123,2.5181,-0.0239,-12.376,4
-10.8643,2.6357,-14.6963,12.4323,-9.5909,4.918,-5.8361,-2.5375,-0.1547,-11.1295,4
-13.7084,-1.232,-13.2052,11.3298,-5.5139,4.3315,-5.1593,1.3483,3.7021,-10.5285,4
-10.6753,-1.5646,-11.3852,10.7201,-6.6611,7.2149,-7.4435,1.4947,-0.0879,-5.9618,4
-14.1759,-2.4207,-15.6506,10.6456,-6.4553,7.5752,-3.916,0.9529,1.4157,-10.3639,4
-10.7522,-0.4579,-13.6842,11.1683,-9.0393,4.9139,-5.6436,-0.2919,0.2515,-8.6168,4
-10.6564,2.6701,-11.8969,10.4888,-7.5228,2.8285,-8.4075,3.8953,3.6218,-10.3991,4
-9.4738,1.9429,-16.849,13.5555,-7.9741,5.4503,-1.1339,2.9801,1.209,-7.3219,4
-14.222,0.6107,-13.1771,13.3382,-7.9993,5.4486,-4.3647,-2.8824,0.927,-10.8093,4
-10.3456,1.9221,-14.8861,10.6466,-7.0609,3.1459,-5.9883,0.1042,2.2715,-8.9816,4
-11.0968,2.3106,-13.5638,11.6529,-7.6794,3.7292,-7.1766,-1.482,3.1027,-10.5318,4
-10.865,-0.5945,-14.0122,14.0103,-6.9716,3.4917,-6.4948,1.892,2.1261,-8.0707,4
-11.6966,-2.2388,-13.2084,12.6588,-6.8181,2.8031,-6.609,-0.8055,2.0004,-8.8037,4
-11.4041,1.3067,-11.7323,12.8092,-6.23,4.0633,-6.7368,2.1167,0.0892,-8.4088,4
-8.7596,0.8355,-14.0897,10.2691,-6.9916,6.3893,-5.9171,2.1343,1.9488,-9.0174,4
-11.814,-2.3288,-14.606,11.63,-6.3734,4.8528,-4.0239,1.0241,0.6448,-10.6767,4
-12.2439,0.0965,-14.5275,10.665,-5.7265,5.1041,-5.2366,-0.6319,-0.1611,-9.6977,4
-14.3812,1.025,-15.0244,11.8781,-6.5962,4.5387,-7.4012,2.8606,-0.8976,-12.8092,4
-10.027,-2.3338,-12.0892,12.8449,-6.8121,4.0221,-6.8868,0.0377,0.0855,-7.6429,4
-12.453,0.6148,-12.4605,10.9578,-6.6717,3.5348,-5.909,-0.0859,0.3581,-9.2177,4
-13.16,1.2491,-15.5907,10.379,-7.615,4.3169,-5.1153,0.7293,-1.0397,-7.9745,4
-11.7549,0.2175,-10.6651,14.2093,-6.9208,2.8161,-7.6832,2.3451,0.7986,-9.707,4
-13.0571,0.5241,-12.2562,14.5649,-7.9088,5.843,-5.7913,1.9225,1.3954,-10.6906,4
-9.3586,0.0031,-14.4955,12.5463,-8.3416,5.4985,-5.9431,-0.5902,4.9667,-10.9653,4
-10.8089,-0.0595,-15.5067,11.7736,-9.2504,7.9754,-6.0506,0.3278,4.3191,-10.6903,4
-9.3972,0.7441,-16.9368,11.723,-6.5817,4.929,-5.5913,-0.3087,0.332,-9.917,4
-8.3969,-1.5062,-14.6917,12.3229,-9.4313,5.5236,-7.5807,-1.0288,-0.3016,-11.9152,4
-9.4364,0.6377,-12.5848,13.5265,-7.4888,4.8314,-4.1281,3.0597,-0.4858,-5.6744,4
-13.3123,-0.8376,-13.8572,12.5285,-4.2909,6.3935,-5.0294,2.1553,1.9199,-10.4675,4
-10.6104,-0.0434,-15.2326,14.1738,-7.3183,3.1949,-7.0927,1.4045,2.9755,-8.7319,4
-10.6095,-1.3602,-13.829,11.7844,-7.529,4.708,-6.6386,1.7295,-0.1124,-11.4023,4
-12.5167,1.1804,-13.4596,9.6047,-6.3407,4.8029,-6.2747,0.2391,-0.5991,-9.1945,4
-13.2402,-0.6697,-14.4914,13.4345,-7.177,5.9347,-7.4423,0.4403,2.1968,-7.5909,4
-13.0476,-1.4061,-13.2104,14.697,-6.8078,3.2107,-7.2843,0.8043,1.9377,-9.7863,4
-12.9575,1.5074,-14.4914,13.0701,-9.8964,6.6774,-6.6759,2.6191,2.3204,-11.5975,4
-10.9706,2.3401,-14.8652,14.7671,-6.658,6.8862,-5.4094,0.4161,4.1571,-8.3723,4
-11.6918,0.4911,-14.8156,12.4414,-5.4432,4.6329,-6.9604,-0.8483,1.5117,-10.6657,4
-13.488,-1.9426,-12.2057,12.0661,-7.15,3.4258,-6.5209,-0.3186,0.9862,-11.942,4
-9.7043,-0.1693,-13.6652,13.6511,-5.98,4.013,-4.742,1.4933,1.8753,-7.8627,4
-10.1396,0.9464,-11.9204,12.3226,-7.1499,6.1045,-5.9163,1.3245,0.5611,-12.8736,4
-10.442,-2.4677,-15.017,13.5096,-5.989,6.6386,-8.6783,1.0461,1.0148,-7.972,4
-9.1243,-2.1081,-13.9445,13.5286,-7.7436,7.4942,-6.2509,0.1517,-0.2087,-9.2235,4
-15.8662,-0.5163,-12.0649,10.1845,-9.6641,6.55,-3.7711,-1.4315,4.0004,-8.8057,4
-9.7657,-1.3325,-11.7348,11.8776,-7.7047,5.5992,-6.2367,-1.679,1.599,-9.9317,4
-12.4907,1.7161,-10.3799,10.9009,-6.9404,4.278,-2.2161,1.3396,2.7917,-7.6816,4
-11.1436,-0.4243,-11.6899,13.4464,-8.5054,3.7894,-6.2331,2.3409,3.6115,-6.2268,4
-12.4019,0.0656,-14.5686,12.0061,-5.8418,4.8069,-3.6749,-0.1724,2.5134,-10.1185,4
-14.0947,-1.6769,-13.7821,15.1619,-7.926,4.6219,-4.9142,-0.2971,0.6757,-9.3462,4
-11.9937,-2.8192,-14.9436,13.202,-6.2676,6.88,-3.7654,-0.7482,0.2832,-10.5063,4
-11.5669,-1.0796,-14.2301,10.9713,-6.06,3.4536,-7.145,1.3824,2.4848,-9.792,4
-10.0354,1.0505,-11.1196,13.379,-4.6758,4.9686,-3.5492,2.7332,1.1874,-10.4872,4
-12.1079,0.478,-15.6929,11.599,-5.4408,5.8759,-9.1776,-1.3969,4.6396,-7.685,4
-12.2132,-2.3773,-15.8426,13.0434,-4.2712,7.7456,-8.0122,0.1584,0.1157,-9.2489,4
-13.3354,-0.9634,-15.2692,13.065,-8.0089,4.3189,-4.8823,3.0658,4.575,-8.7703,4
-11.4717,1.8297,-12.2176,13.6023,-9.6056,6.6879,-5.1114,-0.7385,0.3935,-8.5813,4
-15.1063,-0.3329,-14.9509,11.1442,-7.9224,2.6566,-4.0699,-2.5898,1.6552,-10.7257,4
-8.3635,-0.1107,-17.1533,13.0998,-8.8755,6.353,-4.7221,2.8109,1.6819,-8.2256,4
-11.2747,-1.0292,-12.3697,10.4339,-7.2911,4.0228,-4.3855,-0.818,0.7881,-9.3885,4
-9.1073,-0.9435,-14.5697,10.2573,-8.7111,5.4951,-5.6006,0.6742,4.0131,-11.9628,4
-7.8621,1.6227,-14.457,12.8665,-8.2609,5.3545,-2.4239,-0.3674,1.0533,-10.5895,4
-12.233,-0.7487,-15.6107,11.8842,-7.1553,4.2709,-9.0973,0.3706,1.3304,-6.6081,4
-11.2986,1.2587,-14.6069,14.2269,-8.6534,5.6332,-4.3881,1.6424,4.6475,-10.3309,4
-9.2182,1.5888,-13.8941,15.0385,-7.4564,4.9091,-5.6569,-1.3077,2.5436,-8.5463,4
-11.4959,2.4991,-14.6242,9.6849,-4.3833,6.3923,-4.7096,0.0929,1.9144,-11.3449,4
-11.6766,-1.5002,-13.5755,13.6648,-8.808,5.963,-5.349,1.6278,1.038,-8.3983,4
-12.3826,-2.6681,-16.1492,11.5255,-9.6554,7.2012,-5.7729,1.9809,2.5819,-9.4447,4
-6.0341,4.2468,-11.8805,10.9218,-5.0872,2.2529,-3.5535,-3.2321,0.9229,-7.6407,4
-10.7611,-2.3626,-13.7129,12.858,-6.9294,4.2647,-4.366,2.3194,1.17,-7.1749,4
-11.5732,-0.8794,-11.933,14.2602,-8.1668,3.7278,-3.0021,0.448,1.4062,-9.8327,4
-9.3564,3.0716,-13.8634,15.9062,-8.0684,4.4515,-4.639,-0.6234,2.3916,-10.2321,4
-13.655,-2.7584,-14.454,12.906,-9.2784,5.1436,-5.3765,0.3506,0.0119,-9.094,4
-11.5524,1.3279,-15.9076,12.4506,-9.1444,4.5201,-7.2913,-0.7739,1.3955,-10.3028,4
-9.1388,1.6241,-12.7612,13.457,-7.0412,6.8329,-6.0897,3.7811,-0.012,-11.1476,4
-13.4313,-1.976,-16.4124,12.6008,-5.9559,4.9269,-7.7266,-0.1025,2.6635,-9.9673,4
-12.5364,-2.4154,-14.6025,11.2258,-7.3662,5.5902,-6.0724,0.8793,2.1093,-11.2991,4
-8.5098,-1.2568,-13.1935,10.5756,-7.0714,5.0958,-3.16,0.2531,3.3505,-9.0187,4
-8.5607,-2.8148,-13.2451,8.2703,-7.3237,6.4072,-3.4802,1.71,0.9655,-8.6367,4
-7.5643,-0.0316,-12.5268,11.6356,-5.631,6.2348,-6.5644,1.768,2.6385,-8.3445,4
-11.4006,1.6989,-15.3707,12.2942,-7.0695,6.6327,-7.0984,0.9637,0.6628,-9.2902,4
-10.7504,-2.0623,-12.0723,12.9214,-8.5245,4.3639,-3.4074,1.2258,-0.046,-10.6296,4
-10.4017,0.9725,-13.424,11.8424,-6.0221,4.4078,-6.9307,2.982,2.1345,-10.6316,4
-11.1375,-0.1038,-14.4932,12.6299,-8.6294,6.1861,-5.6579,-1.8121,1.0591,-10.3782,4
-15.8245,-0.3784,-12.4132,12.1179,-6.1744,4.8884,-6.3332,-0.4954,-0.5229,-8.0657,4
-10.2427,-0.5621,-17.0047,12.9877,-8.5938,5.0915,-7.9605,0.74,1.2043,-13.0689,4
-8.9119,-0.6332,-14.3573,13.0816,-7.3126,5.4216,-7.3652,0.3888,-1.4627,-9.8108,4
-9.1713,-2.4037,-14.4945,9.0937,-7.2247,5.5749,-5.0735,-0.3008,-1.8149,-11.3167,4
-9.4541,1.1738,-14.1054,12.5231,-8.778,6.8116,-6.7274,1.258,-0.5905,-9.7217,4
-9.4662,-1.5651,-12.8443,10.6585,-8.5895,4.8622,-4.1912,0.1548,2.3292,-7.7382,4
-12.4956,-2.4324,-14.5016,14.1892,-8.4556,6.3981,-6.0424,3.2364,4.7694,-7.9072,4
-13.8088,-3.7495,-13.8766,13.6396,-6.4851,3.7903,-7.8776,1.9967,4.1892,-10.4595,4
-10.101,3.7597,-14.2529,12.0254,-6.397,4.4491,-3.6398,-0.004,1.3547,-11.618,4
-11.6922,-1.6561,-13.4492,9.7833,-5.7668,3.5689,-2.9725,2.6582,2.2048,-11.7614,4
-12.2807,-1.4891,-15.125,14.6448,-7.4656,3.8889,-6.7705,-0.1957,2.2002,-11.895,4
-11.1916,0.4906,-16.5714,10.1533,-7.3082,7.0371,-3.8446,-0.3107,3.5152,-9.9338,4
-11.8312,-0.0037,-12.7091,11.3661,-7.8337,3.0034,-5.1221,2.002,2.8932,-11.5042,4
-11.9132,1.7235,-13.6201,12.3308,-7.2208,5.6879,-5.2198,-0.261,2.7229,-11.2587,4
-9.3557,-1.4886,-13.1465,12.0325,-7.9512,6.912,-4.5343,0.5136,4.0191,-7.9847,4
-12.5471,-3.5352,-13.8081,14.3549,-6.3206,7.2366,-6.5461,0.4262,1.2619,-9.0925,4
-10.1877,2.3039,-11.2043,14.7795,-6.233,4.3623,-5.3098,1.5849,1.6039,-10.8251,4
-12.0324,1.1574,-14.3381,12.3159,-7.3542,3.5374,-5.9056,-0.0847,0.3636,-11.0418,4
-11.4898,0.7826,-12.2875,10.1884,-4.827,5.3151,-7.3392,-0.0035,-1.4148,-11.887,4
-8.7567,-1.1936,-13.163,12.1128,-7.2099,5.4277,-8.7747,2.5799,1.2532,-10.2108,4
-10.6368,-1.2264,-13.656,12.0315,-6.1701,4.5547,-7.1937,1.1456,0.9954,-12.1859,4
-11.0424,-0.9509,-13.4497,10.997,-9.0462,6.6459,-4.3839,0.5922,2.058,-8.2387,4
-11.3541,-1.9575,-13.5191,13.7829,-6.3468,4.9646,-4.8007,0.2672,2.9676,-7.4336,4
-13.2831,1.5292,-10.6124,13.068,-5.761,3.905,-6.4042,0.2878,0.7976,-11.4221,4
-11.5978,1.1099,-15.9161,12.5483,-7.0139,4.4237,-4.9039,1.206,0.8427,-7.863,4
-10.4979,2.2155,-14.068,11.797,-7.5493,6.6431,-5.8717,0.4706,4.3428,-11.4711,4
-10.8036,-0.2369,-14.3443,10.8496,-8.2325,4.2635,-4.9051,1.8807,-1.2669,-11.2567,4
-10.517,0.8037,-16.1638,13.591,-7.2576,5.9963,-6.9263,-1.483,0.9383,-9.8508,4
-11.8191,-0.73,-11.429,9.7299,-8.5039,4.2478,-5.6127,1.6686,2.6994,-7.8396,4
-10.6167,-2.7397,-16.4649,14.0005,-5.6127,5.8297,-6.8791,0.1183,0.803,-10.9915,4
-10.9503,3.0885,-14.7118,14.2248,-8.5646,2.5707,-4.1674,0.2738,3.3082,-7.248,4
-11.7565,1.8698,-15.2824,10.9419,-5.6282,2.554,-5.651,2.4765,3.3765,-10.1034,4
-9.825,-1.8291,-14.9694,12.6252,-6.67,3.3041,-2.8553,-2.2142,1.4826,-9.1605,4
-13.9593,1.8415,-15.0791,12.4273,-6.7445,2.6943,-7.2569,2.9466,1.3026,-13.5,4
-11.7917,-0.194,-13.6393,9.2813,-7.2806,3.6267,-5.3171,1.3615,2.0013,-7.3484,4
-8.053,-1.8451,-14.5413,13.3942,-7.4268,0.7915,-5.9375,2.4533,-0.6908,-9.1236,4
-14.1999,1.1604,-13.606,11.4275,-7.8635,2.6271,-4.1372,-0.597,2.1518,-10.8972,4
-8.0412,2.1948,-10.8577,15.5654,-8.1884,3.5495,-2.6095,0.3904,2.6511,-10.3854,4
-12.2452,1.1002,-16.9232,13.4544,-6.4499,4.0804,-5.6124,0.8733,1.7568,-8.4192,4
-12.5613,3.9019,-14.2767,12.0836,-4.3196,2.1321,-2.7473,0.7422,0.606,-11.1338,4
-13.2425,-0.6574,-13.5514,13.2134,-6.8376,4.1104,-3.6394,4.6127,3.6432,-9.9933,4
-10.5857,0.7046,-11.5628,11.7723,-8.684,6.5764,-5.0391,-1.0611,2.4597,-6.697,4
-12.3795,-1.4812,-13.9232,13.3001,-7.349,6.5773,-5.2576,2.1195,0.3201,-11.2959,4
-11.8489,-2.1644,-13.3544,9.2546,-7.9157,4.4467,-7.2186,0.1425,1.4077,-7.5505,4
-12.9,0.3913,-13.1347,12.2479,-7.9837,3.1672,-2.8008,0.711,0.928,-6.272,4
-11.0054,3.6706,-16.0928,11.9239,-9.2916,4.6925,-5.839,-0.085,1.4821,-10.0683,4
-11.5044,-1.2784,-11.8041,10.6165,-6.9181,3.0867,-6.9011,-0.4904,1.2036,-9.1912,4
-12.9989,-0.765,-15.4551,10.7266,-5.5363,2.7877,-5.5366,3.1492,3.2105,-8.8163,4
-11.3632,0.9603,-13.4143,14.4136,-7.4372,6.3773,-6.1373,3.4423,1.1585,-11.8828,4
-11.2223,1.0022,-11.5253,10.7854,-9.8532,5.6207,-4.95,-1.5146,0.9069,-9.8815,4
-10.1042,-0.7653,-14.6216,12.4516,-9.3038,7.7268,-4.2476,-0.4507,-0.2751,-11.0146,4
-10.4587,-1.6603,-14.3423,9.7434,-6.4247,5.7438,-5.9255,0.8924,2.5949,-9.2044,4
-10.1676,-1.8967,-13.4003,12.5698,-5.4336,4.9212,-5.7947,-0.2337,3.6382,-12.9886,4
-10.5721,-0.1753,-14.2438,11.7856,-7.3204,5.5935,-6.8412,0.8046,1.9274,-10.885,4
-10.583,0.3937,-15.1668,10.4975,-8.4548,5.0787,-5.7626,2.6929,0.8506,-10.788,4
-10.3533,-1.6147,-15.1546,11.113,-11.7326,5.726,-4.2387,1.9771,4.2295,-7.1938,4
-11.8398,1.5192,-14.1148,11.6407,-8.37,4.4742,-5.1552,2.9737,2.4943,-10.6113,4
-12.905,0.7081,-12.6148,14.1208,-7.6397,5.5799,-4.3649,-1.4245,1.818,-8.0978,4
-10.5733,-0.2657,-10.0534,15.1754,-7.2225,4.5911,-4.5982,0.5157,3.3086,-11.3552,4
-11.6999,0.8832,-12.4627,10.0582,-8.6677,2.3613,-6.9584,-1.3138,2.21,-9.1109,4
-11.5696,-0.1056,-12.177,10.7162,-10.1319,5.9414,-6.2351,-0.9256,2.2323,-12.4058,4
-12.6252,-3.7277,-13.5797,14.6401,-8.0964,3.6884,-2.9718,1.5432,4.972,-9.2132,4
-10.9989,2.0226,-14.1913,12.6504,-10.8685,7.4822,-5.0624,0.441,2.7623,-11.2266,4
-12.1659,0.6853,-13.9023,12.9496,-6.8626,5.8215,-7.6299,2.5193,0.6755,-9.3678,4
-12.24,-0.5758,-13.6247,13.3824,-5.8848,5.5244,-6.5424,1.1562,1.7617,-9.3658,4
-10.5375,-2.0583,-17.0087,14.0646,-7.4337,5.4996,-6.95,2.4954,1.9264,-9.7236,4
-10.9102,-2.7572,-13.4087,14.5099,-6.7637,5.1549,-6.1242,2.2262,3.2478,-10.1023,4
-10.8009,0.2036,-13.3657,11.1205,-5.5224,5.7235,-3.8451,-1.071,-0.1836,-6.3653,4
-9.6182,-1.3673,-12.6661,11.5809,-9.7847,1.7253,-5.6817,2.9432,3.6834,-7.5641,4
-10.0938,0.3314,-12.2404,9.2633,-5.7519,3.1942,-7.0178,1.6458,2.7944,-10.3689,4
-10.3696,0.6997,-14.4343,12.5104,-4.1153,4.4533,-6.0193,0.8271,1.1269,-8.2686,4
-9.135,-0.5147,-15.2535,15.242,-7.0569,2.3189,-2.8553,2.2913,3.8033,-7.303,4
-7.3714,-1.7001,-15.1618,11.5412,-8.0179,5.0601,-6.3835,-1.1823,0.0897,-9.895,4
-9.6224,-1.0077,-12.7534,10.2977,-12.0349,4.6759,-6.5637,-0.7206,-0.097,-10.5156,4
-12.8199,-1.4898,-16.0066,9.0855,-10.5507,8.5673,-5.7435,2.8889,1.1349,-9.6708,4
-10.8788,0.8154,-15.8383,11.7099,-6.7794,1.9754,-3.7027,2.1962,-1.7514,-10.7729,4
-11.1816,1.1181,-11.6792,11.3236,-3.7293,4.8025,-5.9849,1.4446,1.8675,-9.072,4
-8.3446,0.2264,-15.4448,11.02,-5.0277,5.9014,-7.9832,-1.8062,1.4389,-8.5296,4
-12.3559,-2.6649,-15.6561,14.7482,-6.4911,6.3758,-3.9012,-0.337,0.8418,-9.7064,4
-10.7138,1.4896,-11.1635,13.5011,-6.0042,7.7656,-5.9563,2.3855,2.2687,-8.5319,4
-11.6606,-2.236,-13.4511,12.8032,-8.0998,4.7306,-6.9715,-0.7081,0.6799,-11.447,4
-12.2141,0.9259,-11.7842,15.3928,-7.8368,6.6758,-5.1444,0.246,2.0046,-7.8012,4
-12.0863,-0.9267,-14.583,11.3395,-5.4383,3.7299,-6.5301,1.0688,1.7468,-10.0691,4
-8.8134,-1.0906,-14.225,9.3895,-7.6941,2.8912,-7.0231,-2.3317,0.0626,-9.567,4
-11.7051,-0.7669,-14.4557,11.5221,-7.2885,4.7103,-5.2362,0.3006,0.7508,-8.287,4
-10.4345,-0.1933,-12.1757,12.4036,-7.4784,4.7728,-5.401,-0.7738,-1.4091,-9.0322,4
-10.0878,-1.6461,-12.3587,9.8099,-8.0748,7.4347,-5.1148,0.1483,1.7797,-7.6599,4
-13.5066,1.8321,-14.7034,13.3422,-8.1579,7.4013,-5.6954,-1.3912,2.1064,-7.5025,4
-9.5565,-0.0044,-12.7502,11.6473,-6.35,5.4199,-9.9916,-0.8989,1.7131,-9.2069,4
-11.3825,-0.0106,-12.1568,12.8108,-10.7355,7.7972,-8.5085,2.0393,-0.9452,-7.3192,4
-11.7559,0.4317,-16.9476,13.374,-6.6121,5.8017,-4.2242,0.8698,1.0852,-10.6707,4
-12.0035,1.665,-15.225,9.515,-8.7179,5.7847,-6.1029,1.5088,-1.5994,-13.9282,4
-10.9427,1.3623,-16.5348,13.0687,-5.4512,4.8691,-4.297,0.8877,1.0069,-8.2228,4
-8.4697,-0.9815,-14.0999,10.7936,-7.0038,4.6411,-3.911,2.7317,2.5833,-7.8842,4
-12.3961,-1.5771,-13.3131,12.3096,-4.2378,1.9932,-4.7193,1.5066,0.2584,-10.9057,4
-11.8477,-2.607,-11.7823,16.3307,-7.7485,3.9167,-7.615,-1.0422,0.5171,-7.6412,4
-6.5493,-1.2289,-15.3214,10.5276,-6.5604,5.392,-5.4973,-0.0644,3.4401,-8.308,4
-10.2576,0.4107,-14.2524,11.2069,-6.4567,5.5104,-4.7979,-1.7446,1.9102,-9.9174,4
-12.6567,0.9479,-13.7024,15.8108,-6.5099,4.4298,-5.8111,-1.1558,3.2476,-8.9819,4
-10.8407,-1.741,-12.7998,10.8765,-8.0675,5.0638,-6.5201,-0.5865,1.3261,-7.9394,4
-9.9962,0.9164,-13.239,11.5663,-5.5553,2.2718,-4.998,1.864,1.2659,-10.5378,4
-11.3944,-1.2811,-13.197,13.6982,-6.5666,5.4564,-4.5082,1.9159,0.2339,-11.7614,4
-10.922,1.2419,-16.3397,12.3829,-5.5441,4.701,-3.367,2.6028,1.1272,-10.006,4
-11.8629,0.0576,-15.7286,10.2421,-10.6438,4.8439,-2.5903,-2.3837,1.1251,-9.7757,4
-11.567,1.7405,-15.3009,9.3602,-8.038,3.8739,-8.995,0.9703,-0.3777,-9.579,4
-11.8831,-1.7557,-12.6324,11.8574,-7.1552,5.7553,-5.2159,0.8195,0.165,-11.1227,4
-11.1021,-1.5876,-12.7767,12.0853,-6.2637,3.397,-7.3605,3.1204,1.1771,-8.0845,4
-13.4567,-0.5692,-12.0148,9.9327,-3.8236,5.1795,-6.8771,1.13,3.065,-10.6927,4
-12.3619,0.229,-13.2738,11.982,-6.6331,6.156,-5.3887,-0.4352,1.3699,-6.82,4
-10.8392,1.7157,-14.7399,12.6736,-6.0451,7.1223,-3.8073,-1.0769,3.1291,-6.9254,4
-12.2012,-1.4864,-14.005,12.5489,-7.7617,3.0956,-3.4401,-0.6879,0.6409,-9.2907,4
-13.5476,-2.468,-14.6159,13.5181,-6.9546,1.7866,-3.5644,1.7982,1.6878,-9.2081,4
-10.3287,3.3448,-12.6476,12.7239,-9.0773,5.1224,-4.4887,0.4293,0.6171,-8.6239,4
-12.8209,1.1573,-14.6217,9.0959,-7.9187,4.79,-4.8199,1.2576,-0.5344,-9.2712,4
-12.1399,-0.685,-15.4657,12.2033,-2.5379,7.6603,-7.1467,0.701,0.9303,-9.2413,4
-9.9644,-0.3387,-15.0367,14.0143,-9.0876,5.1596,-7.8778,-0.9371,2.5185,-10.4735,4
-14.1537,-1.2287,-15.213,10.3861,-6.4115,2.5554,-6.5306,0.8022,0.8871,-10.0607,4
-12.4229,-1.9729,-14.9235,13.266,-7.8877,5.126,-3.973,1.5017,-0.5131,-8.7824,4
-9.7673,-1.018,-16.3468,11.6186,-6.9545,5.7643,-6.4298,-2.4512,-0.5133,-8.9145,4
-8.3528,-0.1776,-11.999,10.6942,-8.2081,1.3652,-5.0942,-0.7384,2.3,-10.2078,4
-8.3061,2.5451,-17.4234,13.1664,-8.3515,5.846,-7.6643,2.7639,2.9473,-11.575,4
-11.6108,0.0989,-12.8894,12.2617,-6.057,4.7695,-4.731,-1.4498,1.3623,-7.7292,4
-9.2222,0.1149,-14.117,14.3317,-7.388,6.5925,-5.8086,0.662,-0.2558,-11.3283,4
-9.8717,2.4395,-13.8098,12.0303,-5.7026,5.3817,-9.2462,2.0925,-0.604,-9.4719,4
-12.0011,-1.1057,-13.8979,13.6201,-7.1896,6.9905,-3.3477,2.8893,1.3175,-10.1717,4
-11.3894,1.5433,-12.3703,8.3868,-6.7778,1.3236,-5.6773,-0.1915,0.1459,-8.1805,4
-12.3098,-0.1589,-15.3669,12.3902,-5.797,3.5589,-4.6888,0.6868,1.4723,-9.98,4
-10.1787,0.8617,-14.1685,12.5836,-6.1221,5.6879,-6.1086,2.3506,2.6975,-6.2875,4
-13.6932,0.9083,-12.2402,13.7874,-7.6157,2.8309,-3.3392,-0.1206,0.9581,-6.3545,4
-13.2485,1.0836,-15.099,11.116,-6.9851,5.8902,-4.2234,2.2243,0.3414,-11.1697,4
-11.8528,0.3765,-14.2768,6.8323,-9.9774,4.515,-4.3659,-0.7549,2.5009,-11.6985,4
-10.9555,0.2496,-13.2652,10.7672,-9.5581,5.9647,-7.9379,-0.5543,3.4888,-9.1995,4
-10.7857,0.7924,-13.0847,12.2477,-8.5887,8.9018,-6.0876,1.0986,2.0615,-10.2538,4
-11.9774,2.0877,-15.0768,12.8983,-5.8928,4.5545,-5.7895,2.0374,1.1953,-12.5702,4
-9.083,-1.6079,-13.6451,10.3029,-8.0029,4.2209,-5.3874,-0.7137,4.3756,-9.4176,4
-10.0173,-0.158,-12.4724,9.1286,-8.2937,4.093,-6.4435,1.3801,2.2821,-9.5654,4
-11.4128,3.5161,-13.4815,8.9418,-6.0814,5.7149,-3.9097,1.4996,0.0442,-8.1194,4
-11.1899,1.4246,-11.6465,12.0968,-5.9229,6.4261,-5.4105,3.5392,2.9696,-10.3324,4
-10.9487,1.1456,-11.0882,13.2109,-6.8024,6.7714,-5.9778,-0.8829,2.4569,-10.0216,4
-7.2652,0.2348,-12.9035,11.3371,-5.3397,4.8352,-5.8355,0.4513,-0.5358,-9.8302,4
-10.5196,-2.4628,-12.4358,11.8771,-6.8695,1.5246,-5.3112,-0.9627,0.8741,-11.8056,4
-12.6617,-0.39,-14.376,13.6064,-10.0387,4.7986,-5.7973,-0.0847,0.0315,-7.8011,4
-8.2673,-2.7158,-15.3546,10.7731,-7.6589,6.7594,-4.8572,0.3713,1.4259,-9.9329,4
-10.2309,1.1458,-13.0814,8.9848,-7.2169,4.5959,-4.1617,0.9607,2.2364,-10.1973,4
-9.9298,1.706,-16.4088,10.3353,-6.0929,4.6171,-4.1056,0.9648,2.4406,-10.5752,4
-10.8292,0.3693,-15.0017,13.7822,-10.0796,5.1872,-7.5898,-0.9314,2.8803,-11.1043,4
-13.0521,0.7258,-15.6345,13.8069,-6.2697,3.7092,-4.1781,-2.3058,2.11,-11.3237,4
-12.1238,-0.8328,-12.0462,11.5277,-7.3545,4.2184,-7.1226,-0.9434,1.8644,-9.4939,4
-10.1951,-0.5078,-14.2828,13.4282,-7.7948,2.7163,-4.3773,-0.4137,1.5016,-10.3941,4
-12.7976,-2.9928,-13.4596,7.1887,-5.2891,6.4237,-7.0129,2.9844,4.4925,-9.8643,4
-10.7224,0.0597,-11.6979,10.1907,-7.5777,6.2548,-4.4284,0.5378,3.4898,-9.1041,4
-11.1683,0.9009,-14.0597,12.355,-8.4175,9.2758,-6.3588,1.6959,4.2644,-11.4686,4
-10.4221,-0.1099,-11.2762,10.9158,-8.365,4.8008,-6.3889,-0.0869,4.444,-9.2638,4
-12.5159,-0.7297,-13.361,12.7857,-8.1025,2.4336,-5.7245,0.4856,0.4321,-7.5347,4
-10.477,0.0575,-14.5094,14.8792,-8.9683,4.1308,-6.3272,1.0505,2.3926,-11.4592,4
-12.3658,0.5268,-14.9661,11.6769,-6.9776,3.4058,-5.2323,1.5209,1.4589,-7.3163,4
-10.2507,-0.2061,-14.4505,14.9117,-8.2288,4.4674,-6.2634,1.1987,4.784,-9.0844,4
-11.822,0.1383,-15.9376,11.9979,-4.6805,5.8687,-3.8022,2.1221,0.3381,-6.5864,4
-14.0029,0.3541,-17.0578,9.7097,-5.8333,3.8387,-3.7813,-2.6595,1.2685,-11.2783,4
-11.8316,2.1778,-11.2806,13.049,-9.6285,3.0656,-5.4086,-0.6068,2.3883,-6.9405,4
-12.8129,-1.4873,-15.739,11.8982,-7.1583,4.908,-4.3021,1.1915,1.3132,-9.393,4
-11.2106,-0.2314,-14.984,10.475,-7.0232,4.1267,-4.861,0.71,1.4237,-7.9777,4
-13.4458,2.5092,-17.2458,14.4558,-6.9353,4.0896,-7.8561,-0.2972,1.1558,-9.162,4
-9.1705,-0.0346,-13.4889,12.8048,-7.7279,4.5874,-5.8091,1.5417,0.0319,-10.2142,4
-10.8043,-1.7594,-13.7979,11.4611,-6.4787,6.9364,-6.4656,1.7386,1.7022,-10.0301,4
-11.3289,1.8022,-14.2261,14.2433,-7.4166,2.757,-5.8688,-1.6334,0.9247,-9.9885,4
-8.6136,2.2694,-13.8402,14.0966,-7.8332,2.7348,-4.8569,1.1441,-0.005,-10.7943,4
-9.9295,-2.67,-13.1311,11.8079,-6.3973,6.3581,-6.9602,-1.1082,3.6007,-9.5401,4
-10.8472,1.2215,-15.4103,13.6326,-6.2764,7.0807,-3.4698,0.6972,2.5309,-9.3875,4
-11.121,-1.838,-14.3051,9.5875,-7.4428,6.8557,-4.4818,0.7704,1.0982,-10.2648,4
-12.7166,1.0833,-16.2709,9.9426,-5.8801,5.1874,-5.5814,0.9126,4.4164,-9.3703,4
-10.8989,2.9424,-14.0637,14.8691,-10.3971,3.1328,-6.6506,1.478,4.0623,-10.3406,4
-9.8715,3.2111,-11.6212,11.6738,-5.9338,5.3848,-6.6378,1.243,0.6906,-9.2678,4
-13.4064,-2.7891,-14.3981,12.7568,-8.9284,5.6651,-5.5845,1.5774,2.8198,-7.439,4
-10.4339,-0.5876,-13.6851,15.7734,-5.7584,4.983,-5.8745,-0.2953,-0.3795,-6.8922,4
-10.6211,-2.048,-14.1564,14.1853,-7.907,3.6539,-5.1135,1.5893,0.7328,-10.3537,4
-10.648,-1.832,-14.7756,12.0991,-6.1281,4.2342,-4.8037,2.3511,0.6417,-4.62,4
-9.2095,0.264,-14.241,11.4466,-4.7447,5.1914,-7.8069,-1.9661,1.57,-9.2527,4
-12.7143,-2.4163,-16.913,11.1406,-7.7807,5.9133,-5.8442,2.198,2.3089,-8.6845,4
-9.87,-2.2247,-14.7727,15.8817,-10.0959,4.429,-4.9344,-2.2134,0.2723,-6.4604,4
-11.0832,-1.0064,-13.6526,11.4151,-4.6678,3.3891,-6.4329,-1.6363,0.9581,-9.7162,4
-9.5454,-1.6698,-13.2429,12.4097,-10.0754,3.7877,-6.7963,3.1266,2.2199,-9.2374,4
-17.7819,-3.0071,-12.8767,13.4527,-8.35,4.9172,-5.7135,0.8562,0.8433,-8.2313,4
-9.6797,-1.5841,-15.7599,11.0854,-7.1635,5.4091,-4.466,2.0592,1.945,-9.11,4
-8.8655,-0.1372,-13.0833,12.76,-7.4964,4.6258,-3.6657,0.4667,0.8723,-10.5599,4
-10.705,-0.9129,-13.4707,12.5462,-7.8777,2.7823,-7.1925,-0.7058,-0.1047,-8.7715,4
-8.1451,-0.9112,-14.5448,11.4027,-5.9501,5.5152,-5.6736,-1.2176,-0.0503,-9.1914,4
-11.0039,-0.1689,-12.971,10.4457,-6.7812,5.2476,-7.0856,-0.3053,2.441,-11.1623,4
-7.6432,0.6889,-14.0543,11.9014,-6.0543,4.2586,-6.2041,2.7809,0.694,-9.2502,4
-12.4792,0.2439,-13.0974,14.804,-8.6426,2.7039,-6.0489,-0.3236,1.3781,-8.6714,4
-7.9413,-0.8219,-17.2839,11.9226,-6.7108,3.4212,-5.2981,0.8083,1.7911,-8.2674,4
-11.4629,0.6766,-16.6668,10.836,-7.7489,3.368,-5.6388,0.0864,0.7186,-8.1287,4
-11.2131,-1.7703,-14.8733,13.4094,-6.937,6.6696,-4.3788,0.0184,3.5546,-7.1776,4
-14.017,-0.097,-14.7931,11.8889,-8.4608,3.4635,-4.2969,-1.1501,1.5413,-11.4781,4
-9.4347,-0.0996,-12.8504,12.5723,-7.6165,4.9782,-3.3877,-0.7441,-2.4227,-10.6347,4
-13.1525,1.3073,-14.2319,13.5208,-7.1888,4.8887,-5.4028,2.8221,1.6811,-7.7906,4
-9.7711,-0.3896,-14.0792,11.7129,-5.3118,3.4641,-6.7332,0.1877,-0.3209,-10.3413,4
-9.6348,0.8324,-14.5995,13.4839,-4.1137,5.3453,-3.5181,1.8794,0.9597,-9.1584,4
-10.5494,-1.2621,-17.8822,11.0285,-10.4738,3.7485,-8.2098,1.9222,-0.3726,-8.6382,4
-10.1889,0.9076,-16.7708,13.9636,-6.6061,6.0821,-2.9039,1.7935,-0.3727,-8.4744,4
-13.5943,-0.2391,-14.7232,12.2948,-9.5009,2.7841,-6.3227,0.2683,0.7626,-7.2787,4
-10.7034,0.4496,-14.5418,10.1919,-7.2428,7.5866,-5.3121,2.2718,3.2604,-8.6151,4
-11.0084,-1.6263,-14.281,11.7383,-6.7416,2.7546,-6.4546,1.2081,0.3481,-10.8278,4
-12.526,-0.5533,-17.5394,11.1604,-5.8075,5.3615,-5.0186,-2.1395,0.78,-9.6282,4
-10.6423,1.5216,-12.5363,11.4015,-8.0803,6.9937,-6.1888,-1.0219,1.0906,-7.4303,4
-12.6962,-0.788,-15.2636,13.7142,-6.8048,6.2645,-3.3011,-1.6661,0.2626,-10.1046,4
-11.2356,0.6142,-14.7055,11.2417,-5.8016,5.6948,-5.1748,-2.6166,3.2113,-9.1784,4
-11.5818,-1.3737,-14.9177,10.9432,-10.233,3.6494,-8.0472,0.5113,-0.3248,-8.3595,4
-13.8353,1.6474,-12.7134,10.6803,-7.378,3.5941,-4.7808,3.3018,3.1729,-10.486,4
-11.1669,2.1387,-13.1819,13.7948,-6.2598,4.9901,-5.7529,-1.2143,0.2526,-10.8071,4
-11.8659,0.0046,-14.1302,12.6034,-6.2402,4.2523,-4.5417,2.3093,2.024,-10.2712,4
-9.9188,0.5793,-13.0401,14.5824,-6.1724,7.2371,-5.8714,-0.0451,3.1247,-10.933,4
-8.5062,1.8082,-13.8369,14.0815,-6.2431,2.9406,-6.8731,1.0307,1.6406,-7.4922,4
-10.8858,-2.0478,-14.7863,13.3942,-9.9705,2.7586,-6.2076,1.9921,1.0762,-8.763,4
-11.3316,-0.356,-14.949,13.5394,-9.118,4.5252,-3.9295,-0.5443,-0.9332,-12.6296,4
-10.3394,0.9557,-14.4847,10.3731,-7.4557,6.6428,-7.5526,2.1893,-1.1415,-11.1598,4
-11.1749,1.2768,-11.7609,13.7672,-4.9082,5.1488,-6.581,2.3782,3.4466,-8.0581,4
-10.42,1.9433,-13.4554,12.2488,-6.1483,5.592,-4.3207,0.4041,2.7652,-8.1679,4
-11.0188,-1.2701,-12.1074,10.4651,-8.6732,5.1277,-9.4105,2.9165,1.4233,-7.1451,4
-8.6328,-0.3769,-11.9452,10.6894,-6.5867,4.1656,-4.6039,1.9259,1.1614,-8.6371,4
-9.9218,0.137,-10.1598,12.0739,-4.7528,6.5938,-8.4385,2.8415,3.0122,-9.2831,4
-10.7855,0.5945,-11.9054,11.66,-4.8576,3.2496,-8.2889,1.4923,3.2898,-9.7237,4
-14.7352,-2.3811,-13.3139,12.2645,-5.3102,4.9851,-6.7596,1.0657,2.9247,-7.4275,4
-11.5054,-0.0436,-12.7994,11.1567,-6.1314,4.5276,-5.762,0.6061,1.5957,-6.5837,4
-12.0423,-0.7709,-11.7982,12.9466,-6.0853,3.3303,-5.279,1.8176,0.3898,-8.5116,4
-11.6454,-1.1128,-12.4486,13.9865,-7.0435,5.5517,-3.6618,0.0088,1.9242,-10.0339,4
-12.8665,-0.7367,-15.6558,12.9179,-8.3949,2.7801,-4.5346,1.6185,0.9059,-8.3996,4
-12.548,-0.7032,-13.3573,13.8303,-7.8103,3.9818,-4.1749,1.5211,1.6244,-7.6827,4
-8.4183,0.4042,-14.8532,13.0256,-8.4665,6.7389,-6.7011,0.3123,0.1448,-9.1811,4
-11.0127,0.9693,-13.7889,12.349,-8.0974,4.4461,-7.738,2.6926,1.2599,-6.9933,4
-11.5204,-2.9979,-14.6439,12.2757,-7.1386,5.8909,-5.3878,0.0965,0.0288,-10.0639,4
-10.4321,1.1429,-14.9791,13.7901,-6.383,3.545,-5.2786,1.1567,-0.1954,-11.4923,4
-10.6281,-0.8261,-11.7002,14.8612,-6.5286,6.3033,-7.1844,-1.3958,1.1892,-11.3842,4
-10.8774,-1.3202,-13.6827,12.02,-6.2806,5.3652,-6.2546,-1.4505,1.6451,-12.0681,4
-9.4697,0.6487,-12.7042,10.8254,-6.7025,3.8758,-5.4251,-0.8956,1.2761,-11.5222,4
-11.5789,-2.6113,-11.3477,12.5202,-7.2281,5.8898,-7.5976,-0.5691,2.1979,-9.2122,4
-12.4183,0.8274,-13.5142,13.0379,-6.652,3.8536,-5.7624,-2.1835,0.6351,-9.8224,4
-10.3987,0.6235,-15.0965,11.1183,-5.2761,4.4348,-5.4773,1.7799,1.2821,-9.6819,4
-11.8119,-0.9083,-13.754,9.5459,-7.7783,5.686,-5.0131,2.7186,2.6574,-8.842,4
-11.2959,-0.8295,-13.2134,12.7648,-7.798,3.575,-5.7283,2.3361,1.5666,-9.4118,4
-10.7041,0.5773,-13.595,12.2165,-7.9989,6.383,-6.2891,2.9605,1.6328,-9.3753,4
-10.1989,-1.1245,-13.1075,12.4525,-6.6203,3.8503,-6.6881,-2.1467,0.7154,-10.2189,4
-12.3399,-0.3179,-13.8719,13.0292,-6.3879,5.8514,-4.6102,1.015,1.4841,-8.0607,4
-10.2989,-2.3676,-14.2275,9.5745,-9.971,4.1124,-5.8407,-0.0342,-1.2628,-8.2917,4
-12.3993,0.5894,-14.9875,11.5332,-6.5861,4.3519,-5.3929,1.018,-0.7394,-8.7377,4
-12.7453,-1.8113,-15.0582,13.5013,-9.6372,5.8522,-5.1393,0.7135,1.7713,-9.8895,4
-10.3154,-0.7845,-16.4056,12.1638,-6.0346,5.6137,-2.9271,0.2223,1.1602,-9.8043,4
-12.5033,-0.8544,-15.5267,8.8388,-8.1069,4.9109,-4.7026,-0.2614,0.5552,-7.9084,4
-13.3356,-0.3896,-12.5325,11.217,-9.5369,7.4359,-4.4497,1.8476,1.2673,-8.4934,4
-15.0744,-0.8006,-12.547,10.1858,-7.7368,5.3552,-6.8251,0.6131,1.9798,-9.0014,4
-11.94,-1.3883,-13.3741,12.7883,-6.8016,5.0474,-5.1384,1.9175,1.8662,-9.3078,4
-12.1291,1.9341,-15.6529,11.9754,-8.0002,2.135,-5.1179,0.2971,1.4491,-9.7226,4
-10.2089,1.1775,-15.6202,14.9276,-7.5969,5.757,-5.3782,0.7606,2.2366,-7.4769,4
-10.1733,-0.5097,-14.0947,11.4344,-6.1638,5.7605,-6.1618,2.5918,3.012,-6.7191,4
-12.5236,-0.295,-14.2631,16.1852,-7.2218,6.7734,-4.0965,0.4761,1.4846,-8.6702,4
-9.4521,-0.4027,-14.7312,13.678,-8.9569,5.2548,-4.0584,1.2474,0.5508,-10.9562,4
-9.5582,-0.4082,-15.3205,13.9879,-6.0351,3.2981,-1.8772,-0.2088,2.5774,-6.4745,4
-10.0065,0.2441,-16.1167,15.3412,-5.9389,2.7534,-3.3317,0.6938,0.9848,-10.3125,4
-11.0821,1.0673,-14.7104,12.471,-2.1657,5.5892,-4.1998,-0.8354,-0.6348,-7.2576,4
-9.5703,2.4261,-14.0877,14.1611,-11.068,5.6875,-4.0991,-0.4304,2.9851,-9.724,4
-11.4584,-0.5326,-11.5964,11.5981,-8.1016,3.5898,-6.2015,0.8945,2.3592,-10.5843,4
-10.7795,0.7733,-15.3675,12.3743,-7.3639,4.9864,-6.4437,0.3988,1.4479,-6.6583,4
-11.2717,1.8629,-11.8472,10.3012,-7.6734,6.9999,-5.377,0.4275,2.5264,-7.8531,4
-11.3829,-0.5621,-17.5137,12.3502,-7.8083,3.3659,-5.9567,-0.0241,1.6551,-9.8729,4
-10.6684,0.1162,-12.058,11.4782,-4.5668,6.4765,-3.4186,0.9812,0.9793,-10.2613,4
-8.7103,1.5003,-15.4805,13.746,-8.4746,5.3621,-4.4098,2.789,1.7576,-9.6554,4
-11.2727,1.4556,-12.7858,12.2551,-10.0316,1.224,-5.3107,-1.1698,0.608,-9.7948,4
-8.2241,0.0389,-12.8884,13.0364,-10.8694,4.2764,-7.4787,3.1928,-1.3277,-10.0856,4
-11.7299,-1.6235,-13.8162,12.2162,-6.992,5.6294,-5.2934,1.1728,3.0696,-11.9289,4
-10.2889,-1.7132,-14.9319,12.4612,-6.6196,5.6692,-7.0664,3.0488,0.7745,-10.5335,4
-13.2468,-2.2005,-16.068,12.7511,-6.3303,3.5794,-7.3615,0.2846,1.5472,-9.0599,4
-12.7853,-0.3955,-11.6176,10.4875,-7.2803,5.6256,-7.1005,1.519,-0.6075,-8.5026,4
-11.2738,-2.2738,-12.9368,10.9358,-7.4666,5.8209,-7.0953,-0.1904,3.0905,-12.5591,4
-9.2108,-2.3411,-15.0173,12.7032,-6.3319,5.3227,-5.5778,-0.052,3.7432,-8.2949,4
-9.5754,-0.7767,-17.4607,13.8097,-6.702,5.15,-6.4997,0.0799,0.5027,-9.3866,4
-13.0424,0.9992,-10.9134,11.3831,-9.6258,4.7226,-5.1758,1.2819,3.8051,-8.2307,4
-14.0562,-1.9987,-13.3599,11.5984,-4.9639,3.47,-4.2076,-0.372,1.7946,-10.6963,4
-10.5006,1.4644,-13.5889,15.1433,-8.3173,5.0226,-4.3799,-0.8226,1.4947,-8.4583,4
-9.9451,1.5681,-15.2719,12.712,-9.209,3.7891,-5.9098,2.3181,2.1932,-9.3942,4
-10.6659,0.6371,-13.4148,11.417,-8.6716,4.5407,-6.8395,1.534,3.6947,-8.6089,4
-14.0541,-1.0946,-13.9411,10.1274,-7.1898,5.5796,-3.5354,3.3301,-0.386,-9.6292,4
-11.4948,-1.2142,-13.8204,12.1595,-6.3159,6.9106,-5.4501,-0.133,-0.137,-6.3907,4
-9.9785,0.4549,-14.2173,14.6974,-7.476,2.3075,-5.2511,-1.2397,1.8044,-7.4382,4
-13.8476,-1.4941,-12.6713,11.5304,-6.6139,5.5016,-4.3143,-0.3678,-2.4264,-8.8591,4
-13.6924,1.2581,-14.0317,11.8356,-6.2008,2.2629,-5.949,1.2739,1.7806,-10.1876,4
-12.057,2.1702,-12.5993,11.2834,-5.2139,6.0083,-4.9161,1.3919,-0.3179,-7.1965,4
-9.9116,0.223,-13.6029,12.1424,-8.0897,5.6775,-6.8418,0.8281,1.5474,-8.8766,4
-9.927,0.4603,-12.928,9.3697,-6.546,4.9883,-5.0911,-0.1916,3.1277,-9.0787,4
-12.4561,-0.9972,-12.6142,12.1517,-7.2437,4.5791,-4.132,1.3255,-0.3794,-10.918,4
-11.332,-1.1093,-17.2091,11.1621,-7.6544,4.2757,-4.5675,-2.7498,0.2428,-8.2609,4
-12.3403,-1.9618,-14.9894,12.9489,-7.6167,3.7882,-4.926,1.1643,-0.4939,-9.3122,4
-13.2881,1.6104,-12.1215,11.8481,-5.6392,3.7413,-5.8585,-0.2751,1.3643,-9.355,4
-11.3428,-0.28,-13.7774,14.1627,-10.2529,7.7571,-6.1748,0.4852,3.3953,-8.5443,4
-10.5363,1.7238,-14.2155,13.6581,-9.1273,5.502,-4.8059,2.3211,2.4631,-9.1476,4
-11.8153,-0.6378,-14.4488,10.3328,-4.6215,6.3737,-5.2669,1.8244,2.5309,-10.9438,4
-10.3837,1.7599,-14.9852,9.9791,-8.9797,4.7312,-7.4783,0.344,0.4192,-9.4556,4
-12.1033,-0.1987,-13.0646,10.8425,-6.8146,3.5973,-5.6573,0.4793,1.9347,-9.1774,4
-9.4805,-0.1838,-14.9096,13.6742,-6.7401,6.2019,-5.8286,-1.361,4.7672,-10.3583,4
-13.0802,0.9308,-15.3861,11.691,-7.0497,4.6607,-6.1938,2.9866,1.2341,-10.8035,4
-9.8734,-1.2285,-14.1319,10.9227,-6.9195,4.9353,-5.6922,0.8271,2.628,-8.3997,4
-12.898,-1.1567,-12.5818,11.1054,-6.4988,6.1349,-8.111,-0.0075,2.6239,-9.6748,4
-11.9451,1.102,-12.3125,11.262,-4.5859,2.1993,-7.9093,-0.0795,0.8995,-9.8875,4
-12.1406,-1.2331,-14.2988,11.3948,-6.2137,4.9216,-5.9804,0.4939,3.0726,-10.1795,4
-13.2489,-1.6107,-14.3179,13.0019,-5.9169,7.3486,-4.5399,-0.7224,1.0965,-12.6999,4
-11.8062,-1.0524,-17.4379,15.4409,-7.8036,1.7149,-6.0599,3.0782,4.262,-9.3668,4
-11.1943,1.6937,-14.1941,12.97,-5.9772,3.2618,-3.3435,-0.7175,0.4506,-9.3046,4
-9.9295,0.8714,-14.0424,12.7059,-5.6267,4.8883,-6.8668,-0.3024,2.7652,-10.6712,4
-13.6906,-0.601,-14.0814,13.5704,-9.4233,5.3954,-3.9218,-0.624,1.5238,-12.6803,4
-10.0291,1.0487,-13.9983,10.2887,-6.2363,4.5082,-9.8192,1.7694,3.1467,-7.4454,4
-13.2544,-3.0199,-14.5839,13.0564,-8.6508,2.4891,-4.5618,0.0842,2.3352,-9.4307,4
-11.588,-0.2409,-14.506,11.5918,-8.8885,5.6007,-3.7774,-0.1487,4.2005,-8.8895,4
-10.9516,0.8378,-12.5057,11.5978,-6.4044,6.4456,-6.2177,0.6091,0.2504,-10.1939,4
-11.8634,-1.501,-14.0628,12.7759,-6.5947,3.663,-6.5582,1.8784,0.4882,-8.2181,4
-12.4375,0.4208,-12.8398,8.3051,-5.9339,6.8318,-6.112,1.1206,0.1426,-8.9091,4
-7.6473,-3.4398,-14.7194,13.4747,-5.3442,2.802,-6.606,-0.2684,0.4218,-9.6286,4
-13.4819,-0.5265,-15.3726,12.1763,-8.2943,4.6221,-7.2033,2.0311,0.9129,-9.4336,4
-11.5576,-0.1338,-13.9651,13.4873,-7.6657,3.796,-5.5861,-0.3173,1.2889,-11.0324,4
-9.7642,-1.3155,-12.1692,12.1879,-5.9524,3.7247,-8.5989,-1.8712,5.1557,-10.3513,4
-9.6946,-2.0913,-13.7001,12.8022,-2.982,4.3989,-6.7156,1.1284,0.0142,-8.84,4
-11.4191,-1.2754,-13.2268,12.4421,-6.0961,7.3543,-6.4011,-0.0152,-0.6172,-8.6728,4
-12.306,0.3736,-12.2201,11.253,-7.948,6.3974,-4.5875,1.5043,0.8142,-11.6085,4
-12.4066,-1.6589,-13.096,12.7064,-8.1345,4.2339,-4.9352,0.123,0.5296,-6.4865,4
-12.1633,0.8583,-13.3795,9.9947,-8.2551,6.1044,-5.8459,-1.5954,1.993,-10.3278,4
-10.685,3.887,-13.3947,13.1979,-7.6176,3.1963,-4.1128,-0.3067,1.0575,-6.7642,4
-11.8454,1.6783,-13.3871,11.45,-6.7245,3.801,-4.2916,2.4727,1.4748,-7.4407,4
-11.0987,1.2271,-9.5415,15.9923,-7.5104,5.3159,-7.2296,1.8,1.9851,-10.6154,4
-9.5586,-0.5431,-14.7497,12.8789,-7.9342,4.8281,-3.0293,-0.32,2.4144,-10.3296,4
-12.7986,-0.267,-9.9417,13.4521,-6.5435,4.0888,-6.2255,-1.6232,4.0939,-9.051,4
-11.0659,0.1611,-10.8331,12.7289,-7.5254,7.5743,-5.8432,-1.9353,-0.8892,-9.7419,4
-10.9014,1.0882,-15.3458,11.9417,-8.4511,6.5462,-3.725,3.5394,1.9286,-6.6564,4
-12.3782,0.1792,-15.5596,13.1396,-6.8095,1.1949,-3.9843,1.8851,0.5678,-9.0325,4
-13.5795,-1.3,-11.4647,10.5481,-7.2223,2.7811,-5.1417,1.4462,2.4875,-8.7524,4
-9.1986,-0.9757,-15.5558,11.3989,-9.2559,4.9938,-5.8581,1.3183,-1.0231,-9.4739,4
-9.5171,0.7137,-16.8116,12.262,-8.3358,4.895,-6.2196,3.211,1.5299,-8.9792,4
-11.4049,0.567,-14.2937,13.4399,-7.8245,6.9403,-4.904,0.3732,2.6644,-8.7148,4
-10.0979,-0.0161,-14.3301,12.4825,-7.9872,6.3447,-3.4449,1.4706,3.5285,-7.7641,4
-11.7412,1.109,-15.8928,12.5587,-9.0101,4.7112,-7.8082,2.2435,0.809,-8.0949,4
-11.4521,-2.911,-14.6946,11.4835,-7.2588,7.1377,-3.1382,0.2552,-0.4891,-10.5705,4
-10.6194,-0.3071,-16.3313,11.5242,-5.2692,5.3141,-5.5777,0.0188,0.7114,-8.6384,4
-11.1258,1.0118,-13.1484,12.3092,-6.6603,3.9869,-5.7209,2.6135,1.4174,-9.7802,4
-11.0231,-1.893,-13.6371,14.8237,-8.4495,5.2763,-5.6839,0.5284,1.3006,-8.3829,4
-12.986,0.8883,-13.8646,9.6355,-6.6668,5.0465,-6.9563,0.8429,-0.5731,-10.4814,4
-11.2834,-2.6731,-15.6954,10.7768,-7.1178,5.5377,-6.9879,-0.8214,1.6085,-9.2876,4
-12.3892,2.5984,-13.6918,12.0244,-7.8157,6.3889,-4.8311,-2.0044,0.3576,-10.1245,4
-11.3568,0.796,-15.5736,12.1605,-4.6877,4.9193,-6.6901,-1.3993,0.671,-11.0725,4
-11.9308,0.6686,-13.9129,11.5596,-9.9226,6.1237,-6.1774,0.764,0.0337,-10.0678,4
-12.2087,-2.1456,-15.3303,12.2576,-6.7887,3.8498,-7.4527,0.0674,2.5708,-10.8631,4
-11.3195,-1.1354,-12.2756,11.5197,-6.2436,6.3983,-3.3364,-1.4279,-0.6959,-7.7065,4
-9.8366,-1.0701,-18.8238,12.4009,-9.5128,3.6341,-5.3769,1.0755,3.7733,-10.0135,4
-12.8033,1.2312,-13.4027,11.7349,-7.189,4.3086,-4.6106,3.1339,0.3131,-8.823,4
-13.6335,-1.7535,-13.1245,12.174,-8.9004,4.8888,-4.3303,-1.5683,4.0211,-8.5948,4
-10.4494,-0.1467,-11.3477,13.7231,-7.788,6.0118,-6.7484,0.1817,3.6013,-8.873,4
-10.3466,1.6097,-13.146,11.0628,-4.7447,5.6499,-4.7685,0.6859,3.0674,-6.5819,4
-11.9019,1.4534,-13.9168,9.2825,-9.3427,5.5121,-4.1331,1.5157,2.555,-5.57,4
-10.5463,-0.5421,-14.1583,14.7321,-9.1404,6.7326,-5.6244,-0.6453,-0.7739,-7.2335,4
-12.6249,-0.0511,-15.4305,15.2284,-7.0893,2.8561,-6.2919,2.6917,-0.0639,-9.9965,4
-9.5581,0.3687,-15.7975,12.6146,-7.4657,4.9543,-4.2288,0.9629,1.2621,-9.6672,4
-9.7236,-1.2252,-17.2202,11.9417,-6.6692,4.2511,-6.4367,0.0557,1.3645,-11.4018,4
-10.3468,-4.1382,-13.1583,12.7496,-6.4911,1.983,-5.2094,-0.2117,3.8046,-8.9118,4
-13.1039,-2.6805,-14.8905,13.497,-5.5079,5.1478,-5.5286,0.104,1.3693,-7.6308,4
-11.8588,0.8435,-14.761,13.7995,-6.3685,6.3338,-2.8255,-3.2709,2.532,-8.7507,4
-10.6676,0.2162,-13.6085,12.7842,-5.8776,6.1151,-5.6861,0.3208,1.4315,-10.0737,4
-8.6685,-2.0508,-12.8437,13.3954,-8.0322,5.3197,-3.7542,0.107,3.3692,-7.777,4
-12.4036,-1.8068,-13.7202,10.4192,-11.5937,4.1416,-2.3873,-0.0687,1.9706,-8.4044,4
-11.4006,-0.6451,-12.1253,12.3395,-7.3737,6.0719,-7.193,-1.2926,-1.036,-8.6023,4
-11.5843,1.0948,-13.892,10.2232,-7.77,6.2209,-6.0419,2.3823,0.721,-8.3753,4
-14.0127,-0.4844,-14.5489,10.1828,-5.5687,3.9156,-6.7636,2.554,1.6435,-8.2847,4
-13.8929,-1.3425,-10.8388,13.5607,-8.8466,5.2132,-7.1421,2.6928,-2.0033,-9.0414,4
-10.9484,-1.8136,-14.3781,12.8429,-9.9038,2.9563,-5.8813,-0.6475,0.7066,-9.4845,4
-12.7045,-0.1846,-13.5213,13.4479,-9.1053,3.9331,-4.7659,-1.6211,1.5606,-9.4122,4
-15.2191,-0.8862,-13.4722,11.9618,-7.948,5.1099,-4.1653,1.4084,0.2675,-11.6429,4
-10.5597,-1.9113,-14.7604,12.581,-5.5168,6.8044,-5.5576,-0.1622,-0.3997,-6.5164,4
-11.7737,0.8721,-13.6732,11.5362,-8.0435,2.801,-3.965,0.4212,3.5457,-10.1275,4
-11.7859,-1.8446,-14.4355,10.4194,-6.6326,5.0374,-3.4364,-1.5846,3.2253,-10.922,4
-10.8225,-1.8629,-13.6642,8.5137,-8.2425,5.0348,-3.0155,-2.59,1.3979,-10.2325,4
-14.2129,-1.8319,-14.675,12.9802,-7.1048,2.9069,-8.3997,1.2285,1.1084,-7.0372,4
-11.8677,1.5702,-13.1526,13.512,-6.588,5.5572,-9.0865,0.2467,0.4059,-7.5484,4
-12.8414,-0.5651,-12.767,12.7311,-6.9856,6.5395,-5.2585,-0.2154,-0.5431,-8.7243,4
-12.494,-0.5064,-12.3508,11.9477,-7.903,4.4562,-6.0276,-0.8848,3.9173,-10.2783,4
-10.1623,-1.6724,-13.1441,12.5336,-7.1991,5.1381,-5.0247,0.2617,1.1358,-8.5882,4
-13.0518,-2.0891,-13.6999,9.2649,-9.7609,7.5835,-3.3246,-0.2541,2.9001,-7.9037,4
-10.6322,-0.2631,-13.0287,13.4766,-6.2734,2.5517,-2.5991,4.207,-1.4625,-8.6879,4
-8.2703,1.3587,-12.4489,10.1218,-6.05,5.2345,-4.4789,-0.9512,-0.2059,-9.6682,4
-11.9076,-0.3808,-14.6876,11.9781,-8.2357,4.8033,-7.784,1.3732,1.7921,-11.3471,4
-9.3493,-1.385,-12.1849,12.7737,-5.7358,5.14,-4.7984,2.0864,4.2621,-7.8424,4
-10.6665,-2.1675,-17.5921,12.084,-8.3083,3.8591,-5.7723,1.5962,0.47,-8.1116,4
-11.2886,-0.0883,-11.1558,12.5468,-7.3178,5.6615,-2.953,0.5319,2.0609,-9.6168,4
-11.4934,-0.8798,-14.8085,14.8237,-8.0674,2.5647,-5.4606,2.1288,3.2651,-11.2461,4
-9.6697,2.9437,-14.9946,12.0185,-9.0839,7.6562,-7.8872,0.0024,2.5783,-10.4804,4
-12.8225,-0.2231,-10.3831,11.8956,-7.5472,3.2023,-5.071,1.9276,0.4919,-8.6508,4
-12.2366,-2.9853,-13.2823,15.3912,-9.0304,5.1447,-3.684,0.4491,-0.7389,-9.3869,4
-9.1033,-0.9045,-13.62,10.6993,-7.3858,5.4557,-5.4599,-0.0452,2.0658,-8.4501,4
-10.2355,-0.5841,-14.8999,15.2243,-7.0302,4.4894,-7.8643,-0.7967,0.4378,-8.7952,4
-11.8732,-0.1219,-16.1182,14.3863,-8.3428,5.2284,-6.4445,0.1248,0.2102,-9.0099,4
-12.8094,0.3267,-14.1466,13.2246,-6.1436,4.3993,-5.0996,-0.0704,3.3754,-9.9928,4
-11.6415,-0.8479,-15.068,15.3302,-6.507,4.9778,-6.363,2.2717,0.5828,-9.2732,4
-8.0344,-1.5806,-13.159,12.7124,-6.4444,4.4483,-6.5371,0.9418,0.7173,-12.9518,4
-12.5756,-0.6197,-15.5851,12.5061,-8.373,4.8105,-2.3969,2.4425,2.2885,-6.7405,4
-11.4477,-0.2383,-15.5517,14.1968,-4.3011,6.2368,-3.5136,-3.504,4.9109,-9.6109,4
-7.8049,2.4528,-12.8097,11.7651,-6.9992,2.0106,-4.2525,-3.2305,0.9533,-7.1395,4
-10.2578,-2.4396,-15.9788,11.3835,-7.119,6.1905,-4.7425,-0.9861,2.3294,-8.3664,4
-10.6061,3.5726,-12.8789,13.7313,-4.4228,6.1508,-6.4753,2.4661,0.7992,-10.9283,4
-12.6843,1.7023,-13.038,13.8709,-6.299,5.1589,-5.1717,1.4887,0.4976,-11.3898,4
-12.0665,0.6715,-14.9401,15.474,-6.5747,5.0549,-6.5582,1.9756,-0.4166,-8.9807,4
-11.9921,0.0367,-13.2389,10.5611,-9.743,3.4782,-4.3298,1.1617,0.797,-6.5021,4
-9.4112,1.4205,-15.0547,13.8281,-6.7255,3.7923,-5.8048,-0.9556,0.3311,-11.1706,4
-9.904,-0.2511,-15.3807,13.0557,-7.2343,6.4514,-5.4487,-1.5537,0.6562,-11.1902,4
-10.4943,1.482,-16.2843,12.0929,-5.5075,2.537,-6.3012,0.6017,3.0025,-8.6373,4
-10.2153,0.759,-14.528,14.7447,-8.243,0.7081,-8.3495,0.4267,0.904,-10.2589,4
-11.1135,1.6559,-13.2873,13.2524,-8.8563,4.0965,-4.5981,0.7641,2.1169,-8.5338,4
-11.0896,2.2282,-14.7656,11.051,-9.8841,5.9986,-6.5037,2.501,1.7732,-9.9626,4
-12.9208,1.1251,-14.0492,12.6813,-6.3299,5.2743,-6.9234,1.3839,2.6316,-8.914,4
-10.3903,0.9436,-14.5624,11.6293,-3.8964,6.8643,-5.721,1.6263,-0.0052,-10.3527,4
-13.2092,0.2838,-13.5223,13.9054,-7.5547,6.4756,-4.6693,4.2909,3.902,-7.2161,4
-10.0853,-1.486,-13.5292,15.6509,-6.4762,3.643,-5.1447,-0.8824,0.117,-8.835,4
-10.2295,-1.3416,-14.8077,10.14,-7.4305,1.9566,-6.0974,0.7214,-1.2324,-10.9653,4
-11.429,-0.4396,-14.1939,12.7116,-9.7441,5.9387,-6.1268,-0.2923,-1.396,-9.8557,4
-10.5708,0.0677,-13.7121,11.771,-7.3274,3.2145,-5.6558,-0.1346,-0.2859,-8.3223,4
-13.7014,0.6417,-13.0876,11.4888,-5.691,4.0532,-6.5654,-1.1985,1.3886,-10.8924,4
-12.5263,-0.2428,-14.0036,14.1635,-5.8401,5.7022,-5.8685,-0.004,1.3614,-10.2888,4
-12.3902,-0.2629,-15.2859,11.0542,-5.8043,2.8061,-7.2083,2.512,0.8131,-7.3903,4
-13.0899,-0.034,-12.8106,10.9207,-4.7251,4.2901,-4.885,-0.415,3.6387,-8.9993,4
-8.1929,1.6239,-12.7128,10.8469,-7.1108,4.4007,-5.6093,0.8236,0.0503,-9.6892,4
-11.4834,-1.66,-12.7677,12.6133,-6.0167,5.6065,-8.2191,-0.6479,3.8811,-8.2767,4
-13.7713,0.5603,-15.2162,9.1349,-4.7508,4.9887,-5.3232,-1.2831,-0.3284,-11.8418,4
-9.2134,-2.6097,-11.5432,10.7995,-9.0784,4.7926,-6.675,0.748,0.0856,-9.9246,4
-12.4764,1.1471,-13.1994,12.6512,-5.6563,5.2704,-5.3805,0.4221,0.3269,-10.5254,4
-11.1182,1.3822,-13.1128,13.1265,-8.8958,5.6599,-6.2475,0.8656,2.2293,-11.1887,4
-11.1027,0.2097,-12.4704,11.5043,-7.3284,5.1306,-6.4238,-0.2005,0.5408,-9.646,4
-8.7182,-0.2828,-13.237,12.327,-7.6979,4.8394,-4.4946,0.5218,1.1599,-9.8065,4
-12.8291,1.4154,-14.6387,14.4837,-6.8695,6.9845,-5.9486,-0.4977,2.9661,-10.2959,4
-9.4105,0.7234,-11.7717,10.8149,-5.8018,3.7615,-9.2433,1.9459,1.3917,-8.0107,4
-11.2008,-0.1125,-11.7218,12.4571,-7.9499,4.7431,-5.4122,-3.6649,2.138,-7.416,4
-11.4123,-0.7758,-13.3867,14.8949,-6.5328,5.1972,-6.2345,-1.0022,1.4364,-9.392,4
-14.237,-1.2349,-12.2301,11.8925,-10.9203,7.2774,-6.9859,-0.1034,2.9947,-10.5675,4
-14.2938,0.1817,-12.7731,11.5759,-7.4209,3.106,-7.1419,0.1195,2.3742,-9.3077,4
-9.8088,2.3357,-12.6385,9.8947,-7.6623,6.1912,-5.828,-1.827,0.5733,-12.863,4
-11.7551,-1.1721,-14.5093,14.0518,-9.2337,3.7983,-7.3613,2.209,3.0982,-8.9143,4
-10.8764,-1.9452,-13.6696,10.5967,-7.1748,4.3606,-6.5399,0.6445,2.4172,-6.7912,4
-10.5124,3.2723,-13.667,14.9554,-6.5832,5.2354,-5.901,1.0507,2.0487,-11.5805,4
-10.2888,-2.3707,-12.9166,13.178,-5.1047,3.5825,-7.1293,2.2629,-0.211,-11.2142,4
-11.0259,-0.2147,-13.7353,13.0862,-6.4216,4.7589,-5.5764,0.5016,1.4542,-11.5355,4
-10.2043,1.4289,-13.0122,13.1204,-8.7225,2.7528,-4.4023,0.6449,1.6556,-9.1326,4
-10.9533,0.8251,-14.1115,9.422,-6.204,5.742,-7.5906,-1.147,2.7258,-7.7758,4
-15.3343,0.5166,-14.2993,12.3909,-7.0397,3.7325,-4.6697,-0.4302,2.5218,-8.0008,4
-12.6471,-1.4163,-13.7979,14.5351,-8.1257,4.2709,-5.1671,1.5872,2.1918,-9.4059,4
-11.7971,0.353,-18.7692,15.0835,-7.5153,5.1491,-2.4996,-0.5099,4.8995,-8.3449,4
-10.669,0.8212,-15.2306,9.8062,-9.0073,6.5068,-7.052,-1.8791,1.2823,-8.5923,4
-11.2809,0.7649,-12.2358,13.1365,-7.4677,4.0592,-4.4925,1.015,0.1102,-7.5011,4
-10.9456,0.8347,-14.5564,13.9757,-9.6146,7.3889,-8.5569,-1.4629,1.7791,-10.2505,4
-11.8314,-0.9413,-15.143,12.7551,-7.3094,6.2029,-5.5284,-0.0232,2.563,-12.2027,4
-15.2115,-2.5264,-14.4836,12.8668,-11.2434,4.8583,-6.1805,0.8075,-1.4601,-5.5315,4
-11.2901,-1.9705,-13.7742,14.5219,-9.1666,2.6335,-5.8257,0.553,2.4654,-7.2414,4
-10.1689,-2.2262,-15.5749,11.0822,-6.0701,5.7857,-3.7564,1.4392,0.4601,-9.7496,4
-13.531,0.7975,-14.9074,14.1161,-6.3362,7.7827,-5.019,1.2037,1.1275,-10.0312,4
-11.7268,1.354,-15.9913,12.3746,-9.7361,5.4351,-6.3365,1.3575,0.2876,-9.8398,4
-10.3903,0.0441,-11.6542,11.5573,-8.0886,6.7309,-6.1994,-0.0178,1.976,-9.7001,4
-11.8062,-1.1842,-11.9249,12.0536,-8.0798,4.4303,-5.1163,2.794,1.1476,-10.7486,4
-8.4605,0.0586,-14.1272,12.3874,-9.1048,4.8076,-4.5093,2.4322,0.864,-9.1724,4
-9.4819,-0.0884,-12.8891,12.9161,-8.233,3.5015,-4.0597,-3.4099,0.3984,-11.5473,4
-9.7477,1.9025,-15.0548,16.427,-5.1708,5.1714,-3.3987,-0.3606,0.9864,-8.7596,4
-12.3769,-2.0712,-15.3753,11.9846,-6.5326,4.3688,-8.1084,1.3075,3.3114,-10.4443,4
-8.8447,1.1586,-15.5496,11.3077,-7.7061,4.5978,-9.3062,-0.5277,0.5709,-6.6185,4
-10.9985,-1.3417,-14.6261,12.9172,-7.8035,3.9976,-6.4785,1.3216,-0.6713,-11.0847,4
-12.7303,-1.8008,-15.2038,13.6249,-5.6821,5.2832,-5.3264,-0.4029,-1.7203,-9.2386,4
-10.8922,-1.1552,-15.5825,10.3695,-6.9851,4.9985,-3.8568,-0.6061,0.9694,-9.4286,4
-12.1636,1.1138,-12.1111,10.6213,-7.9237,6.8625,-5.1639,0.7779,1.9132,-8.4705,4
-10.7551,0.1757,-13.954,14.3019,-7.636,4.8775,-3.3207,1.0906,1.3014,-8.5082,4
-10.9979,-1.2534,-13.6007,11.0665,-4.4964,5.2338,-7.056,0.0131,2.5407,-11.0911,4
-7.2582,-2.3276,-12.5799,11.5497,-8.4499,5.6823,-6.3296,2.9894,-0.7006,-8.6109,4
-11.7517,0.2997,-13.1972,9.6822,-6.8856,6.5092,-4.9491,0.0489,-0.7194,-8.6924,4
-8.5247,0.8481,-12.2318,13.6791,-7.8262,5.0114,-4.3459,-1.7675,2.3789,-7.566,4
-11.4159,1.0763,-14.7999,12.337,-7.6463,5.5654,-5.8055,-1.9122,0.3241,-6.5406,4
-10.4876,-3.2916,-12.1566,10.5504,-5.8965,6.814,-5.4961,-0.8933,0.3286,-8.5105,4
-13.0421,-1.0175,-13.199,11.3028,-5.1054,3.3185,-10.5809,-0.5653,1.8665,-8.1594,4
-11.9514,-0.5605,-14.0147,14.8925,-6.6685,4.1365,-2.571,0.6189,-1.7117,-11.5346,4
-10.5015,-2.8105,-13.2213,11.1097,-5.47,5.1269,-8.1042,1.9734,3.4467,-11.3696,4
-12.543,0.6089,-12.9458,15.8095,-5.9002,8.4768,-5.6196,1.1775,0.5491,-10.2383,4
-11.1182,-1.0184,-17.8145,11.2794,-5.6216,4.9849,-5.5311,-0.5431,1.9007,-6.9664,4
-9.2378,0.4041,-15.2489,14.9304,-5.6477,2.6544,-8.2839,-1.5361,0.6608,-8.1017,4
-10.0219,0.3664,-14.179,15.8366,-7.1856,4.7452,-6.41,3.92,2.4827,-11.0061,4
-13.0683,-2.6647,-14.1135,10.0319,-8.988,6.4782,-4.3122,2.8391,-0.8042,-10.9578,4
-12.2817,2.3154,-13.874,15.0127,-6.2954,4.707,-4.7879,-1.992,-1.68,-9.0655,4
-11.3172,2.7557,-16.0368,12.8383,-6.1937,5.3899,-4.0002,-0.3465,2.6497,-8.6121,4
-9.5901,-0.9114,-15.7476,11.3368,-8.8312,4.0282,-6.1501,-0.765,1.413,-11.2229,4
-11.4487,-0.8875,-14.1502,12.8696,-7.8639,3.7087,-6.6305,2.1367,3.3158,-10.2267,4
-11.5707,-2.7013,-14.2413,10.1023,-7.9691,6.4917,-7.9015,-0.751,0.0557,-11.9576,4
-10.0448,0.2712,-11.2551,10.7866,-9.8948,6.2876,-6.1899,-0.0979,3.6183,-9.1997,4
-9.9826,-1.0787,-15.0561,11.7316,-6.2311,4.952,-4.9467,-3.3028,-1.4216,-12.6849,4
-11.9078,-2.2412,-11.4339,12.2475,-6.9116,3.241,-7.3301,2.9289,4.0749,-8.8306,4
-14.3865,-0.7829,-13.4984,11.9377,-10.4168,7.6499,-6.9019,-1.4097,1.355,-7.678,4
-10.5693,-2.1182,-16.1892,8.9922,-7.674,4.166,-4.8779,-0.4262,2.8619,-8.4723,4
-12.4322,0.4421,-11.9749,10.8386,-7.5566,4.5265,-6.1852,1.8049,2.7229,-8.8444,4
-10.8005,-0.988,-13.4726,10.3519,-3.5188,6.9011,-4.2139,1.2145,2.0151,-11.9895,4
-13.2268,-1.8456,-13.8808,11.8573,-6.0196,3.4273,-4.1087,-0.6285,0.7744,-8.1112,4
-10.5819,-2.0219,-12.3723,12.4131,-10.4499,3.6116,-6.2631,-1.152,3.4154,-10.0165,4
-10.6486,0.1652,-12.9097,14.7892,-6.223,7.4896,-4.5953,0.7993,1.8835,-13.3924,4
-12.0216,-0.3601,-13.3113,12.2413,-6.7358,2.8909,-8.0207,-1.1727,3.7581,-11.3562,4
-12.5218,0.013,-16.3558,10.9711,-6.2214,4.2186,-3.1234,-1.9458,0.8829,-10.111,4
-11.3523,-1.9848,-14.8391,13.4633,-7.6407,3.2711,-2.5286,0.6757,2.3213,-8.3081,4
-11.445,-1.3293,-13.6695,11.2294,-6.6792,4.6293,-4.1045,-1.1102,2.4791,-8.5337,4
-11.6974,0.9506,-13.34,13.2803,-6.3313,4.9508,-6.543,-0.3096,1.0793,-8.1897,4
-10.3905,1.3643,-12.3089,11.9541,-4.293,4.7197,-6.3895,1.102,2.1269,-10.5667,4
-11.5768,-0.8151,-13.756,13.4734,-7.6355,5.7347,-7.7319,1.9367,0.7212,-10.1613,4
-10.7383,0.5347,-14.1368,10.9464,-7.956,5.0185,-4.9139,-0.6324,0.4411,-9.06,4
-11.4637,0.0751,-17.89,11.8372,-5.9567,3.9519,-4.9189,-1.2111,-0.9429,-8.8276,4
-11.4206,-0.6485,-12.6986,11.8119,-8.1855,3.7644,-7.0772,1.302,0.9332,-7.7406,4
-15.7674,1.2396,-13.4289,12.1434,-9.1737,2.3859,-4.522,0.9653,1.7361,-9.6081,4
-10.0641,-1.0235,-14.473,12.0147,-7.5571,6.8805,-7.5303,-2.3298,-0.7797,-8.4289,4
-11.49,-2.5428,-13.8188,11.7936,-6.3974,6.0671,-1.8714,-1.1712,-1.3928,-8.5707,4
-9.8588,-2.0582,-15.8804,12.7962,-4.6649,3.5608,-5.5181,-2.2467,1.1034,-9.6248,4
-9.1375,-1.2047,-12.9387,11.122,-7.1011,7.9917,-2.959,3.5429,1.9977,-9.7698,4
-10.9115,0.5544,-13.3844,11.2125,-8.3639,3.9813,-4.0432,2.3706,6.1765,-8.8159,4
-12.5215,-0.863,-14.2046,14.539,-6.1372,2.8555,-5.7339,-1.6052,2.29,-10.5146,4
-12.2557,-2.9628,-12.8331,14.0926,-8.276,4.6326,-6.3676,0.2747,0.1718,-11.1047,4
-9.2859,-4.1043,-13.2122,12.7046,-4.7557,4.5211,-6.2056,-0.6107,1.9347,-10.5167,4
-13.032,-1.2503,-15.3886,10.7707,-7.1086,4.5839,-4.8243,0.8229,-0.4028,-12.6382,4
-12.9231,1.001,-12.8567,13.7566,-5.9797,6.5064,-5.0392,3.3065,1.8418,-6.4555,4
-12.2784,-1.1226,-14.2569,12.2234,-7.7185,5.6852,-5.8021,-0.3087,0.8073,-7.6279,4
-10.8631,-2.6591,-11.7024,12.9299,-6.2779,6.2693,-4.1776,-0.7766,-0.204,-5.8598,4
-12.386,0.4233,-11.5211,11.6144,-7.7768,6.2654,-5.3294,1.3447,1.2807,-10.2439,4
-11.8383,1.6463,-14.4118,12.9227,-8.6898,7.9361,-5.1704,1.1115,2.7907,-10.1757,4
-9.5482,-2.4192,-14.89,11.0778,-10.0575,4.0826,-5.7266,-1.0328,-0.4502,-9.3928,4
-11.4588,-0.5433,-15.8675,11.6878,-8.236,5.0045,-6.4869,0.5439,-0.5649,-11.5496,4
-10.5025,1.0033,-14.5574,12.3211,-7.9112,6.5215,-5.9533,-0.1463,2.8508,-10.6155,4
-11.1039,-1.7174,-12.9715,13.5027,-9.1696,2.7087,-5.2159,3.5133,2.7273,-9.7729,4
-12.6203,-1.9689,-12.8927,13.6638,-8.1833,4.5056,-5.5782,3.3213,1.499,-10.9258,4
-13.0738,-1.5115,-12.0723,13.0493,-7.7548,0.4877,-6.9276,1.118,1.9296,-8.9392,4
-13.3598,0.1208,-15.4322,12.2824,-8.3883,6.4813,-5.1425,0.3872,3.4719,-10.0131,4
-13.4615,1.4391,-13.59,11.8016,-8.2022,5.6418,-4.4282,-0.548,2.2493,-9.0785,4
-12.583,-0.1389,-14.7883,14.1401,-8.21,7.139,-5.4516,-2.0162,-1.8584,-9.7673,4
-9.3384,1.7012,-13.7189,11.174,-7.8625,5.1867,-4.0177,1.4558,2.8537,-8.4889,4
-9.9305,-3.5365,-15.3072,10.6224,-9.0364,4.884,-7.8196,-0.8136,1.2533,-11.8598,4
-12.0681,0.8136,-15.8065,13.4741,-8.4459,5.2831,-7.308,1.2821,0.9459,-8.7551,4
-12.1567,0.6894,-12.698,12.4592,-7.9559,4.5251,-7.5451,0.9064,2.3358,-7.105,4
-9.3764,-1.6107,-13.6502,12.0801,-5.4096,3.8119,-4.3315,-0.8785,1.2423,-10.7811,4
-14.2864,-1.5013,-14.3546,14.4189,-8.8676,3.9671,-7.8092,2.335,0.7106,-9.9619,4
-11.8605,-3.0705,-16.1683,10.8519,-6.3126,1.1268,-4.8367,1.1167,-1.321,-9.9298,4
-9.5931,-1.7505,-14.7963,16.4212,-6.7478,4.4887,-6.3643,1.1616,2.4287,-12.688,4
-14.6898,-1.6418,-14.1991,12.393,-9.7918,4.5685,-5.7564,-0.6727,0.5996,-10.5441,4
-10.6424,-0.1344,-15.6818,13.7122,-9.2875,2.3063,-6.0164,0.2267,1.5105,-11.2263,4
-9.9992,2.4274,-14.0008,12.7536,-10.4093,4.2233,-6.6927,-0.6851,0.4151,-10.2909,4
-13.5213,-0.8756,-15.5309,13.4621,-6.7411,5.3732,-4.1835,-0.6374,1.806,-7.849,4
-12.6831,-3.1884,-15.0044,13.7144,-8.6662,4.178,-6.8182,0.3165,-0.1714,-11.6791,4
-12.0001,-0.5503,-12.2936,12.379,-8.9942,3.7781,-4.5784,-0.0337,-0.2384,-9.3309,4
-12.5237,0.5725,-13.4239,10.5585,-4.5591,4.6912,-9.6443,1.1729,-2.4961,-7.8946,4
-11.2533,-0.364,-14.0953,13.0322,-8.0843,4.7333,-5.5986,-3.8469,2.1653,-8.4372,4
-10.7877,0.3004,-11.7012,12.086,-7.3785,3.7699,-8.6468,1.1614,0.4575,-12.4688,4
-11.5791,-0.4269,-14.4411,12.3556,-9.7056,6.2364,-5.1259,2.3387,0.4419,-8.9366,4
-14.2693,-1.5223,-16.1541,12.5419,-9.0208,4.0921,-5.7821,-0.1366,-0.7004,-7.1127,4
-11.2933,2.2105,-15.6436,11.5886,-7.2335,7.0469,-3.3041,-0.1766,0.1795,-9.5899,4
-9.6657,-0.0684,-13.6184,13.9388,-5.8194,6.3509,-4.7156,2.6302,-0.4213,-6.0805,4
-9.7483,-0.3852,-12.3038,11.7584,-6.5244,5.7636,-4.3554,-0.0875,2.7264,-10.1172,4
-10.2424,-0.1715,-16.7043,11.1745,-5.9644,4.4202,-3.8283,-1.2179,2.4455,-9.5257,4
-11.709,-1.9122,-13.6533,10.7663,-8.1907,4.6647,-6.1973,2.1437,-2.4839,-9.7219,4
-11.883,-0.1575,-14.7848,13.8154,-7.6232,5.0751,-4.3103,0.68,-0.5025,-10.0942,4
-11.525,-2.6145,-15.0361,12.1772,-4.2183,5.4323,-5.4121,3.138,2.2831,-8.361,4
-11.9492,-2.0429,-13.5759,15.0129,-4.9671,5.8624,-6.6786,-1.7239,0.1679,-9.1278,4
-12.0454,1.3584,-16.2021,12.0865,-8.3866,6.3626,-4.8348,-0.6445,2.6826,-11.8885,4
-14.0186,-1.4724,-16.9427,12.1108,-7.3578,4.2674,-4.8403,-0.483,-0.5451,-10.6502,4
-13.1694,-1.0623,-13.0743,9.645,-7.7461,6.3121,-4.0411,-0.421,4.7211,-11.0318,4
-11.6816,-1.9001,-13.3187,16.4814,-4.471,6.1453,-6.5599,0.3501,3.0754,-8.3301,4
-11.2145,0.0682,-12.3848,14.2347,-9.4877,5.2162,-4.7814,-0.1962,3.3198,-9.8871,4
-9.3787,-0.6972,-13.5793,12.6355,-4.7427,5.9872,-6.3351,0.1937,0.9871,-9.4266,4
-12.7557,-0.2667,-11.9162,14.2651,-9.5839,2.2909,-6.5384,-2.0666,-0.4938,-8.9276,4
-11.3957,-2.7261,-12.2133,11.6467,-8.014,6.4005,-5.0323,0.5384,0.6594,-8.5999,4
-11.9881,-0.4872,-15.7331,13.9935,-4.9077,5.1935,-6.3779,2.0052,2.2843,-10.12,4
-9.6121,-0.7814,-15.8975,12.1809,-5.6101,5.0298,-7.4076,-0.0026,3.1958,-9.0436,4
-11.3672,-0.3403,-12.3485,13.8016,-9.3384,6.2856,-4.874,2.9915,1.2976,-7.7515,4
-10.6355,-1.8155,-12.4374,13.4937,-8.2115,5.3099,-2.487,-0.1225,2.4906,-11.0967,4
-12.1943,1.0712,-13.5833,11.9778,-4.6829,3.4929,-5.8676,1.3397,0.094,-8.6905,4
-9.7268,-0.3166,-14.9962,11.811,-11.2542,6.3849,-5.2518,0.3374,-1.0989,-7.7908,4
-11.9952,0.7032,-13.9854,9.8573,-5.3338,6.4935,-4.5026,1.0743,-0.3949,-8.1509,4
-8.0314,0.0295,-13.7648,10.6269,-10.3422,4.337,-3.4262,2.6177,1.3032,-8.8092,4
-13.1664,0.0221,-14.755,12.3616,-7.6486,4.4369,-4.1541,3.5479,1.1471,-7.3264,4
-13.2012,-0.2831,-15.9126,11.8111,-6.1631,6.5536,-6.8165,1.2891,3.2463,-7.8228,4
-10.9504,-1.0285,-15.0016,11.0156,-7.284,3.6409,-4.6316,0.9445,1.6758,-12.2151,4
-11.2972,-0.8334,-10.7187,10.3597,-7.5447,5.4503,-7.1077,3.4944,4.3245,-10.742,4
-12.2266,3.0755,-11.8754,11.7256,-6.5894,2.7956,-2.3536,0.7113,2.2797,-10.8569,4
-13.043,0.5319,-11.0939,11.4689,-8.7053,5.3334,-3.1929,-0.3558,1.0265,-8.1987,4
-9.9222,-0.5714,-12.3234,13.0728,-7.2123,6.2294,-4.5018,-0.9685,3.6266,-8.9363,4
-9.2754,-0.067,-13.5969,12.8779,-6.4163,7.168,-4.949,0.5601,2.9156,-8.8087,4
-6.9056,0.2924,-12.1118,13.6027,-10.3114,3.7705,-6.3078,-1.6474,0.8084,-11.5111,4
-13.0026,0.2177,-11.0892,10.2363,-9.0598,4.0766,-5.8694,-1.7112,0.3527,-10.6415,4
-10.8613,0.4938,-14.1975,11.713,-8.3012,4.953,-7.1128,2.9229,-0.8455,-10.4388,4
-10.0366,-0.7426,-12.9604,14.8554,-5.9869,3.0726,-7.38,0.3209,2.0659,-7.6452,4
-12.5163,-0.872,-14.3443,11.8735,-4.9931,4.7196,-5.4191,1.9693,3.7879,-9.5072,4
-9.4501,2.597,-14.1339,11.4342,-3.956,6.5573,-5.6299,1.577,-0.1662,-7.7902,4
-14.0389,1.4613,-15.0509,9.7988,-10.2387,4.1614,-4.582,-1.4828,-0.4521,-10.1957,4
-10.1275,1.2541,-13.7585,13.7547,-6.2052,4.2502,-4.2844,-1.3242,2.131,-11.2034,4
-11.1247,1.6832,-13.6485,12.2607,-6.8976,5.8706,-2.4477,1.5807,0.6475,-9.7673,4
-12.6905,-2.0035,-17.6171,11.5872,-9.3433,5.0212,-6.4129,-1.0262,-1.7539,-9.9784,4
-13.9674,0.9146,-13.586,11.9394,-5.0605,4.8904,-5.0695,1.6332,0.626,-10.2213,4
-11.2767,-2.1645,-11.2904,12.5208,-7.538,8.004,-7.3009,2.9063,2.6212,-7.7788,4
-11.6022,-0.0609,-14.4833,13.7741,-6.649,4.0379,-6.4175,0.5798,0.9029,-7.2917,4
-10.1265,1.0645,-13.6175,11.0399,-6.1924,1.7284,-5.3876,-0.6161,0.0676,-10.1494,4
-11.4648,-0.1798,-12.783,12.0188,-7.3892,2.7822,-7.5467,1.0326,2.3473,-9.8451,4
-9.9394,-2.2565,-13.3705,11.0019,-8.6327,3.7283,-5.7698,1.2604,1.9458,-9.8901,4
-10.3905,2.3854,-14.1475,12.4218,-8.1542,4.2877,-3.7761,2.49,1.0997,-8.719,4
-9.9582,-0.8145,-15.9272,13.3136,-5.892,5.9996,-6.2099,2.8867,1.8277,-11.1758,4
-13.733,-0.5905,-13.6311,11.8477,-4.2463,5.4816,-7.1084,-2.8035,1.7538,-7.9709,4
-8.5432,-0.4483,-11.3853,10.2412,-7.7525,3.3541,-4.4605,-1.3496,2.0039,-11.3171,4
-8.7022,-0.7061,-13.4014,9.5965,-9.4788,3.7156,-4.3729,1.5907,3.0294,-11.719,4
-10.5785,-0.9845,-15.1805,11.4738,-7.4113,5.8672,-3.9645,1.3836,2.3512,-6.7198,4
-10.2932,-0.4654,-13.0967,14.8411,-8.5421,4.2293,-3.4735,0.1663,2.5477,-7.5207,4
-13.2226,-0.7573,-12.1613,12.09,-10.2645,4.1107,-4.457,2.5168,1.4776,-8.7287,4
-11.8924,1.2101,-11.8306,13.4319,-7.4139,5.5268,-4.2199,0.6436,2.6021,-8.8989,4
-9.2098,0.9055,-14.7162,14.3864,-6.5465,4.6661,-7.6797,0.9491,4.1536,-13.5484,4
-15.3734,1.0063,-13.6141,13.2882,-8.0262,1.663,-6.8966,2.942,0.7239,-10.1188,4
-15.283,-2.8514,-12.3031,11.8905,-5.7498,3.7451,-7.8503,0.2107,0.5419,-10.704,4
-12.5494,-0.3471,-14.7057,10.8812,-4.5295,5.5626,-5.4109,0.5022,2.3997,-8.6566,4
-12.8903,-2.4431,-17.3795,14.9675,-7.9046,5.7638,-5.3456,1.9709,1.3045,-11.4463,4
-12.8945,-0.6708,-16.3462,10.9981,-9.0348,4.3826,-6.3927,0.7813,2.683,-9.8183,4
-13.5925,-3.2172,-13.7249,11.2814,-7.4726,5.37,-3.4839,-2.0192,-0.1174,-9.5822,4
-13.0491,-2.3783,-12.004,10.7077,-9.2004,3.1534,-4.0197,-0.441,-0.6771,-10.7146,4
-11.4111,1.193,-12.7567,11.113,-8.0333,8.03,-4.1551,0.2244,-2.0414,-10.1426,4
-13.3288,-1.4387,-15.4163,11.9328,-7.132,3.7783,-7.5652,0.3336,0.6539,-12.3007,4
-10.4275,-1.238,-14.3725,11.9498,-7.2598,5.0947,-7.6056,1.0706,0.8851,-7.8277,4
-10.1164,1.8395,-15.3759,14.2096,-7.0955,5.911,-4.6371,1.2906,-0.231,-8.0217,4
-10.8113,-2.3543,-14.6939,10.46,-9.3759,6.1557,-7.8677,-1.3796,4.3686,-10.1262,4
-10.3524,1.5426,-12.807,12.504,-7.2925,5.6821,-5.9857,1.6444,1.0129,-9.6727,4
-8.5162,-0.8653,-13.9395,12.9255,-6.4944,5.315,-7.5243,0.8451,1.7656,-7.7444,4
-10.23,1.6641,-15.4732,10.7856,-6.7445,6.5749,-5.9493,-0.5084,-1.0009,-8.9098,4
-11.5082,-0.7956,-12.6106,12.1494,-7.2353,6.2255,-2.3626,-0.0647,0.0869,-10.938,4
-10.6236,-1.7805,-14.5282,11.8517,-4.902,6.665,-7.9537,2.9793,-0.4229,-9.2139,4
-12.5907,-0.7271,-15.439,14.7929,-7.4467,5.2141,-7.2571,-1.5206,0.7351,-8.6722,4
-11.521,1.3171,-13.7821,12.2893,-6.4339,5.0261,-4.2326,1.4349,2.7678,-8.3797,4
-9.2984,1.0987,-11.347,11.4678,-5.9844,2.8046,-4.2281,0.6867,2.8065,-6.9351,4
-10.1372,-0.7638,-15.6003,13.0836,-7.6655,5.8711,-6.4088,-0.7922,1.0387,-8.7029,4
-11.1556,-1.3643,-11.2676,12.0715,-10.6293,6.2741,-5.6653,0.3463,1.1157,-9.7315,4
-8.8354,0.5521,-13.5778,11.8855,-4.6439,6.1401,-4.1651,1.0193,2.9012,-8.8646,4
-11.8958,0.4094,-10.8227,12.5853,-5.3313,6.6627,-4.8044,3.0872,-1.8581,-12.2089,4
-8.7471,-1.1158,-13.8007,14.9055,-6.9371,7.4101,-6.231,1.5259,1.4885,-7.2184,4
-11.7313,-1.5911,-14.6698,11.6447,-8.2073,3.8426,-3.9661,2.7138,1.9892,-10.4254,4
-12.2149,-3.2541,-13.3988,11.2555,-5.03,2.8085,-6.5372,0.4587,2.0992,-6.7499,4
-13.3945,-0.5976,-16.1106,13.4645,-8.2069,4.7207,-5.9071,0.7765,1.1669,-10.9119,4
-11.2115,-1.3363,-12.7465,12.3657,-8.7962,8.486,-3.1604,4.2672,0.887,-10.7071,4
-10.1291,1.5173,-13.6733,9.124,-8.7083,5.5094,-6.6389,-1.4455,1.0148,-14.3243,4
-12.2438,-0.7837,-13.5027,13.101,-6.67,6.2215,-5.9006,-1.5813,1.4676,-10.7676,4
-13.3742,0.7238,-16.0877,13.2999,-9.1748,4.4398,-6.4947,2.3074,2.2928,-10.6907,4
-11.5752,1.8494,-11.7288,10.2264,-5.2623,6.7351,-5.3807,0.4659,0.5757,-11.3345,4
-10.8304,-0.3998,-13.316,12.9678,-3.4597,6.6707,-4.8283,-2.6034,1.9898,-7.081,4
-11.9793,3.1413,-13.1525,12.7214,-8.7228,7.1312,-6.8946,-0.2445,-1.4203,-8.1101,4
-10.4574,-0.1294,-12.858,13.2486,-7.7849,3.6984,-8.2216,0.3355,-0.5609,-9.2104,4
-11.5795,-0.7477,-12.3986,10.8001,-10.0086,4.5376,-6.7586,0.7844,0.0309,-8.8236,4
-12.7982,-1.6202,-13.0437,12.2099,-9.0172,3.4479,-6.2079,-1.1124,0.9694,-9.8335,4
-12.7145,0.8304,-15.4989,14.1481,-7.5643,3.8862,-4.8396,0.6537,2.5411,-12.456,4
-10.5636,-0.9236,-13.912,12.1474,-5.2167,2.0849,-3.2275,1.6617,1.6295,-11.6047,4
-13.847,-0.9861,-13.0157,12.2706,-6.3692,2.6806,-5.5821,2.2451,3.5791,-11.3353,4
-11.8667,-0.6559,-14.9079,13.6413,-2.9294,3.2051,-5.0115,1.0453,1.8768,-7.4549,4
-10.7789,-3.3491,-16.1236,10.6792,-8.3594,4.6663,-5.9707,-2.1331,-1.0117,-12.6328,4
-13.6699,1.3421,-14.374,10.8506,-10.113,3.3564,-4.7379,1.3155,1.0226,-9.8549,4
-13.9957,-1.3088,-13.135,11.2674,-4.8014,6.684,-6.3293,0.204,4.7359,-8.1836,4
-11.2334,0.1339,-13.745,12.2542,-8.8431,4.2722,-7.8027,1.6893,1.2026,-8.2911,4
-13.2505,1.9884,-12.0218,9.918,-7.9954,4.2797,-7.8055,0.2122,2.2384,-10.1585,4
-13.9082,1.014,-15.1559,11.2502,-4.7147,5.4706,-6.8623,-1.1816,2.8501,-8.1088,4
-12.0989,-2.0332,-13.3899,13.1705,-7.7957,3.2209,-5.6115,1.2947,0.6707,-9.0615,4
-10.7974,1.5735,-14.5994,10.5707,-7.3376,7.4069,-8.2934,-2.8675,1.2393,-10.0233,4
-11.6514,-0.5131,-12.46,12.2159,-6.0072,1.1594,-6.4422,-0.6209,-2.0257,-9.2993,4
-11.4893,-0.8453,-14.1573,12.4347,-5.717,5.8395,-5.1558,4.0629,0.3392,-11.4942,4
-9.5776,2.6556,-14.9211,14.3463,-8.0368,5.7528,-4.6883,-0.3445,4.1714,-6.512,4
-12.8707,0.1569,-12.5966,9.4557,-7.1973,2.3959,-4.6474,0.731,0.8407,-11.8047,4
-12.2368,0.6341,-14.0298,14.0684,-5.545,6.5036,-6.4553,1.0445,-0.0465,-11.3443,4
-9.5661,-1.9245,-15.9093,12.4374,-7.6426,4.5993,-2.1902,-0.8897,2.1439,-9.3243,4
-9.8248,-1.3234,-14.305,12.4508,-9.3873,2.1673,-5.6799,2.6085,0.873,-9.777,4
-9.6128,-0.3679,-12.803,16.2793,-8.1022,4.6101,-5.0543,2.8395,1.2286,-8.3605,4
-10.817,-0.2531,-14.599,11.3658,-2.6383,2.5641,-7.8181,0.9692,1.7062,-8.8148,4
-12.6507,-1.6844,-14.3966,13.641,-8.7632,5.1024,-6.4171,-1.6847,-0.5208,-8.0888,4
-12.2446,1.721,-14.0242,10.2279,-6.5208,3.6737,-6.2139,2.3011,-0.5332,-10.1288,4
-12.9642,-1.9302,-14.6781,10.9933,-7.6475,5.8339,-6.775,-1.6002,2.3635,-10.5907,4
-8.5972,-0.7582,-14.1723,8.8235,-8.9792,1.457,-5.2075,0.4793,2.3465,-8.2433,4
-9.8966,-0.4823,-13.8402,13.148,-8.4287,3.4686,-3.3386,-2.1072,2.1513,-8.9425,4
-13.0238,-1.1465,-14.5036,12.6046,-6.7091,4.8293,-5.3661,1.5912,2.3212,-7.1529,4
-9.7741,-0.118,-13.0073,12.9153,-6.99,3.5728,-5.4053,-2.4958,3.0098,-8.9288,4
-11.5776,-0.7758,-12.9866,15.0359,-6.674,7.729,-4.4721,-0.6061,2.1329,-8.8693,4
-12.5478,-0.7563,-14.6097,12.43,-7.6567,5.2787,-5.0026,2.5035,2.225,-10.5073,4
-8.1722,-1.1879,-14.5497,13.1759,-2.8937,5.478,-6.611,-1.8569,-1.1574,-9.4379,4
-10.5217,-2.2744,-13.6354,10.3093,-8.6232,5.8233,-6.7701,2.5672,0.5247,-7.7902,4
-7.941,-1.2632,-10.2693,12.2998,-8.1855,4.4316,-6.2538,2.7047,3.3781,-7.4954,4
-13.288,0.1393,-16.2929,13.7963,-7.9621,5.6303,-6.4015,-2.0317,2.729,-8.0108,4
-11.1298,-3.3118,-12.8428,11.1732,-6.4617,4.1398,-6.2306,1.3485,0.17,-9.7044,4
-10.5745,3.105,-14.08,13.5388,-8.9943,7.4176,-6.8607,0.4038,2.1681,-10.6242,4
-9.7175,-1.1374,-12.7224,13.8812,-6.369,5.9383,-1.8524,1.2269,1.5661,-8.95,4
-9.4319,3.3492,-14.218,10.911,-5.4928,2.831,-5.262,1.059,1.2403,-9.5272,4
-13.8176,-1.4471,-12.5627,9.2177,-7.3656,4.4068,-8.6373,3.1406,-0.1441,-8.631,4
-12.0422,-1.412,-14.3223,11.7451,-7.5167,3.6952,-7.1696,2.1087,1.4117,-9.5448,4
-12.6761,2.2169,-14.0995,9.436,-6.8229,3.7294,-4.2824,2.1597,2.7857,-10.1465,4
-11.5082,0.2282,-12.6294,10.723,-7.0965,7.6776,-6.4518,0.5629,5.3215,-9.8162,4
-13.647,-0.2308,-11.459,13.8647,-8.7061,5.4988,-5.9124,1.8201,0.4782,-8.7126,4
-8.4735,-4.0632,-13.079,14.2582,-9.5711,3.7948,-6.2392,-0.4943,0.1926,-10.0165,4
-10.0613,2.0868,-12.0144,13.7703,-4.4884,7.9227,-5.3996,2.7485,2.0372,-9.7787,4
-11.4135,1.3741,-11.77,13.1503,-7.8307,4.1415,-8.4286,1.1434,1.8406,-11.0213,4
-10.6292,0.5398,-16.1939,11.797,-5.123,3.9259,-5.6222,0.8427,1.3618,-8.4213,4
-9.936,1.7522,-14.4386,13.0654,-5.9769,4.6982,-6.7274,0.8174,0.4927,-10.5107,4
-11.0087,-0.4272,-13.7051,9.9528,-7.4999,1.4853,-7.2169,0.4686,3.221,-8.6491,4
-11.2034,-0.7098,-14.3442,14.2383,-8.8961,3.7874,-4.0485,0.0861,4.3099,-8.4183,4
-9.6064,-2.5831,-12.3792,11.0055,-6.163,4.3301,-5.3145,-1.0573,-1.1796,-9.2285,4
-11.7796,-1.4854,-16.4914,8.267,-6.4513,4.4931,-6.5545,0.9213,2.9229,-9.05,4
-12.0035,3.054,-14.922,10.1652,-7.0869,4.4923,-4.228,-0.1874,1.1536,-10.753,4
-10.1274,0.0707,-14.3811,12.0546,-7.2686,2.7196,-3.9046,2.2581,1.4623,-9.5537,4
-12.8338,2.4463,-11.7402,12.8712,-6.0065,6.7214,-4.1075,-0.6823,0.9346,-8.7521,4
-11.0339,0.9849,-13.0028,12.6501,-11.1422,6.6349,-4.3901,3.7059,0.6851,-12.2187,4
-11.6095,0.5403,-14.6314,14.3373,-8.2268,4.7243,-6.0177,4.7635,0.0422,-8.5788,4
-13.1407,0.3698,-15.4,13.9295,-5.8744,5.2829,-7.7358,0.5222,0.9451,-8.2088,4
-12.6926,1.5879,-12.5173,10.218,-7.566,4.7987,-4.1397,-0.4282,1.7127,-7.8058,4
-10.9619,-2.9307,-14.7101,13.636,-6.0675,1.5016,-5.3476,2.021,2.2097,-8.474,4
-8.2454,-0.2099,-13.5112,10.8704,-8.1886,4.3777,-4.3741,-0.5194,3.2532,-11.0941,4
-10.3794,0.6834,-13.5821,13.7566,-8.3504,4.1765,-7.0937,0.6156,1.2214,-8.1697,4
-10.7586,0.8894,-14.264,12.8881,-4.5175,2.8574,-8.4073,1.5574,0.1285,-11.527,4
-10.538,-1.6513,-11.6598,12.5143,-7.5405,3.6433,-5.3259,-1.7843,-2.3011,-11.7856,4
-9.6331,-1.5309,-16.1201,12.1464,-3.8996,6.5135,-6.8493,-0.6257,0.2074,-10.8198,4
-10.5232,-0.6486,-15.6381,10.2752,-3.7851,5.9838,-6.9328,2.4206,-0.3273,-9.66,4
-11.7087,0.1288,-15.3815,12.4723,-9.8592,4.3106,-3.6458,2.1401,0.3573,-11.7433,4
-14.6136,0.7815,-13.5508,12.8581,-4.7007,5.105,-5.3065,-1.494,3.8372,-9.7003,4
-12.5642,0.1671,-10.9679,15.4824,-8.6922,6.6387,-5.1451,2.0834,1.8164,-8.532,4
-9.3569,-2.7684,-13.4278,10.5253,-7.932,4.8771,-7.1604,-0.27,-0.6998,-10.3443,4
-10.5711,1.1535,-15.1224,14.2713,-6.3705,7.0258,-8.3048,1.0689,2.3181,-12.0322,4
-7.7175,-1.0995,-13.1526,13.6697,-7.0848,6.9544,-2.6558,-1.0624,1.5755,-8.0809,4
-13.7884,1.4517,-11.4085,14.2054,-6.5789,7.1849,-5.1125,-1.3774,0.6185,-9.8378,4
-11.4348,-0.286,-14.4757,12.6079,-4.9802,5.1968,-4.7056,-2.6888,1.5903,-7.8241,4
-9.4686,1.573,-13.5132,12.9005,-8.2457,6.1432,-6.6498,1.6234,1.4636,-9.432,4
-9.837,0.6971,-13.5444,11.533,-4.8331,5.3751,-4.5276,0.7235,0.3607,-8.9219,4
-12.2325,0.512,-18.8663,11.6784,-7.2581,3.444,-5.103,-0.0313,1.3924,-10.2817,4
-9.881,0.6743,-13.5215,12.3726,-3.4407,4.6396,-6.694,-1.1576,2.7593,-7.0075,4
-12.6109,-0.572,-14.5075,12.0935,-9.8883,6.0858,-3.8633,-2.2548,4.0382,-7.0281,4
-15.9436,-3.4047,-14.1677,14.2537,-6.8019,4.9077,-4.7882,-0.6101,3.3173,-9.6098,4
-13.7884,-1.3379,-13.4148,11.8451,-7.8265,5.1801,-5.1107,-1.2435,3.2365,-9.651,4
-10.7093,0.0014,-14.5835,13.6471,-7.1148,4.9856,-9.3817,1.832,1.1455,-8.322,4
-8.8714,1.0904,-13.8871,11.85,-3.448,5.6007,-5.3342,0.3276,0.0565,-12.3804,4
-9.0571,-1.3138,-14.2538,12.1205,-5.0869,3.7262,-5.2626,1.3703,-0.6754,-11.6721,4
-12.4114,0.2208,-13.7936,12.101,-6.258,3.5905,-5.9045,0.4317,0.1566,-6.0018,4
-14.5795,1.7163,-12.7682,13.492,-7.0928,6.876,-6.3212,1.1907,1.5111,-9.8028,4
-11.1561,-1.5678,-14.9644,14.6501,-2.9142,5.6556,-4.3983,0.9801,2.0839,-8.6387,4
-9.7857,2.1607,-15.295,16.5213,-7.0292,5.0836,-6.268,-0.0116,2.3259,-8.4986,4
-10.491,-0.8269,-18.0201,9.5863,-7.2167,5.3795,-6.2782,-0.4373,1.8463,-9.6158,4
-12.0536,-2.568,-15.2342,13.6785,-8.6805,5.8712,-3.5691,-0.5846,0.7343,-7.9733,4
-9.4896,-1.1119,-16.4003,14.1619,-6.3608,5.4766,-4.2753,-1.1756,1.9881,-9.8823,4
-10.4347,1.0539,-12.5035,13.1775,-6.8606,5.3019,-5.0985,-0.3344,0.8456,-8.8509,4
-10.3631,-1.1212,-15.5833,9.7667,-9.1286,4.0663,-6.3186,0.1778,-0.4062,-12.1732,4
-11.149,0.0458,-13.0363,13.5022,-6.6481,5.0477,-4.3347,2.7381,0.3863,-8.299,4
-12.2751,0.1839,-12.364,11.8691,-8.6647,4.1869,-7.0782,-1.0093,3.2112,-8.6558,4
-12.4182,-1.6213,-15.3415,11.2,-5.5076,4.7105,-2.4512,0.5424,0.5378,-8.0627,4
-13.8441,0.138,-15.7866,9.0064,-7.4131,6.1278,-5.3278,0.7426,-2.4969,-9.6868,4
-11.5566,0.7872,-15.5555,13.5241,-8.0007,4.4267,-4.8568,-1.1821,2.6376,-11.4863,4
-10.3561,-0.4979,-14.199,7.6819,-8.1227,4.5603,-3.3257,0.5482,0.4219,-8.2039,4
-12.0966,1.4036,-13.5763,10.9303,-5.8298,5.7772,-4.3051,0.3289,2.303,-6.5736,4
-11.0818,-0.7427,-11.6524,13.2803,-7.9123,7.4784,-7.4538,1.3958,3.121,-7.8467,4
-12.6888,-2.0055,-13.6241,13.3367,-8.8535,5.3283,-7.8349,2.1933,0.5444,-9.7004,4
-10.0424,1.0121,-13.2574,13.8238,-6.623,7.047,-8.2148,0.5127,1.2482,-9.7828,4
-10.5927,0.1763,-12.7311,10.5038,-3.7983,4.2892,-5.2185,0.2927,1.5229,-10.2567,4
-11.0301,0.7255,-17.5709,11.7868,-7.7865,8.3573,-4.3586,2.8521,2.2385,-9.3308,4
-10.7926,1.5398,-11.3432,12.7327,-8.171,6.2625,-6.9284,1.1876,2.4233,-9.6165,4
-12.6961,-0.8265,-14.443,10.6992,-7.8157,2.6977,-4.762,1.1021,1.7999,-10.0332,4
-11.7169,-1.3881,-13.2106,10.2429,-7.111,3.9251,-3.0127,1.3922,1.4006,-11.1134,4
-13.3841,0.599,-11.2702,12.893,-6.9737,5.1603,-5.4941,0.907,0.3736,-10.9147,4
-11.175,2.0954,-12.8028,10.4295,-7.6194,5.9692,-3.3734,3.289,1.0852,-8.218,4
-10.9649,-0.3243,-13.8748,12.3915,-5.4739,2.769,-4.9464,2.9112,3.549,-8.6009,4
-12.4744,1.0205,-11.9809,11.5069,-6.7002,4.5678,-6.5696,0.1293,1.5941,-10.8317,4
-12.962,-1.4791,-13.4765,10.0809,-10.5621,6.9344,-7.1685,0.311,2.7847,-11.6118,4
-13.498,-1.0936,-12.5264,12.2471,-7.2487,4.4325,-4.8055,2.7498,5.8773,-9.6765,4
-9.0499,1.3542,-13.5679,8.9646,-7.8034,4.3683,-5.1105,0.3058,0.5565,-6.4094,4
-9.3766,-3.1789,-14.39,13.226,-5.2402,4.2457,-5.9717,0.7442,2.3941,-11.7577,4
-14.3619,1.7371,-15.4535,15.4636,-8.532,4.5982,-5.0958,-2.5959,5.6979,-10.0469,4
-12.5966,-1.8942,-13.4257,12.7159,-8.9355,2.8178,-4.0658,-0.3815,-1.1802,-9.6762,4
-11.9414,2.7804,-14.7516,11.8173,-6.9074,4.0194,-4.9872,-0.9233,1.0423,-8.8441,4
-9.6324,-1.024,-14.8655,14.5915,-8.0643,4.7906,-3.0795,0.7032,1.0297,-9.7141,4
-12.4495,0.5315,-15.3544,13.4474,-7.2138,5.2289,-3.0541,-1.5716,1.4379,-8.4972,4
-12.2632,1.282,-14.7854,12.717,-7.4218,5.1183,-5.5377,0.5541,0.6911,-10.4514,4
-10.8649,-0.0656,-15.0065,12.7947,-7.9304,7.2088,-1.9149,2.6856,3.4013,-8.2331,4
-11.6536,-2.9933,-15.5059,11.2645,-5.425,5.2599,-6.638,-2.1657,4.8785,-8.6544,4
-9.9761,-0.9482,-14.1763,11.7638,-7.1401,7.6443,-7.4551,0.5401,1.9426,-9.6296,4
-9.8459,-2.7482,-11.1427,10.2238,-8.9318,4.2015,-6.62,1.2388,1.8643,-9.284,4
-13.4657,-0.3539,-13.9387,14.128,-6.9374,5.4497,-2.7049,-1.1381,0.8191,-11.1581,4
-8.9291,2.3676,-11.6756,13.1007,-6.6658,4.1886,-4.4945,-1.32,-0.5259,-10.0842,4
-8.5084,-0.9149,-14.5359,12.7113,-5.8887,6.7537,-7.3292,0.457,1.7381,-8.9672,4
-10.0402,1.0854,-13.9301,14.0082,-5.7834,6.2082,-6.4419,1.6714,3.2067,-10.2251,4
-11.1415,2.2024,-13.3736,12.1478,-5.0442,4.1699,-8.1929,-0.5667,3.1053,-8.6733,4
-11.2367,1.447,-13.7181,11.9461,-5.9839,4.3026,-4.9133,-0.5901,-0.1805,-10.753,4
-11.3779,-1.1166,-14.8982,12.0494,-7.3449,2.5491,-9.4323,1.202,1.6101,-11.5097,4
-10.6844,0.507,-14.4217,15.2187,-5.3328,4.2771,-6.2193,-1.5848,3.2384,-9.0841,4
-10.1043,-3.3456,-12.8021,11.5151,-6.3601,5.6575,-5.6796,-0.444,1.9996,-10.7082,4
-9.763,-1.2272,-13.9342,11.1609,-6.9985,3.328,-6.8624,4.0438,2.6676,-8.9002,4
-10.5677,0.3138,-14.1017,13.4147,-8.4771,7.269,-5.4682,1.8046,3.7614,-8.7176,4
-12.5546,1.6846,-11.4241,9.3598,-7.3894,5.3128,-6.0448,-1.2669,0.0767,-12.2281,4
-9.9062,1.9156,-11.9289,12.2353,-6.8287,6.4806,-5.998,-0.8219,0.5452,-9.191,4
-12.4093,0.5653,-16.001,11.9156,-6.6283,5.0744,-6.7513,1.7046,1.795,-12.5879,4
-10.6559,-0.778,-14.7558,11.0347,-8.7411,5.1855,-4.8296,0.8318,2.8255,-8.5823,4
-14.3493,-1.5195,-12.1857,10.3755,-11.3391,7.6228,-5.2037,-0.4225,0.1287,-8.5103,4
-10.6219,0.3461,-14.2515,10.3587,-7.2905,6.4734,-6.4616,1.5036,0.7944,-8.2525,4
-12.8088,-0.1242,-13.2836,11.2664,-6.6927,4.8313,-5.7149,-0.4146,2.8973,-10.8721,4
-10.9192,-1.4185,-14.0676,13.2439,-7.6699,0.2614,-7.6657,-2.635,1.5032,-9.4619,4
-11.8648,-1.0844,-13.6366,10.1086,-5.8025,4.9883,-7.0659,-0.0256,1.2043,-11.5255,4
-10.3325,1.3035,-13.7922,13.6904,-3.2616,2.0581,-5.5708,-1.4126,3.7424,-9.0849,4
-12.386,-0.5352,-11.9639,12.958,-6.3682,7.1078,-4.2171,2.2881,1.2118,-12.8352,4
-11.1835,-1.1414,-12.7855,9.6241,-5.9942,5.1585,-5.118,1.5302,1.3586,-9.9538,4
-9.6364,0.745,-12.9351,12.1558,-7.0723,4.8558,-8.2649,-1.4696,1.2165,-12.2705,4
-11.5041,-1.4861,-14.0823,12.5346,-10.0239,5.3633,-6.323,-2.8822,0.71,-8.8849,4
-11.9474,-0.8447,-13.7375,11.5607,-7.6373,2.886,-6.4261,3.4282,1.6689,-9.0507,4
-12.3029,-0.7367,-14.3111,13.5909,-5.4383,4.1941,-5.6838,0.2495,2.5449,-8.7515,4
-11.4738,1.3698,-13.1912,11.1229,-7.2243,4.6109,-7.1305,0.2641,3.1099,-7.812,4
-9.969,1.024,-13.6564,11.3776,-6.391,2.4062,-6.6565,2.2592,0.6632,-8.4944,4
-11.8834,0.6806,-16.2785,14.1873,-8.9105,2.8329,-3.8216,0.5978,0.9419,-7.1029,4
-10.2422,-0.8189,-14.1699,13.8905,-8.682,7.0409,-6.3137,-0.7052,3.0317,-8.3525,4
-14.0037,-0.3049,-15.6261,13.4771,-4.6572,5.6822,-6.7882,1.937,1.3258,-9.565,4
-12.0668,0.0123,-14.0748,8.6733,-7.1978,4.6692,-5.1284,-2.4081,2.1693,-9.4115,4
-10.5961,-2.5884,-15.8204,9.4671,-7.0171,4.3581,-5.8647,-1.4866,-0.4134,-13.1985,4
-13.3572,-1.1197,-14.8659,12.1782,-6.0942,3.8422,-4.9155,1.7694,3.1264,-8.7197,4
-11.2289,-1.7647,-13.5596,11.7152,-5.1719,5.0126,-5.8886,2.7259,0.6777,-9.4592,4
-8.3248,0.2547,-12.2806,14.5353,-8.0644,6.2388,-6.1478,3.6619,3.5667,-8.3394,4
-9.772,-1.1881,-11.392,10.923,-6.6261,3.8047,-4.3581,3.2197,2.0786,-8.9817,4
-11.5093,0.006,-14.472,14.7296,-6.0456,4.3546,-5.5581,4.9759,1.8095,-7.2749,4
-12.2037,0.5657,-14.9051,11.4766,-6.046,3.5323,-7.4367,1.6299,0.669,-9.8744,4
-14.0405,-2.0486,-13.6373,11.9292,-5.8728,3.5261,-5.8978,0.6718,1.0951,-8.5581,4
-12.9675,0.6238,-12.2597,11.0446,-6.6356,5.4117,-4.7655,0.6043,3.5287,-6.2889,4
-10.4012,0.3262,-13.9477,10.3093,-9.3777,3.1447,-5.2501,0.3129,3.692,-13.2121,4
-11.2778,0.5054,-12.6218,12.4946,-6.6894,5.1397,-4.989,0.5731,4.5756,-8.5876,4
-11.0428,-1.2519,-14.4818,14.5448,-10.9641,4.9609,-5.6861,1.3522,1.7991,-7.1806,4
-11.1915,-0.2409,-12.5407,14.5789,-6.2063,6.393,-5.9748,0.7901,3.6299,-8.6643,4
-11.7019,-0.0959,-12.4126,13.969,-8.4998,5.4196,-5.6604,0.5037,3.3968,-9.8107,4
-12.2022,-1.3672,-14.2302,11.1767,-8.5338,3.5407,-6.8945,-0.5392,1.9999,-12.3943,4
-12.3915,-0.2949,-12.2454,11.9107,-7.4666,4.7437,-8.3842,1.5907,2.3274,-8.2326,4
